timestamp,asset_id,dome_temperature,waste_gas_temp,combustion_air_flow,shell_temperature
2026-04-01 00:00,BFS-04,1292.58,331.61,49969.04,85.4
2026-04-01 01:00,BFS-04,1257.85,323.48,48357.98,88.15
2026-04-01 02:00,BFS-04,1297.09,346.19,51341.02,96.01
2026-04-01 03:00,BFS-04,1312.42,339.1,49722.65,100.08
2026-04-01 04:00,BFS-04,1311.47,344.85,52851.95,96.53
2026-04-01 05:00,BFS-04,1337.99,350.53,51633.06,98.66
2026-04-01 06:00,BFS-04,1309.42,345.13,52193.25,96.27
2026-04-01 07:00,BFS-04,1284.58,358.26,51539.69,99.75
2026-04-01 08:00,BFS-04,1308.84,352.16,52516.94,95.18
2026-04-01 09:00,BFS-04,1297.27,341.36,50546.11,89.03
2026-04-01 10:00,BFS-04,1297.8,343.06,51202.62,94.69
2026-04-01 11:00,BFS-04,1305.85,330.01,52589.44,94.31
2026-04-01 12:00,BFS-04,1293.05,328.04,49748.97,93.01
2026-04-01 13:00,BFS-04,1270.76,317.34,49159.84,91.17
2026-04-01 14:00,BFS-04,1283.73,316.76,47443.95,85.51
2026-04-01 15:00,BFS-04,1229.55,320.55,46781.76,86.13
2026-04-01 16:00,BFS-04,1233.92,317.19,47377.82,84.63
2026-04-01 17:00,BFS-04,1239.72,322.88,48311.87,82.99
2026-04-01 18:00,BFS-04,1219.0,306.72,48632.0,81.36
2026-04-01 19:00,BFS-04,1240.47,305.43,47366.83,79.17
2026-04-01 20:00,BFS-04,1231.97,303.21,46858.23,79.0
2026-04-01 21:00,BFS-04,1243.98,310.22,46335.56,82.14
2026-04-01 22:00,BFS-04,1253.91,321.73,49367.03,81.55
2026-04-01 23:00,BFS-04,1252.74,311.82,47998.85,84.54
2026-04-02 00:00,BFS-04,1264.07,324.11,48774.27,90.07
2026-04-02 01:00,BFS-04,1288.38,331.05,50845.72,86.83
2026-04-02 02:00,BFS-04,1282.88,337.69,50610.4,93.98
2026-04-02 03:00,BFS-04,1302.89,326.35,50393.38,97.41
2026-04-02 04:00,BFS-04,1311.28,346.19,50597.42,99.82
2026-04-02 05:00,BFS-04,1299.15,337.35,53345.0,99.17
2026-04-02 06:00,BFS-04,1323.09,349.05,53367.97,98.27
2026-04-02 07:00,BFS-04,1304.47,344.11,52055.12,99.11
2026-04-02 08:00,BFS-04,1315.96,340.88,53310.26,98.28
2026-04-02 09:00,BFS-04,1317.67,344.11,52847.35,96.22
2026-04-02 10:00,BFS-04,1268.9,331.7,53669.73,99.21
2026-04-02 11:00,BFS-04,1259.75,326.27,50774.13,93.99
2026-04-02 12:00,BFS-04,1271.71,326.49,51327.21,90.29
2026-04-02 13:00,BFS-04,1274.01,324.32,48424.91,86.33
2026-04-02 14:00,BFS-04,1257.19,322.25,48791.95,87.75
2026-04-02 15:00,BFS-04,1254.63,299.27,46861.47,83.73
2026-04-02 16:00,BFS-04,1237.47,306.51,47368.18,80.03
2026-04-02 17:00,BFS-04,1217.89,297.23,49504.83,82.99
2026-04-02 18:00,BFS-04,1236.25,301.47,46737.9,83.91
2026-04-02 19:00,BFS-04,1252.38,312.14,48303.4,81.65
2026-04-02 20:00,BFS-04,1222.57,311.83,47152.04,86.08
2026-04-02 21:00,BFS-04,1242.7,310.09,49381.51,87.12
2026-04-02 22:00,BFS-04,1267.04,316.43,49024.84,87.8
2026-04-02 23:00,BFS-04,1261.44,308.01,49581.49,90.0
2026-04-03 00:00,BFS-04,1288.08,331.17,49623.14,88.18
2026-04-03 01:00,BFS-04,1292.14,332.66,51222.7,90.88
2026-04-03 02:00,BFS-04,1271.73,323.31,50782.86,98.1
2026-04-03 03:00,BFS-04,1309.53,340.49,52689.27,93.33
2026-04-03 04:00,BFS-04,1329.82,341.59,50678.83,95.56
2026-04-03 05:00,BFS-04,1323.82,340.87,52477.23,95.18
2026-04-03 06:00,BFS-04,1323.52,346.71,52737.84,102.94
2026-04-03 07:00,BFS-04,1315.11,352.15,51000.01,95.72
2026-04-03 08:00,BFS-04,1351.48,335.86,53962.18,92.52
2026-04-03 09:00,BFS-04,1342.26,336.73,53653.09,103.9
2026-04-03 10:00,BFS-04,1274.7,332.39,52257.49,92.84
2026-04-03 11:00,BFS-04,1262.45,321.28,50505.51,94.23
2026-04-03 12:00,BFS-04,1281.36,336.89,50027.48,89.4
2026-04-03 13:00,BFS-04,1249.58,324.21,47120.1,86.54
2026-04-03 14:00,BFS-04,1259.24,312.99,48015.64,80.19
2026-04-03 15:00,BFS-04,1247.51,323.29,48697.92,84.24
2026-04-03 16:00,BFS-04,1199.09,310.89,46404.76,81.12
2026-04-03 17:00,BFS-04,1246.7,313.69,46880.68,82.23
2026-04-03 18:00,BFS-04,1258.04,317.94,46135.39,82.28
2026-04-03 19:00,BFS-04,1242.47,303.19,46723.71,81.87
2026-04-03 20:00,BFS-04,1223.92,307.4,47568.1,84.92
2026-04-03 21:00,BFS-04,1252.11,318.88,48631.55,83.05
2026-04-03 22:00,BFS-04,1257.15,310.62,47958.23,83.51
2026-04-03 23:00,BFS-04,1258.91,318.11,49124.38,84.35
2026-04-04 00:00,BFS-04,1273.81,318.41,50410.98,92.07
2026-04-04 01:00,BFS-04,1288.8,328.34,50816.04,86.74
2026-04-04 02:00,BFS-04,1301.12,323.03,52293.72,90.1
2026-04-04 03:00,BFS-04,1315.03,340.52,51698.0,91.04
2026-04-04 04:00,BFS-04,1336.21,346.82,50369.0,97.15
2026-04-04 05:00,BFS-04,1282.85,349.06,52208.73,96.42
2026-04-04 06:00,BFS-04,1287.4,329.29,53062.16,97.78
2026-04-04 07:00,BFS-04,1306.93,348.94,54075.98,101.65
2026-04-04 08:00,BFS-04,1295.05,331.3,52136.47,97.76
2026-04-04 09:00,BFS-04,1315.04,328.88,50758.16,93.73
2026-04-04 10:00,BFS-04,1258.51,335.29,51801.06,94.61
2026-04-04 11:00,BFS-04,1288.04,321.03,50854.06,89.41
2026-04-04 12:00,BFS-04,1254.58,326.73,49705.81,90.18
2026-04-04 13:00,BFS-04,1288.25,323.49,50087.0,86.14
2026-04-04 14:00,BFS-04,1248.2,313.18,48619.05,83.88
2026-04-04 15:00,BFS-04,1254.09,317.65,48971.46,86.86
2026-04-04 16:00,BFS-04,1243.3,300.18,48793.86,83.34
2026-04-04 17:00,BFS-04,1247.11,308.85,48215.29,86.21
2026-04-04 18:00,BFS-04,1228.41,296.82,48592.15,83.33
2026-04-04 19:00,BFS-04,1221.93,309.96,46479.4,80.28
2026-04-04 20:00,BFS-04,1221.23,310.51,49555.36,83.46
2026-04-04 21:00,BFS-04,1251.81,293.49,48987.96,81.82
2026-04-04 22:00,BFS-04,1257.48,317.51,49486.41,79.73
2026-04-04 23:00,BFS-04,1272.53,315.86,47284.77,86.93
2026-04-05 00:00,BFS-04,1299.69,318.76,49881.53,94.86
2026-04-05 01:00,BFS-04,1310.76,327.31,49564.15,90.94
2026-04-05 02:00,BFS-04,1306.56,330.5,51799.86,98.23
2026-04-05 03:00,BFS-04,1315.58,348.27,51166.0,96.62
2026-04-05 04:00,BFS-04,1308.39,337.57,50946.82,99.15
2026-04-05 05:00,BFS-04,1314.06,334.11,51507.28,93.73
2026-04-05 06:00,BFS-04,1313.55,349.65,54539.63,98.3
2026-04-05 07:00,BFS-04,1317.64,339.15,52079.81,91.54
2026-04-05 08:00,BFS-04,1305.44,342.72,52903.82,95.94
2026-04-05 09:00,BFS-04,1301.03,338.77,49907.57,99.91
2026-04-05 10:00,BFS-04,1289.96,331.15,52162.48,92.79
2026-04-05 11:00,BFS-04,1277.34,344.61,51331.07,96.82
2026-04-05 12:00,BFS-04,1271.97,317.92,49380.47,89.48
2026-04-05 13:00,BFS-04,1276.24,334.17,49159.68,83.64
2026-04-05 14:00,BFS-04,1238.39,316.84,49271.3,80.48
2026-04-05 15:00,BFS-04,1199.81,310.19,46045.42,83.43
2026-04-05 16:00,BFS-04,1249.51,309.52,48410.82,84.92
2026-04-05 17:00,BFS-04,1225.87,298.31,47973.74,80.65
2026-04-05 18:00,BFS-04,1229.81,302.27,46309.58,79.54
2026-04-05 19:00,BFS-04,1225.38,300.82,47232.78,86.91
2026-04-05 20:00,BFS-04,1251.62,308.49,48031.15,85.51
2026-04-05 21:00,BFS-04,1276.09,309.1,48651.11,88.14
2026-04-05 22:00,BFS-04,1222.14,307.53,49911.81,89.61
2026-04-05 23:00,BFS-04,1274.73,307.42,50683.57,90.59
2026-04-06 00:00,BFS-04,1256.17,327.36,50371.63,88.93
2026-04-06 01:00,BFS-04,1331.83,335.96,50671.53,93.25
2026-04-06 02:00,BFS-04,1288.05,326.5,52202.48,96.98
2026-04-06 03:00,BFS-04,1310.89,338.25,51546.23,95.74
2026-04-06 04:00,BFS-04,1319.38,342.7,52165.51,91.42
2026-04-06 05:00,BFS-04,1272.57,343.51,52861.74,97.17
2026-04-06 06:00,BFS-04,1352.3,340.13,52788.39,92.79
2026-04-06 07:00,BFS-04,1315.02,342.96,52995.98,96.16
2026-04-06 08:00,BFS-04,1344.37,343.51,51391.32,95.1
2026-04-06 09:00,BFS-04,1286.91,343.08,52404.93,92.19
2026-04-06 10:00,BFS-04,1323.51,335.32,50534.34,97.44
2026-04-06 11:00,BFS-04,1258.04,330.05,51243.53,88.32
2026-04-06 12:00,BFS-04,1312.04,320.96,51791.46,86.9
2026-04-06 13:00,BFS-04,1256.26,313.38,48642.19,86.3
2026-04-06 14:00,BFS-04,1258.38,313.66,47304.22,82.94
2026-04-06 15:00,BFS-04,1261.27,303.97,47804.5,84.04
2026-04-06 16:00,BFS-04,1233.78,314.01,46934.54,82.99
2026-04-06 17:00,BFS-04,1242.19,307.57,48243.16,82.72
2026-04-06 18:00,BFS-04,1235.32,302.22,47791.22,86.48
2026-04-06 19:00,BFS-04,1240.5,311.34,47443.07,85.45
2026-04-06 20:00,BFS-04,1249.01,311.43,49447.22,84.63
2026-04-06 21:00,BFS-04,1242.95,307.81,45916.32,83.09
2026-04-06 22:00,BFS-04,1269.25,317.53,50506.44,86.96
2026-04-06 23:00,BFS-04,1266.85,337.66,47006.31,91.44
2026-04-07 00:00,BFS-04,1274.17,315.93,51364.16,92.82
2026-04-07 01:00,BFS-04,1255.99,336.32,52871.92,89.24
2026-04-07 02:00,BFS-04,1301.05,332.58,51960.07,91.87
2026-04-07 03:00,BFS-04,1286.77,344.4,52472.31,90.67
2026-04-07 04:00,BFS-04,1292.8,348.71,54296.04,99.64
2026-04-07 05:00,BFS-04,1327.26,361.14,52499.28,94.96
2026-04-07 06:00,BFS-04,1315.67,345.82,51356.78,99.12
2026-04-07 07:00,BFS-04,1309.53,344.51,51606.97,94.78
2026-04-07 08:00,BFS-04,1314.95,330.49,52595.03,98.11
2026-04-07 09:00,BFS-04,1292.4,337.36,51767.16,94.44
2026-04-07 10:00,BFS-04,1298.72,350.32,52474.46,93.86
2026-04-07 11:00,BFS-04,1275.45,331.45,50305.9,95.2
2026-04-07 12:00,BFS-04,1263.99,316.78,50425.41,88.99
2026-04-07 13:00,BFS-04,1275.91,321.71,48223.55,91.48
2026-04-07 14:00,BFS-04,1277.63,319.29,47281.93,87.63
2026-04-07 15:00,BFS-04,1239.76,310.3,47360.06,87.55
2026-04-07 16:00,BFS-04,1228.79,295.72,47693.79,85.36
2026-04-07 17:00,BFS-04,1289.83,309.32,48905.91,82.55
2026-04-07 18:00,BFS-04,1246.12,317.12,47119.71,78.46
2026-04-07 19:00,BFS-04,1211.76,297.79,46713.8,81.47
2026-04-07 20:00,BFS-04,1239.91,302.59,46546.58,82.18
2026-04-07 21:00,BFS-04,1221.19,304.59,47004.08,77.08
2026-04-07 22:00,BFS-04,1217.8,319.9,48400.53,89.81
2026-04-07 23:00,BFS-04,1252.19,325.65,50074.13,87.38
2026-04-08 00:00,BFS-04,1271.05,328.06,51167.65,90.47
2026-04-08 01:00,BFS-04,1277.43,339.55,51296.48,91.63
2026-04-08 02:00,BFS-04,1302.03,338.72,51941.92,98.54
2026-04-08 03:00,BFS-04,1312.11,332.58,53432.21,101.44
2026-04-08 04:00,BFS-04,1294.41,346.68,53110.88,95.32
2026-04-08 05:00,BFS-04,1300.74,321.47,51421.84,97.76
2026-04-08 06:00,BFS-04,1340.71,352.34,52745.23,97.37
2026-04-08 07:00,BFS-04,1290.06,347.56,51540.55,103.93
2026-04-08 08:00,BFS-04,1309.49,332.27,52440.49,100.89
2026-04-08 09:00,BFS-04,1292.67,333.99,51860.63,102.64
2026-04-08 10:00,BFS-04,1320.93,346.6,51333.75,88.05
2026-04-08 11:00,BFS-04,1318.92,328.17,52673.84,87.36
2026-04-08 12:00,BFS-04,1281.65,322.56,50964.06,93.61
2026-04-08 13:00,BFS-04,1251.35,315.78,47500.94,86.28
2026-04-08 14:00,BFS-04,1267.2,323.63,47801.61,89.75
2026-04-08 15:00,BFS-04,1231.46,314.11,48437.98,81.82
2026-04-08 16:00,BFS-04,1224.2,314.07,49521.72,86.0
2026-04-08 17:00,BFS-04,1252.72,307.69,46250.72,84.77
2026-04-08 18:00,BFS-04,1227.39,302.38,47949.36,85.92
2026-04-08 19:00,BFS-04,1188.51,297.75,47587.2,80.47
2026-04-08 20:00,BFS-04,1242.02,314.29,47118.05,82.93
2026-04-08 21:00,BFS-04,1248.39,305.54,46831.91,84.46
2026-04-08 22:00,BFS-04,1257.27,316.09,49853.71,85.38
2026-04-08 23:00,BFS-04,1264.01,320.99,49992.23,85.49
2026-04-09 00:00,BFS-04,1246.84,334.9,50311.11,90.39
2026-04-09 01:00,BFS-04,1301.24,318.84,50252.14,91.91
2026-04-09 02:00,BFS-04,1281.11,322.39,49907.44,100.58
2026-04-09 03:00,BFS-04,1309.28,336.4,52888.3,96.79
2026-04-09 04:00,BFS-04,1302.09,337.31,51800.23,100.44
2026-04-09 05:00,BFS-04,1326.92,337.97,50765.23,98.75
2026-04-09 06:00,BFS-04,1332.6,336.84,54192.87,92.22
2026-04-09 07:00,BFS-04,1301.84,334.91,53325.92,98.14
2026-04-09 08:00,BFS-04,1303.87,336.71,53019.78,94.52
2026-04-09 09:00,BFS-04,1291.77,333.91,54002.74,97.87
2026-04-09 10:00,BFS-04,1318.05,326.42,51333.82,90.67
2026-04-09 11:00,BFS-04,1292.83,332.82,52424.09,92.6
2026-04-09 12:00,BFS-04,1274.47,316.27,49200.27,87.59
2026-04-09 13:00,BFS-04,1259.58,321.7,50175.59,92.0
2026-04-09 14:00,BFS-04,1229.08,307.96,48664.46,89.26
2026-04-09 15:00,BFS-04,1222.7,310.35,48833.58,85.51
2026-04-09 16:00,BFS-04,1240.84,313.97,50127.64,80.64
2026-04-09 17:00,BFS-04,1221.86,317.82,48021.82,85.18
2026-04-09 18:00,BFS-04,1239.4,305.38,47109.8,82.16
2026-04-09 19:00,BFS-04,1266.73,307.86,48067.89,81.69
2026-04-09 20:00,BFS-04,1256.21,314.84,48323.77,83.51
2026-04-09 21:00,BFS-04,1244.09,306.21,46749.1,84.32
2026-04-09 22:00,BFS-04,1266.92,322.11,47926.34,85.02
2026-04-09 23:00,BFS-04,1272.56,323.78,50678.68,90.06
2026-04-10 00:00,BFS-04,1271.03,330.63,52428.85,92.33
2026-04-10 01:00,BFS-04,1296.51,324.87,51282.55,94.27
2026-04-10 02:00,BFS-04,1249.92,333.07,51915.23,95.1
2026-04-10 03:00,BFS-04,1318.79,338.08,51979.95,97.49
2026-04-10 04:00,BFS-04,1328.73,346.28,52594.91,97.54
2026-04-10 05:00,BFS-04,1287.12,346.15,52111.3,95.65
2026-04-10 06:00,BFS-04,1319.89,344.91,52732.31,98.62
2026-04-10 07:00,BFS-04,1284.86,343.85,51796.58,96.81
2026-04-10 08:00,BFS-04,1303.46,337.03,53110.92,95.17
2026-04-10 09:00,BFS-04,1291.61,335.25,52609.24,90.69
2026-04-10 10:00,BFS-04,1289.61,326.95,51349.32,87.74
2026-04-10 11:00,BFS-04,1290.07,343.71,50668.69,93.42
2026-04-10 12:00,BFS-04,1253.19,324.1,51024.33,89.92
2026-04-10 13:00,BFS-04,1251.64,328.45,47795.74,89.59
2026-04-10 14:00,BFS-04,1225.89,316.15,47382.56,85.07
2026-04-10 15:00,BFS-04,1211.26,321.59,49068.75,87.02
2026-04-10 16:00,BFS-04,1269.34,314.34,45688.04,83.65
2026-04-10 17:00,BFS-04,1201.18,305.33,47697.8,82.35
2026-04-10 18:00,BFS-04,1232.8,298.99,48408.9,85.95
2026-04-10 19:00,BFS-04,1238.68,311.58,46710.58,86.4
2026-04-10 20:00,BFS-04,1252.1,312.63,48503.44,81.46
2026-04-10 21:00,BFS-04,1247.78,302.54,47787.04,85.16
2026-04-10 22:00,BFS-04,1251.0,325.32,48616.43,82.62
2026-04-10 23:00,BFS-04,1265.04,315.54,49895.9,87.87
2026-04-11 00:00,BFS-04,1233.02,316.83,50077.62,82.54
2026-04-11 01:00,BFS-04,1266.09,326.57,50343.0,89.94
2026-04-11 02:00,BFS-04,1281.26,327.81,51668.67,87.84
2026-04-11 03:00,BFS-04,1314.66,337.12,53468.91,92.44
2026-04-11 04:00,BFS-04,1325.77,323.64,51906.63,94.47
2026-04-11 05:00,BFS-04,1327.42,336.41,52109.24,92.57
2026-04-11 06:00,BFS-04,1318.53,363.52,51998.47,95.47
2026-04-11 07:00,BFS-04,1290.58,334.17,51434.92,94.82
2026-04-11 08:00,BFS-04,1319.6,342.5,51363.75,99.95
2026-04-11 09:00,BFS-04,1261.15,337.35,51769.76,94.49
2026-04-11 10:00,BFS-04,1292.56,331.66,51899.78,92.74
2026-04-11 11:00,BFS-04,1267.98,327.62,49414.41,92.47
2026-04-11 12:00,BFS-04,1286.08,324.16,51003.58,88.67
2026-04-11 13:00,BFS-04,1258.52,322.21,48150.63,84.92
2026-04-11 14:00,BFS-04,1243.08,308.48,47854.64,84.02
2026-04-11 15:00,BFS-04,1210.74,307.89,47276.72,83.25
2026-04-11 16:00,BFS-04,1203.29,309.01,48108.82,82.16
2026-04-11 17:00,BFS-04,1221.24,306.39,47864.03,82.73
2026-04-11 18:00,BFS-04,1221.73,301.11,46503.37,82.04
2026-04-11 19:00,BFS-04,1242.3,316.56,47610.83,83.73
2026-04-11 20:00,BFS-04,1236.59,310.6,48580.88,81.76
2026-04-11 21:00,BFS-04,1261.19,311.49,47120.27,81.58
2026-04-11 22:00,BFS-04,1249.17,314.84,49323.29,87.97
2026-04-11 23:00,BFS-04,1234.34,316.77,48820.41,90.49
2026-04-12 00:00,BFS-04,1274.69,342.5,48949.17,92.5
2026-04-12 01:00,BFS-04,1291.75,336.45,50979.64,89.64
2026-04-12 02:00,BFS-04,1280.86,326.25,52076.74,96.5
2026-04-12 03:00,BFS-04,1293.63,335.53,50210.78,99.1
2026-04-12 04:00,BFS-04,1320.57,337.56,54364.38,94.82
2026-04-12 05:00,BFS-04,1331.89,340.38,52623.43,98.29
2026-04-12 06:00,BFS-04,1312.15,337.69,51611.4,96.94
2026-04-12 07:00,BFS-04,1337.33,342.54,53201.18,95.83
2026-04-12 08:00,BFS-04,1324.22,349.77,51068.32,98.77
2026-04-12 09:00,BFS-04,1314.33,334.34,50053.54,94.33
2026-04-12 10:00,BFS-04,1288.35,338.26,52433.31,93.56
2026-04-12 11:00,BFS-04,1270.11,327.11,49010.09,97.45
2026-04-12 12:00,BFS-04,1261.36,325.38,48528.25,93.83
2026-04-12 13:00,BFS-04,1252.86,329.33,49417.73,82.9
2026-04-12 14:00,BFS-04,1249.96,321.31,49604.8,86.37
2026-04-12 15:00,BFS-04,1218.41,300.99,49697.71,81.24
2026-04-12 16:00,BFS-04,1266.63,315.16,48993.69,81.42
2026-04-12 17:00,BFS-04,1238.69,311.19,48034.16,80.41
2026-04-12 18:00,BFS-04,1233.98,319.52,48316.11,83.97
2026-04-12 19:00,BFS-04,1226.81,308.87,47456.0,84.13
2026-04-12 20:00,BFS-04,1242.62,304.31,47963.56,85.32
2026-04-12 21:00,BFS-04,1235.17,308.19,46821.01,87.04
2026-04-12 22:00,BFS-04,1260.67,314.59,49078.73,83.14
2026-04-12 23:00,BFS-04,1262.38,321.38,47560.19,82.96
2026-04-13 00:00,BFS-04,1295.61,337.11,50263.91,87.68
2026-04-13 01:00,BFS-04,1287.25,326.67,50749.96,90.09
2026-04-13 02:00,BFS-04,1280.95,340.55,52793.19,93.68
2026-04-13 03:00,BFS-04,1283.71,336.83,50268.55,91.81
2026-04-13 04:00,BFS-04,1312.99,340.37,51695.0,98.18
2026-04-13 05:00,BFS-04,1294.99,342.25,52522.87,94.22
2026-04-13 06:00,BFS-04,1350.32,332.58,50432.82,95.16
2026-04-13 07:00,BFS-04,1320.2,335.43,54335.07,95.59
2026-04-13 08:00,BFS-04,1297.2,337.34,52198.6,92.76
2026-04-13 09:00,BFS-04,1299.5,352.94,52778.73,98.89
2026-04-13 10:00,BFS-04,1246.97,333.0,51884.2,92.24
2026-04-13 11:00,BFS-04,1267.14,320.86,49808.18,93.28
2026-04-13 12:00,BFS-04,1295.63,315.2,50448.55,87.93
2026-04-13 13:00,BFS-04,1248.76,320.07,48974.65,87.07
2026-04-13 14:00,BFS-04,1276.45,321.37,48975.87,86.19
2026-04-13 15:00,BFS-04,1245.85,311.4,48796.78,85.12
2026-04-13 16:00,BFS-04,1228.38,318.79,46076.77,80.33
2026-04-13 17:00,BFS-04,1244.27,309.32,46417.63,78.38
2026-04-13 18:00,BFS-04,1239.92,306.04,47098.5,84.83
2026-04-13 19:00,BFS-04,1236.75,313.3,46379.6,83.2
2026-04-13 20:00,BFS-04,1224.79,302.89,47722.38,78.98
2026-04-13 21:00,BFS-04,1241.04,317.74,46857.68,84.18
2026-04-13 22:00,BFS-04,1234.78,322.48,48634.27,84.61
2026-04-13 23:00,BFS-04,1289.76,317.51,50319.81,86.84
2026-04-14 00:00,BFS-04,1299.84,317.15,49840.78,87.55
2026-04-14 01:00,BFS-04,1261.51,336.3,51973.43,96.16
2026-04-14 02:00,BFS-04,1324.05,333.26,51970.25,92.55
2026-04-14 03:00,BFS-04,1312.25,337.37,52128.86,100.69
2026-04-14 04:00,BFS-04,1304.52,328.1,52586.66,97.49
2026-04-14 05:00,BFS-04,1321.95,339.77,50804.51,93.42
2026-04-14 06:00,BFS-04,1303.71,335.42,52251.99,96.76
2026-04-14 07:00,BFS-04,1314.58,327.54,51386.53,96.86
2026-04-14 08:00,BFS-04,1301.09,341.57,51295.2,95.6
2026-04-14 09:00,BFS-04,1276.69,335.66,50478.73,97.97
2026-04-14 10:00,BFS-04,1291.32,330.34,51641.76,96.27
2026-04-14 11:00,BFS-04,1273.07,331.15,51914.02,91.3
2026-04-14 12:00,BFS-04,1274.07,329.03,50733.15,93.23
2026-04-14 13:00,BFS-04,1273.17,321.0,50906.74,91.03
2026-04-14 14:00,BFS-04,1270.76,305.87,47667.54,89.21
2026-04-14 15:00,BFS-04,1244.52,315.22,50137.39,86.68
2026-04-14 16:00,BFS-04,1228.31,290.08,47455.4,82.03
2026-04-14 17:00,BFS-04,1221.0,308.28,46097.05,84.43
2026-04-14 18:00,BFS-04,1235.86,315.72,46942.59,81.55
2026-04-14 19:00,BFS-04,1234.98,305.33,47826.54,84.34
2026-04-14 20:00,BFS-04,1273.97,304.19,48065.42,86.52
2026-04-14 21:00,BFS-04,1247.9,314.78,47434.08,85.88
2026-04-14 22:00,BFS-04,1257.33,313.27,48333.6,89.85
2026-04-14 23:00,BFS-04,1286.74,332.71,48920.72,90.6
2026-04-15 00:00,BFS-04,1305.11,322.04,50768.31,87.06
2026-04-15 01:00,BFS-04,1268.62,345.93,50593.33,93.46
2026-04-15 02:00,BFS-04,1293.8,326.12,51203.58,90.26
2026-04-15 03:00,BFS-04,1315.16,344.63,51771.34,95.9
2026-04-15 04:00,BFS-04,1295.5,354.28,49979.81,93.02
2026-04-15 05:00,BFS-04,1289.51,343.25,53988.54,101.49
2026-04-15 06:00,BFS-04,1291.73,334.93,52436.21,97.39
2026-04-15 07:00,BFS-04,1300.26,339.62,52885.37,99.53
2026-04-15 08:00,BFS-04,1301.12,332.49,52299.56,89.91
2026-04-15 09:00,BFS-04,1303.57,333.15,51285.75,89.96
2026-04-15 10:00,BFS-04,1324.65,348.45,52390.31,92.54
2026-04-15 11:00,BFS-04,1289.17,331.16,49435.8,84.78
2026-04-15 12:00,BFS-04,1286.04,330.35,49790.3,85.21
2026-04-15 13:00,BFS-04,1274.33,321.77,49646.16,88.27
2026-04-15 14:00,BFS-04,1254.52,306.96,49317.72,82.01
2026-04-15 15:00,BFS-04,1223.84,313.64,48935.59,82.26
2026-04-15 16:00,BFS-04,1226.21,298.22,47476.13,77.44
2026-04-15 17:00,BFS-04,1224.57,300.77,47687.74,86.46
2026-04-15 18:00,BFS-04,1259.11,300.1,49062.41,80.02
2026-04-15 19:00,BFS-04,1234.7,304.9,50331.51,83.66
2026-04-15 20:00,BFS-04,1238.6,316.16,48969.6,85.43
2026-04-15 21:00,BFS-04,1248.29,305.4,47337.88,85.38
2026-04-15 22:00,BFS-04,1283.22,302.2,49651.88,83.44
2026-04-15 23:00,BFS-04,1270.66,318.7,49612.51,83.82
2026-04-16 00:00,BFS-04,1294.83,339.9,51553.5,88.22
2026-04-16 01:00,BFS-04,1282.36,327.02,50901.61,94.23
2026-04-16 02:00,BFS-04,1311.01,327.75,52994.87,95.7
2026-04-16 03:00,BFS-04,1325.43,333.08,52182.63,95.24
2026-04-16 04:00,BFS-04,1304.92,333.1,51781.33,95.56
2026-04-16 05:00,BFS-04,1297.41,349.47,52358.13,95.77
2026-04-16 06:00,BFS-04,1338.06,356.33,54754.35,94.0
2026-04-16 07:00,BFS-04,1292.55,349.82,52731.01,98.39
2026-04-16 08:00,BFS-04,1316.39,330.12,52897.89,98.46
2026-04-16 09:00,BFS-04,1336.59,348.38,53106.51,96.38
2026-04-16 10:00,BFS-04,1306.15,335.18,50341.72,97.87
2026-04-16 11:00,BFS-04,1267.86,328.39,50666.04,98.78
2026-04-16 12:00,BFS-04,1274.75,319.8,49823.07,91.89
2026-04-16 13:00,BFS-04,1254.94,323.65,49978.47,88.22
2026-04-16 14:00,BFS-04,1237.99,306.62,48364.47,89.7
2026-04-16 15:00,BFS-04,1262.16,322.36,48426.75,85.86
2026-04-16 16:00,BFS-04,1259.26,310.13,46872.06,85.75
2026-04-16 17:00,BFS-04,1263.34,299.88,46796.42,81.52
2026-04-16 18:00,BFS-04,1246.88,313.81,47368.14,82.89
2026-04-16 19:00,BFS-04,1237.84,302.48,49431.82,74.81
2026-04-16 20:00,BFS-04,1227.05,314.7,48299.32,78.21
2026-04-16 21:00,BFS-04,1243.99,311.37,49670.21,82.69
2026-04-16 22:00,BFS-04,1238.5,312.73,48991.61,82.35
2026-04-16 23:00,BFS-04,1277.17,308.53,49498.57,91.33
2026-04-17 00:00,BFS-04,1282.15,328.8,51159.83,88.5
2026-04-17 01:00,BFS-04,1269.53,328.02,50688.75,90.36
2026-04-17 02:00,BFS-04,1304.59,329.6,52718.27,95.99
2026-04-17 03:00,BFS-04,1311.3,341.69,51437.31,95.42
2026-04-17 04:00,BFS-04,1330.17,348.47,50898.83,96.99
2026-04-17 05:00,BFS-04,1315.42,347.57,51623.38,95.03
2026-04-17 06:00,BFS-04,1317.44,340.63,51304.32,99.29
2026-04-17 07:00,BFS-04,1309.39,345.18,53199.33,94.4
2026-04-17 08:00,BFS-04,1320.73,340.03,51120.41,103.22
2026-04-17 09:00,BFS-04,1325.46,351.19,51684.32,95.03
2026-04-17 10:00,BFS-04,1286.28,320.03,51590.5,93.96
2026-04-17 11:00,BFS-04,1302.86,330.61,52719.58,87.72
2026-04-17 12:00,BFS-04,1247.49,319.95,48999.35,90.94
2026-04-17 13:00,BFS-04,1269.28,309.95,48433.26,90.96
2026-04-17 14:00,BFS-04,1256.0,308.8,48329.34,91.89
2026-04-17 15:00,BFS-04,1256.61,309.83,48527.47,83.33
2026-04-17 16:00,BFS-04,1244.29,301.0,48135.31,83.52
2026-04-17 17:00,BFS-04,1240.93,308.26,47692.38,81.26
2026-04-17 18:00,BFS-04,1239.67,319.35,47413.79,79.42
2026-04-17 19:00,BFS-04,1235.15,315.02,47193.12,89.84
2026-04-17 20:00,BFS-04,1218.78,309.31,47991.72,83.63
2026-04-17 21:00,BFS-04,1267.13,318.68,47914.2,85.76
2026-04-17 22:00,BFS-04,1223.7,307.31,49462.51,87.98
2026-04-17 23:00,BFS-04,1270.5,321.32,48329.44,87.9
2026-04-18 00:00,BFS-04,1279.68,326.49,49790.91,87.38
2026-04-18 01:00,BFS-04,1317.75,327.18,50025.28,99.66
2026-04-18 02:00,BFS-04,1316.39,331.88,51565.71,96.63
2026-04-18 03:00,BFS-04,1314.66,341.52,52830.1,95.65
2026-04-18 04:00,BFS-04,1292.7,353.32,51679.38,93.57
2026-04-18 05:00,BFS-04,1310.46,333.44,51738.46,97.29
2026-04-18 06:00,BFS-04,1304.13,341.21,54304.37,97.49
2026-04-18 07:00,BFS-04,1321.3,333.01,53423.93,101.8
2026-04-18 08:00,BFS-04,1349.52,334.88,53271.38,91.14
2026-04-18 09:00,BFS-04,1296.77,339.91,51547.92,96.17
2026-04-18 10:00,BFS-04,1297.44,338.46,51368.77,93.28
2026-04-18 11:00,BFS-04,1299.2,331.94,50251.87,92.64
2026-04-18 12:00,BFS-04,1298.98,322.71,50370.16,90.18
2026-04-18 13:00,BFS-04,1277.85,325.6,48235.1,88.36
2026-04-18 14:00,BFS-04,1257.26,314.56,48745.21,83.91
2026-04-18 15:00,BFS-04,1246.7,324.52,46476.86,82.91
2026-04-18 16:00,BFS-04,1212.05,304.28,47427.55,79.04
2026-04-18 17:00,BFS-04,1219.14,303.96,46809.86,78.67
2026-04-18 18:00,BFS-04,1226.88,310.46,47452.47,86.61
2026-04-18 19:00,BFS-04,1255.44,309.25,46768.47,79.53
2026-04-18 20:00,BFS-04,1198.48,309.08,48090.08,79.9
2026-04-18 21:00,BFS-04,1231.62,311.98,49255.7,86.03
2026-04-18 22:00,BFS-04,1244.91,317.04,47581.88,88.34
2026-04-18 23:00,BFS-04,1263.67,316.67,51442.79,83.97
2026-04-19 00:00,BFS-04,1287.01,331.94,51101.24,88.98
2026-04-19 01:00,BFS-04,1274.4,327.41,51472.1,87.5
2026-04-19 02:00,BFS-04,1285.76,336.37,50799.07,90.4
2026-04-19 03:00,BFS-04,1293.78,334.91,51320.71,94.69
2026-04-19 04:00,BFS-04,1288.5,332.53,53862.32,98.77
2026-04-19 05:00,BFS-04,1314.05,358.6,53858.68,91.13
2026-04-19 06:00,BFS-04,1326.52,347.75,53554.83,98.55
2026-04-19 07:00,BFS-04,1345.06,334.91,53224.73,99.15
2026-04-19 08:00,BFS-04,1326.82,331.97,51403.12,92.93
2026-04-19 09:00,BFS-04,1298.7,333.34,53030.31,90.06
2026-04-19 10:00,BFS-04,1251.71,328.65,52080.53,95.2
2026-04-19 11:00,BFS-04,1279.11,319.96,49465.98,91.65
2026-04-19 12:00,BFS-04,1298.18,324.57,51733.13,86.26
2026-04-19 13:00,BFS-04,1280.1,324.22,51236.54,88.86
2026-04-19 14:00,BFS-04,1229.84,315.4,48386.05,90.53
2026-04-19 15:00,BFS-04,1275.9,314.39,49368.26,86.32
2026-04-19 16:00,BFS-04,1226.17,312.21,47257.32,83.12
2026-04-19 17:00,BFS-04,1263.6,319.35,48488.61,80.32
2026-04-19 18:00,BFS-04,1230.25,300.8,50165.6,81.64
2026-04-19 19:00,BFS-04,1204.23,319.3,47238.97,82.5
2026-04-19 20:00,BFS-04,1258.64,310.26,47068.28,84.79
2026-04-19 21:00,BFS-04,1227.61,299.54,48508.39,86.45
2026-04-19 22:00,BFS-04,1239.51,313.17,47353.95,89.16
2026-04-19 23:00,BFS-04,1243.56,304.93,48178.84,87.82
2026-04-20 00:00,BFS-04,1280.69,319.57,50755.61,93.85
2026-04-20 01:00,BFS-04,1267.02,326.6,49020.81,93.08
2026-04-20 02:00,BFS-04,1239.4,321.11,52281.07,92.3
2026-04-20 03:00,BFS-04,1296.84,333.81,51155.52,94.16
2026-04-20 04:00,BFS-04,1340.89,352.21,53285.58,98.58
2026-04-20 05:00,BFS-04,1331.31,348.25,51148.63,97.38
2026-04-20 06:00,BFS-04,1318.99,352.42,51666.39,92.65
2026-04-20 07:00,BFS-04,1305.48,341.36,52256.19,94.48
2026-04-20 08:00,BFS-04,1316.41,333.05,52700.54,91.32
2026-04-20 09:00,BFS-04,1297.44,331.63,51686.9,96.18
2026-04-20 10:00,BFS-04,1282.39,329.57,50036.61,89.37
2026-04-20 11:00,BFS-04,1270.63,336.47,50213.37,85.04
2026-04-20 12:00,BFS-04,1262.58,327.53,49427.95,89.87
2026-04-20 13:00,BFS-04,1254.21,321.64,48834.21,90.58
2026-04-20 14:00,BFS-04,1274.99,330.35,48095.87,85.17
2026-04-20 15:00,BFS-04,1234.47,307.35,48207.15,84.67
2026-04-20 16:00,BFS-04,1280.63,304.92,47975.79,81.18
2026-04-20 17:00,BFS-04,1210.86,313.69,47625.19,83.62
2026-04-20 18:00,BFS-04,1184.58,314.77,47046.92,83.55
2026-04-20 19:00,BFS-04,1254.1,306.17,47283.94,82.08
2026-04-20 20:00,BFS-04,1269.9,310.72,48166.75,84.13
2026-04-20 21:00,BFS-04,1252.63,311.71,50782.04,78.84
2026-04-20 22:00,BFS-04,1253.4,326.66,50174.96,85.9
2026-04-20 23:00,BFS-04,1280.5,332.04,49640.99,91.0
2026-04-21 00:00,BFS-04,1277.16,333.46,49975.63,90.05
2026-04-21 01:00,BFS-04,1291.46,335.08,51414.01,90.64
2026-04-21 02:00,BFS-04,1279.21,333.85,51538.59,89.17
2026-04-21 03:00,BFS-04,1319.9,334.46,53371.17,93.94
2026-04-21 04:00,BFS-04,1299.25,341.4,51376.72,94.38
2026-04-21 05:00,BFS-04,1296.41,330.77,52153.51,94.98
2026-04-21 06:00,BFS-04,1323.01,336.18,53134.17,94.71
2026-04-21 07:00,BFS-04,1315.0,327.16,52748.75,96.78
2026-04-21 08:00,BFS-04,1285.86,340.09,51083.64,94.3
2026-04-21 09:00,BFS-04,1301.04,337.63,49657.67,93.63
2026-04-21 10:00,BFS-04,1314.58,334.51,51530.33,92.29
2026-04-21 11:00,BFS-04,1283.77,337.89,48985.02,94.95
2026-04-21 12:00,BFS-04,1284.93,328.28,49704.7,91.7
2026-04-21 13:00,BFS-04,1250.27,324.63,49254.21,91.19
2026-04-21 14:00,BFS-04,1240.54,306.74,50084.28,83.89
2026-04-21 15:00,BFS-04,1220.53,306.05,47409.6,83.9
2026-04-21 16:00,BFS-04,1214.48,308.35,47080.51,77.92
2026-04-21 17:00,BFS-04,1221.85,315.73,49373.51,82.04
2026-04-21 18:00,BFS-04,1239.83,307.43,48395.63,85.54
2026-04-21 19:00,BFS-04,1247.01,320.01,48212.5,73.23
2026-04-21 20:00,BFS-04,1238.02,326.0,48066.37,82.92
2026-04-21 21:00,BFS-04,1259.09,317.3,46805.82,86.96
2026-04-21 22:00,BFS-04,1256.51,325.62,48771.64,82.43
2026-04-21 23:00,BFS-04,1249.22,324.96,49377.77,96.25
2026-04-22 00:00,BFS-04,1270.18,322.25,49217.21,88.72
2026-04-22 01:00,BFS-04,1272.47,325.57,50870.77,91.97
2026-04-22 02:00,BFS-04,1284.18,326.25,51545.27,91.38
2026-04-22 03:00,BFS-04,1319.0,337.24,53920.9,97.27
2026-04-22 04:00,BFS-04,1339.39,341.14,51840.92,102.9
2026-04-22 05:00,BFS-04,1332.82,335.21,51480.98,98.53
2026-04-22 06:00,BFS-04,1310.05,350.86,53474.57,102.23
2026-04-22 07:00,BFS-04,1331.08,340.39,53183.25,94.64
2026-04-22 08:00,BFS-04,1292.53,344.5,53241.22,97.09
2026-04-22 09:00,BFS-04,1334.56,334.53,52405.34,94.87
2026-04-22 10:00,BFS-04,1272.92,333.96,50585.59,94.76
2026-04-22 11:00,BFS-04,1289.04,324.18,49838.57,93.6
2026-04-22 12:00,BFS-04,1291.88,332.78,50115.92,87.3
2026-04-22 13:00,BFS-04,1261.63,323.63,48438.11,85.04
2026-04-22 14:00,BFS-04,1230.3,329.63,51064.36,86.65
2026-04-22 15:00,BFS-04,1213.34,318.4,48654.97,85.86
2026-04-22 16:00,BFS-04,1249.56,320.3,45369.76,85.81
2026-04-22 17:00,BFS-04,1207.39,308.38,47385.52,84.25
2026-04-22 18:00,BFS-04,1228.62,308.81,47899.72,82.71
2026-04-22 19:00,BFS-04,1223.06,327.97,49423.94,86.37
2026-04-22 20:00,BFS-04,1256.31,297.7,47821.46,88.86
2026-04-22 21:00,BFS-04,1208.57,293.49,50397.64,84.95
2026-04-22 22:00,BFS-04,1244.97,314.8,46345.76,81.75
2026-04-22 23:00,BFS-04,1243.38,321.18,48737.23,87.34
2026-04-23 00:00,BFS-04,1295.2,329.7,50696.69,88.1
2026-04-23 01:00,BFS-04,1320.18,323.11,51371.98,90.93
2026-04-23 02:00,BFS-04,1315.31,343.33,51766.82,88.09
2026-04-23 03:00,BFS-04,1294.08,332.22,52059.45,96.47
2026-04-23 04:00,BFS-04,1318.93,345.59,52152.48,101.39
2026-04-23 05:00,BFS-04,1329.24,338.56,51017.31,99.21
2026-04-23 06:00,BFS-04,1314.24,328.83,51410.68,96.83
2026-04-23 07:00,BFS-04,1298.18,354.31,53812.9,104.74
2026-04-23 08:00,BFS-04,1323.16,339.75,53201.0,99.72
2026-04-23 09:00,BFS-04,1301.6,333.13,51423.84,97.35
2026-04-23 10:00,BFS-04,1311.09,314.31,51220.92,94.5
2026-04-23 11:00,BFS-04,1298.93,327.89,50177.2,89.93
2026-04-23 12:00,BFS-04,1246.89,327.52,51321.86,85.77
2026-04-23 13:00,BFS-04,1272.19,322.06,50164.19,94.63
2026-04-23 14:00,BFS-04,1267.41,315.04,47093.73,85.06
2026-04-23 15:00,BFS-04,1241.64,303.08,49744.49,82.9
2026-04-23 16:00,BFS-04,1256.16,307.9,48654.52,81.75
2026-04-23 17:00,BFS-04,1239.76,317.56,46662.31,79.18
2026-04-23 18:00,BFS-04,1236.6,310.21,48178.0,87.79
2026-04-23 19:00,BFS-04,1206.93,304.13,48490.17,76.95
2026-04-23 20:00,BFS-04,1235.42,309.71,46102.38,82.07
2026-04-23 21:00,BFS-04,1272.01,317.13,50052.29,83.38
2026-04-23 22:00,BFS-04,1252.27,327.5,49088.64,89.04
2026-04-23 23:00,BFS-04,1312.25,319.41,48782.96,91.41
2026-04-24 00:00,BFS-04,1281.62,319.82,50704.32,88.34
2026-04-24 01:00,BFS-04,1288.24,336.21,52842.62,93.45
2026-04-24 02:00,BFS-04,1289.2,324.26,51550.76,94.44
2026-04-24 03:00,BFS-04,1319.07,332.46,50566.79,95.19
2026-04-24 04:00,BFS-04,1329.69,344.46,52971.69,96.33
2026-04-24 05:00,BFS-04,1316.54,354.28,51920.09,99.05
2026-04-24 06:00,BFS-04,1339.1,346.8,53368.64,91.91
2026-04-24 07:00,BFS-04,1309.76,335.22,51615.15,95.0
2026-04-24 08:00,BFS-04,1314.67,337.75,51252.89,93.11
2026-04-24 09:00,BFS-04,1329.75,331.81,51152.04,99.2
2026-04-24 10:00,BFS-04,1312.38,340.88,52411.69,92.86
2026-04-24 11:00,BFS-04,1285.58,339.18,49594.83,94.69
2026-04-24 12:00,BFS-04,1229.2,314.33,48295.27,89.1
2026-04-24 13:00,BFS-04,1285.97,311.7,48657.75,86.57
2026-04-24 14:00,BFS-04,1273.09,314.83,48196.06,80.78
2026-04-24 15:00,BFS-04,1270.57,320.51,47910.89,82.61
2026-04-24 16:00,BFS-04,1240.6,322.35,49731.38,76.79
2026-04-24 17:00,BFS-04,1189.16,302.04,47432.7,80.95
2026-04-24 18:00,BFS-04,1239.22,309.99,46828.57,81.75
2026-04-24 19:00,BFS-04,1212.55,309.73,47715.78,88.06
2026-04-24 20:00,BFS-04,1242.1,311.74,47067.44,80.49
2026-04-24 21:00,BFS-04,1282.69,314.91,49370.46,89.87
2026-04-24 22:00,BFS-04,1255.8,320.09,50272.53,81.19
2026-04-24 23:00,BFS-04,1258.35,310.85,49485.37,89.69
2026-04-25 00:00,BFS-04,1283.39,326.04,50246.5,91.71
2026-04-25 01:00,BFS-04,1292.64,329.89,49545.37,91.48
2026-04-25 02:00,BFS-04,1293.0,335.94,53135.1,94.82
2026-04-25 03:00,BFS-04,1277.05,329.63,53082.68,93.12
2026-04-25 04:00,BFS-04,1310.94,337.51,50402.03,94.86
2026-04-25 05:00,BFS-04,1323.66,349.96,52712.59,97.83
2026-04-25 06:00,BFS-04,1312.79,327.94,52285.27,100.05
2026-04-25 07:00,BFS-04,1318.85,361.07,50996.4,94.56
2026-04-25 08:00,BFS-04,1316.06,335.36,52516.56,91.49
2026-04-25 09:00,BFS-04,1296.86,336.99,51361.48,98.13
2026-04-25 10:00,BFS-04,1312.05,333.65,51047.44,92.53
2026-04-25 11:00,BFS-04,1314.77,330.13,51751.6,91.83
2026-04-25 12:00,BFS-04,1275.39,308.31,51843.62,90.12
2026-04-25 13:00,BFS-04,1260.85,326.74,49305.08,85.13
2026-04-25 14:00,BFS-04,1261.04,309.81,49001.79,85.72
2026-04-25 15:00,BFS-04,1210.03,318.29,47622.91,86.21
2026-04-25 16:00,BFS-04,1271.07,316.04,47081.63,85.3
2026-04-25 17:00,BFS-04,1251.25,298.17,46985.1,76.69
2026-04-25 18:00,BFS-04,1279.41,298.46,48588.46,100.53
2026-04-25 19:00,BFS-04,1206.75,315.11,48269.66,99.65
2026-04-25 20:00,BFS-04,1260.46,311.46,46971.81,104.53
2026-04-25 21:00,BFS-04,1233.76,314.18,47313.34,101.98
2026-04-25 22:00,BFS-04,1236.73,312.61,47902.86,142.74
2026-04-25 23:00,BFS-04,1265.54,328.1,47345.74,104.31
2026-04-26 00:00,BFS-04,1218.88,329.2,49384.96,105.59
2026-04-26 01:00,BFS-04,1275.25,335.3,50117.04,109.52
2026-04-26 02:00,BFS-04,1313.9,338.24,50149.04,115.66
2026-04-26 03:00,BFS-04,1313.33,338.7,50354.06,116.02
2026-04-26 04:00,BFS-04,1269.7,346.67,50897.51,114.83
2026-04-26 05:00,BFS-04,1306.42,347.47,54144.18,118.99
2026-04-26 06:00,BFS-04,1341.36,342.55,54679.0,113.69
2026-04-26 07:00,BFS-04,1303.8,349.98,52907.44,116.1
2026-04-26 08:00,BFS-04,1310.96,344.39,52150.18,112.23
2026-04-26 09:00,BFS-04,1308.68,340.97,50042.61,113.21
2026-04-26 10:00,BFS-04,1301.6,336.97,51014.63,110.17
2026-04-26 11:00,BFS-04,1285.26,334.3,49738.68,109.35
2026-04-26 12:00,BFS-04,1280.17,326.12,49121.48,100.01
2026-04-26 13:00,BFS-04,1260.65,313.1,49760.73,106.99
2026-04-26 14:00,BFS-04,1246.03,309.05,48902.54,105.19
2026-04-26 15:00,BFS-04,1242.73,311.72,47773.66,103.78
2026-04-26 16:00,BFS-04,1236.92,308.76,45729.95,136.21
2026-04-26 17:00,BFS-04,1224.43,302.99,47325.03,100.11
2026-04-26 18:00,BFS-04,1241.4,307.75,47877.06,100.43
2026-04-26 19:00,BFS-04,1253.41,306.44,48787.52,100.92
2026-04-26 20:00,BFS-04,1247.78,304.76,48911.0,104.99
2026-04-26 21:00,BFS-04,1262.05,307.01,48645.94,107.01
2026-04-26 22:00,BFS-04,1300.14,328.43,50890.48,109.81
2026-04-26 23:00,BFS-04,1291.02,314.74,49721.95,108.61
2026-04-27 00:00,BFS-04,1298.47,321.23,50006.7,109.55
2026-04-27 01:00,BFS-04,1285.77,330.1,51135.09,115.63
2026-04-27 02:00,BFS-04,1322.29,333.07,50830.71,117.42
2026-04-27 03:00,BFS-04,1321.93,340.19,53649.34,114.2
2026-04-27 04:00,BFS-04,1316.96,337.58,53237.13,118.34
2026-04-27 05:00,BFS-04,1295.27,336.82,53564.46,118.37
2026-04-27 06:00,BFS-04,1331.02,334.18,53436.76,115.88
2026-04-27 07:00,BFS-04,1310.74,331.83,52622.29,122.72
2026-04-27 08:00,BFS-04,1294.99,340.18,51513.75,117.07
2026-04-27 09:00,BFS-04,1292.75,346.61,51562.71,120.01
2026-04-27 10:00,BFS-04,1300.75,331.62,50116.02,111.83
2026-04-27 11:00,BFS-04,1297.97,329.14,50183.1,116.95
2026-04-27 12:00,BFS-04,1278.88,312.18,50876.49,112.23
2026-04-27 13:00,BFS-04,1267.67,309.2,48105.78,112.38
2026-04-27 14:00,BFS-04,1262.58,312.37,50051.67,104.46
2026-04-27 15:00,BFS-04,1242.94,324.48,48638.31,104.15
2026-04-27 16:00,BFS-04,1231.68,310.03,49634.27,99.12
2026-04-27 17:00,BFS-04,1232.18,298.72,46987.46,103.71
2026-04-27 18:00,BFS-04,1231.12,312.58,46863.66,104.13
2026-04-27 19:00,BFS-04,1246.67,318.95,45495.77,110.68
2026-04-27 20:00,BFS-04,1251.55,307.54,48907.91,103.92
2026-04-27 21:00,BFS-04,1274.51,316.26,49632.72,105.03
2026-04-27 22:00,BFS-04,1238.11,317.76,50980.98,112.43
2026-04-27 23:00,BFS-04,1237.69,315.36,49615.54,110.69
2026-04-28 00:00,BFS-04,1287.67,321.17,51358.2,113.78
2026-04-28 01:00,BFS-04,1338.7,333.78,51232.49,116.0
2026-04-28 02:00,BFS-04,1316.38,334.21,50260.29,116.45
2026-04-28 03:00,BFS-04,1302.18,334.43,52300.51,113.83
2026-04-28 04:00,BFS-04,1292.44,348.57,52791.51,123.32
2026-04-28 05:00,BFS-04,1288.8,331.51,51520.74,126.53
2026-04-28 06:00,BFS-04,1343.43,339.6,54613.93,120.61
2026-04-28 07:00,BFS-04,1332.81,357.8,52882.17,114.23
2026-04-28 08:00,BFS-04,1315.37,340.98,53240.69,115.95
2026-04-28 09:00,BFS-04,1320.52,340.32,50728.86,123.85
2026-04-28 10:00,BFS-04,1310.32,330.54,51701.88,112.92
2026-04-28 11:00,BFS-04,1252.08,335.65,50072.99,154.28
2026-04-28 12:00,BFS-04,1279.08,322.04,49389.84,114.39
2026-04-28 13:00,BFS-04,1259.06,318.8,48351.69,115.78
2026-04-28 14:00,BFS-04,1229.19,302.58,47807.48,141.25
2026-04-28 15:00,BFS-04,1258.4,311.07,47925.28,106.78
2026-04-28 16:00,BFS-04,1235.0,303.79,48236.16,106.65
2026-04-28 17:00,BFS-04,1235.85,308.24,47652.75,107.79
2026-04-28 18:00,BFS-04,1245.34,305.19,48259.45,107.83
2026-04-28 19:00,BFS-04,1243.03,309.84,46415.26,101.97
2026-04-28 20:00,BFS-04,1247.18,317.13,46889.38,112.01
2026-04-28 21:00,BFS-04,1237.82,305.44,49182.51,146.02
2026-04-28 22:00,BFS-04,1236.22,320.38,48900.91,146.64
2026-04-28 23:00,BFS-04,1225.92,312.38,50411.27,110.67
2026-04-29 00:00,BFS-04,1260.74,330.26,49860.9,119.93
2026-04-29 01:00,BFS-04,1306.95,329.64,50469.89,115.31
2026-04-29 02:00,BFS-04,1299.18,339.2,51745.63,116.57
2026-04-29 03:00,BFS-04,1340.63,337.0,52758.1,120.69
2026-04-29 04:00,BFS-04,1314.75,326.74,52100.91,121.91
2026-04-29 05:00,BFS-04,1315.75,344.02,49510.71,122.79
2026-04-29 06:00,BFS-04,1330.68,349.2,52252.15,126.0
2026-04-29 07:00,BFS-04,1295.86,337.91,51726.44,119.27
2026-04-29 08:00,BFS-04,1315.3,346.44,51946.98,159.1
2026-04-29 09:00,BFS-04,1311.25,328.77,50454.43,115.86
2026-04-29 10:00,BFS-04,1309.42,335.99,49604.49,113.6
2026-04-29 11:00,BFS-04,1274.85,332.8,52724.74,118.18
2026-04-29 12:00,BFS-04,1260.85,330.41,50382.62,147.79
2026-04-29 13:00,BFS-04,1276.24,316.05,51531.62,112.9
2026-04-29 14:00,BFS-04,1269.18,308.87,49060.89,108.56
2026-04-29 15:00,BFS-04,1233.77,309.81,49010.6,115.04
2026-04-29 16:00,BFS-04,1230.48,315.73,48064.84,115.36
2026-04-29 17:00,BFS-04,1236.41,302.45,49122.4,109.21
2026-04-29 18:00,BFS-04,1224.43,310.08,47395.14,117.37
2026-04-29 19:00,BFS-04,1229.66,303.23,47997.15,108.32
2026-04-29 20:00,BFS-04,1243.94,304.27,47836.28,109.64
2026-04-29 21:00,BFS-04,1240.81,307.41,47407.33,107.98
2026-04-29 22:00,BFS-04,1287.88,322.35,48240.41,112.66
2026-04-29 23:00,BFS-04,1262.06,320.2,49056.17,115.78
2026-04-30 00:00,BFS-04,1289.29,330.2,49123.48,116.22
2026-04-30 01:00,BFS-04,1281.87,314.5,49633.87,117.44
2026-04-30 02:00,BFS-04,1310.16,344.35,50361.98,123.19
2026-04-30 03:00,BFS-04,1306.01,325.34,52758.14,120.67
2026-04-30 04:00,BFS-04,1302.07,327.16,54702.22,127.07
2026-04-30 05:00,BFS-04,1338.86,356.66,51804.72,124.73
2026-04-30 06:00,BFS-04,1300.98,357.26,53476.37,121.56
2026-04-30 07:00,BFS-04,1335.37,352.27,52365.95,124.69
2026-04-30 08:00,BFS-04,1316.19,347.34,53756.09,128.92
2026-04-30 09:00,BFS-04,1333.8,351.85,52169.29,123.37
2026-04-30 10:00,BFS-04,1322.32,333.51,50981.25,114.66
2026-04-30 11:00,BFS-04,1286.23,327.08,53118.08,118.48
2026-04-30 12:00,BFS-04,1268.33,313.7,49242.3,113.52
2026-04-30 13:00,BFS-04,1280.94,327.79,50151.14,115.67
2026-04-30 14:00,BFS-04,1273.37,327.45,49483.04,116.63
2026-04-30 15:00,BFS-04,1268.51,306.84,49002.14,114.56
2026-04-30 16:00,BFS-04,1260.84,301.23,46794.82,111.64
2026-04-30 17:00,BFS-04,1218.08,311.04,50468.46,111.2
2026-04-30 18:00,BFS-04,1226.15,296.41,48487.99,109.59
2026-04-30 19:00,BFS-04,1214.16,312.84,47039.26,109.84
2026-04-30 20:00,BFS-04,1226.84,298.8,48267.63,111.97
2026-04-30 21:00,BFS-04,1262.73,292.59,48984.9,114.46
2026-04-30 22:00,BFS-04,1293.88,320.21,46577.04,111.27
2026-04-30 23:00,BFS-04,1267.68,319.52,49386.49,124.64
2026-05-01 00:00,BFS-04,1271.05,335.3,49555.11,119.97
2026-05-01 01:00,BFS-04,1314.39,316.82,50500.04,121.16
2026-05-01 02:00,BFS-04,1266.67,343.07,52270.08,122.2
2026-05-01 03:00,BFS-04,1271.91,349.83,51973.86,123.85
2026-05-01 04:00,BFS-04,1304.96,343.91,50532.66,123.41
2026-05-01 05:00,BFS-04,1338.7,346.78,52729.55,121.41
2026-05-01 06:00,BFS-04,1362.96,348.13,51986.55,128.16
2026-05-01 07:00,BFS-04,1320.78,331.29,51578.36,125.6
2026-05-01 08:00,BFS-04,1304.5,338.47,52880.34,131.47
2026-05-01 09:00,BFS-04,1275.59,344.0,54003.28,129.14
2026-05-01 10:00,BFS-04,1302.66,323.56,52684.17,121.12
2026-05-01 11:00,BFS-04,1271.84,327.63,50433.24,120.55
2026-05-01 12:00,BFS-04,1238.63,323.7,51580.22,121.12
2026-05-01 13:00,BFS-04,1241.53,313.77,50492.42,120.49
2026-05-01 14:00,BFS-04,1235.15,306.37,50067.0,113.75
2026-05-01 15:00,BFS-04,1228.62,308.58,48467.47,118.66
2026-05-01 16:00,BFS-04,1258.33,300.98,48625.87,113.21
2026-05-01 17:00,BFS-04,1268.16,302.79,47109.17,110.64
2026-05-01 18:00,BFS-04,1232.45,324.55,47752.56,112.69
2026-05-01 19:00,BFS-04,1256.95,312.39,46596.62,116.61
2026-05-01 20:00,BFS-04,1285.35,312.44,47621.2,120.08
2026-05-01 21:00,BFS-04,1223.39,319.03,47699.1,112.25
2026-05-01 22:00,BFS-04,1230.64,322.5,48189.42,108.05
2026-05-01 23:00,BFS-04,1300.15,314.27,49011.68,120.65
2026-05-02 00:00,BFS-04,1254.21,328.75,50793.6,120.83
2026-05-02 01:00,BFS-04,1282.17,316.98,49307.15,126.66
2026-05-02 02:00,BFS-04,1304.43,332.2,51612.7,163.09
2026-05-02 03:00,BFS-04,1305.22,337.36,50826.01,131.51
2026-05-02 04:00,BFS-04,1332.26,337.94,52418.51,126.04
2026-05-02 05:00,BFS-04,1336.47,353.4,51738.58,130.77
2026-05-02 06:00,BFS-04,1310.66,344.96,52646.03,128.75
2026-05-02 07:00,BFS-04,1315.14,348.59,52639.14,124.87
2026-05-02 08:00,BFS-04,1316.62,344.72,52293.08,127.24
2026-05-02 09:00,BFS-04,1303.9,347.62,52364.3,132.06
2026-05-02 10:00,BFS-04,1289.37,336.26,51598.74,119.41
2026-05-02 11:00,BFS-04,1293.35,322.19,49397.68,126.15
2026-05-02 12:00,BFS-04,1305.28,334.97,50202.93,121.58
2026-05-02 13:00,BFS-04,1261.22,311.43,48431.92,119.6
2026-05-02 14:00,BFS-04,1259.6,314.36,48612.9,115.19
2026-05-02 15:00,BFS-04,1229.71,309.44,48699.46,122.29
2026-05-02 16:00,BFS-04,1236.37,304.1,48745.43,113.57
2026-05-02 17:00,BFS-04,1229.91,318.15,48491.23,112.95
2026-05-02 18:00,BFS-04,1246.86,324.47,49091.72,109.91
2026-05-02 19:00,BFS-04,1226.27,299.69,46690.69,119.51
2026-05-02 20:00,BFS-04,1253.24,304.06,48550.68,118.54
2026-05-02 21:00,BFS-04,1234.46,314.47,49040.31,117.53
2026-05-02 22:00,BFS-04,1271.74,300.53,48103.53,117.07
2026-05-02 23:00,BFS-04,1243.52,323.61,51670.09,122.09
2026-05-03 00:00,BFS-04,1225.01,322.41,52193.34,124.57
2026-05-03 01:00,BFS-04,1274.66,318.8,51235.23,125.84
2026-05-03 02:00,BFS-04,1303.45,330.32,50035.23,128.8
2026-05-03 03:00,BFS-04,1278.2,332.33,51852.25,126.51
2026-05-03 04:00,BFS-04,1322.19,330.4,51565.94,165.94
2026-05-03 05:00,BFS-04,1329.57,348.17,51524.37,134.6
2026-05-03 06:00,BFS-04,1289.28,354.1,53918.61,131.78
2026-05-03 07:00,BFS-04,1303.57,336.77,52427.53,132.45
2026-05-03 08:00,BFS-04,1288.34,331.92,53129.71,126.72
2026-05-03 09:00,BFS-04,1311.9,341.7,51126.57,123.96
2026-05-03 10:00,BFS-04,1269.23,323.8,50757.14,126.53
2026-05-03 11:00,BFS-04,1302.48,320.67,51471.23,121.32
2026-05-03 12:00,BFS-04,1269.4,328.13,49621.78,124.67
2026-05-03 13:00,BFS-04,1280.86,321.78,50410.55,120.13
2026-05-03 14:00,BFS-04,1235.8,315.09,46216.8,120.6
2026-05-03 15:00,BFS-04,1255.59,298.52,48319.07,155.83
2026-05-03 16:00,BFS-04,1249.57,314.08,46658.26,122.52
2026-05-03 17:00,BFS-04,1197.83,301.65,46388.37,115.88
2026-05-03 18:00,BFS-04,1218.97,287.67,45724.82,117.33
2026-05-03 19:00,BFS-04,1258.99,300.98,46829.89,116.94
2026-05-03 20:00,BFS-04,1242.92,316.48,47790.45,119.95
2026-05-03 21:00,BFS-04,1292.47,306.99,48781.56,119.37
2026-05-03 22:00,BFS-04,1252.36,314.28,49824.56,123.73
2026-05-03 23:00,BFS-04,1276.4,328.06,48564.76,118.76
2026-05-04 00:00,BFS-04,1296.5,303.96,49567.2,123.7
2026-05-04 01:00,BFS-04,1282.68,331.9,51502.4,132.87
2026-05-04 02:00,BFS-04,1288.06,340.54,52196.33,129.94
2026-05-04 03:00,BFS-04,1287.47,329.23,52261.35,128.98
2026-05-04 04:00,BFS-04,1317.33,342.91,50750.35,135.17
2026-05-04 05:00,BFS-04,1318.18,342.37,52063.32,130.9
2026-05-04 06:00,BFS-04,1315.73,347.35,51975.04,132.49
2026-05-04 07:00,BFS-04,1344.46,348.75,53086.67,136.89
2026-05-04 08:00,BFS-04,1308.84,348.61,50725.04,130.23
2026-05-04 09:00,BFS-04,1294.47,342.53,51576.85,134.56
2026-05-04 10:00,BFS-04,1296.81,337.29,51892.55,133.47
2026-05-04 11:00,BFS-04,1327.55,340.53,50602.55,129.2
2026-05-04 12:00,BFS-04,1267.74,319.05,49824.16,130.01
2026-05-04 13:00,BFS-04,1248.59,316.79,50683.9,123.91
2026-05-04 14:00,BFS-04,1221.5,315.91,50426.24,124.57
2026-05-04 15:00,BFS-04,1254.63,312.26,49698.26,120.45
2026-05-04 16:00,BFS-04,1250.84,302.24,48801.85,123.33
2026-05-04 17:00,BFS-04,1243.27,309.13,47648.51,124.1
2026-05-04 18:00,BFS-04,1217.06,300.52,46494.75,153.83
2026-05-04 19:00,BFS-04,1251.8,304.51,48526.97,120.93
2026-05-04 20:00,BFS-04,1240.78,322.08,48472.48,120.16
2026-05-04 21:00,BFS-04,1221.2,319.91,47350.14,122.3
2026-05-04 22:00,BFS-04,1229.17,313.64,48129.52,120.74
2026-05-04 23:00,BFS-04,1255.91,316.25,48467.31,122.29
2026-05-05 00:00,BFS-04,1270.87,320.27,48873.01,124.64
2026-05-05 01:00,BFS-04,1284.74,331.6,49044.96,128.83
2026-05-05 02:00,BFS-04,1290.39,339.08,51610.9,132.5
2026-05-05 03:00,BFS-04,1303.65,339.57,50708.94,137.17
2026-05-05 04:00,BFS-04,1307.77,351.73,52415.46,167.69
2026-05-05 05:00,BFS-04,1326.41,344.38,53509.79,134.2
2026-05-05 06:00,BFS-04,1290.24,340.22,51659.43,135.26
2026-05-05 07:00,BFS-04,1302.93,345.1,53387.35,133.9
2026-05-05 08:00,BFS-04,1327.15,336.22,52934.39,134.24
2026-05-05 09:00,BFS-04,1318.9,339.07,51488.46,135.21
2026-05-05 10:00,BFS-04,1282.21,330.45,51102.05,134.93
2026-05-05 11:00,BFS-04,1279.4,330.53,51603.21,127.47
2026-05-05 12:00,BFS-04,1259.48,321.91,49862.28,129.08
2026-05-05 13:00,BFS-04,1261.52,320.35,49026.71,127.44
2026-05-05 14:00,BFS-04,1227.63,318.24,48094.95,125.62
2026-05-05 15:00,BFS-04,1238.39,317.45,46307.63,122.28
2026-05-05 16:00,BFS-04,1239.14,298.48,47362.27,124.06
2026-05-05 17:00,BFS-04,1233.33,326.98,47632.81,115.3
2026-05-05 18:00,BFS-04,1228.01,311.37,47053.31,116.15
2026-05-05 19:00,BFS-04,1229.71,310.47,46352.24,119.86
2026-05-05 20:00,BFS-04,1211.23,299.88,48562.17,121.63
2026-05-05 21:00,BFS-04,1239.06,321.31,48105.81,162.75
2026-05-05 22:00,BFS-04,1255.02,301.37,48559.11,123.59
2026-05-05 23:00,BFS-04,1246.5,315.26,50462.13,130.7
2026-05-06 00:00,BFS-04,1279.5,334.63,50590.87,125.34
2026-05-06 01:00,BFS-04,1250.92,321.18,51121.53,132.32
2026-05-06 02:00,BFS-04,1326.45,334.19,50915.2,133.54
2026-05-06 03:00,BFS-04,1324.89,328.49,50928.28,135.16
2026-05-06 04:00,BFS-04,1304.59,346.28,51906.91,133.1
2026-05-06 05:00,BFS-04,1320.16,339.32,52462.64,172.12
2026-05-06 06:00,BFS-04,1311.52,352.94,53067.46,134.88
2026-05-06 07:00,BFS-04,1315.2,337.85,52636.74,137.35
2026-05-06 08:00,BFS-04,1318.75,338.71,52286.59,134.45
2026-05-06 09:00,BFS-04,1297.19,344.75,50797.82,139.03
2026-05-06 10:00,BFS-04,1289.16,340.32,50753.52,166.83
2026-05-06 11:00,BFS-04,1329.58,322.5,51795.7,134.01
2026-05-06 12:00,BFS-04,1299.86,329.91,49387.41,129.67
2026-05-06 13:00,BFS-04,1253.82,323.36,51450.11,131.52
2026-05-06 14:00,BFS-04,1264.43,317.13,49251.58,125.48
2026-05-06 15:00,BFS-04,1270.3,306.69,48971.73,125.73
2026-05-06 16:00,BFS-04,1233.47,314.44,47959.76,125.53
2026-05-06 17:00,BFS-04,1218.39,296.74,46165.85,125.98
2026-05-06 18:00,BFS-04,1214.58,295.29,47269.18,123.14
2026-05-06 19:00,BFS-04,1267.59,296.26,46973.1,127.99
2026-05-06 20:00,BFS-04,1248.07,303.11,47556.44,124.02
2026-05-06 21:00,BFS-04,1229.72,302.84,49289.79,125.21
2026-05-06 22:00,BFS-04,1242.08,316.66,49413.73,127.89
2026-05-06 23:00,BFS-04,1275.86,327.85,49598.61,162.54
2026-05-07 00:00,BFS-04,1286.76,333.17,50983.84,130.26
2026-05-07 01:00,BFS-04,1271.29,332.02,52216.41,128.48
2026-05-07 02:00,BFS-04,1303.3,343.04,52263.39,175.63
2026-05-07 03:00,BFS-04,1321.52,338.94,51340.31,136.26
2026-05-07 04:00,BFS-04,1316.57,341.34,52498.31,141.08
2026-05-07 05:00,BFS-04,1316.36,339.29,53835.51,135.95
2026-05-07 06:00,BFS-04,1326.29,336.38,50949.84,141.65
2026-05-07 07:00,BFS-04,1298.83,354.37,52423.96,144.17
2026-05-07 08:00,BFS-04,1305.32,337.23,54071.52,141.58
2026-05-07 09:00,BFS-04,1303.8,328.74,51707.37,140.88
2026-05-07 10:00,BFS-04,1302.63,346.03,51756.44,135.46
2026-05-07 11:00,BFS-04,1284.45,332.55,51946.93,133.54
2026-05-07 12:00,BFS-04,1305.03,324.95,51338.21,134.95
2026-05-07 13:00,BFS-04,1258.77,316.75,50268.31,131.45
2026-05-07 14:00,BFS-04,1266.2,310.27,49468.88,124.95
2026-05-07 15:00,BFS-04,1238.44,292.98,48790.76,124.35
2026-05-07 16:00,BFS-04,1204.46,309.18,46638.66,128.38
2026-05-07 17:00,BFS-04,1242.97,305.02,47500.17,128.51
2026-05-07 18:00,BFS-04,1236.28,321.32,45857.93,127.31
2026-05-07 19:00,BFS-04,1245.13,314.04,48156.91,124.94
2026-05-07 20:00,BFS-04,1279.44,313.43,48017.74,123.87
2026-05-07 21:00,BFS-04,1217.05,309.25,49614.02,125.39
2026-05-07 22:00,BFS-04,1253.34,321.3,49248.56,133.1
2026-05-07 23:00,BFS-04,1265.89,316.84,51754.48,135.61
2026-05-08 00:00,BFS-04,1254.72,327.35,50082.75,136.16
2026-05-08 01:00,BFS-04,1252.5,338.31,49525.69,132.5
2026-05-08 02:00,BFS-04,1312.37,329.47,53025.74,139.04
2026-05-08 03:00,BFS-04,1329.96,340.63,51855.39,140.67
2026-05-08 04:00,BFS-04,1336.76,339.39,51950.78,138.48
2026-05-08 05:00,BFS-04,1339.67,334.72,51799.55,141.15
2026-05-08 06:00,BFS-04,1301.43,344.11,52479.93,143.54
2026-05-08 07:00,BFS-04,1325.82,349.18,52278.47,142.88
2026-05-08 08:00,BFS-04,1301.88,345.84,52664.48,136.87
2026-05-08 09:00,BFS-04,1312.66,334.29,52317.68,144.1
2026-05-08 10:00,BFS-04,1301.65,329.76,51039.63,140.49
2026-05-08 11:00,BFS-04,1293.8,324.32,51280.96,133.33
2026-05-08 12:00,BFS-04,1277.38,324.46,48237.85,171.64
2026-05-08 13:00,BFS-04,1245.01,328.23,49504.94,128.06
2026-05-08 14:00,BFS-04,1254.66,309.16,49008.05,127.69
2026-05-08 15:00,BFS-04,1240.77,307.21,46918.31,131.34
2026-05-08 16:00,BFS-04,1257.79,300.19,47157.27,129.51
2026-05-08 17:00,BFS-04,1217.4,306.97,48641.41,133.44
2026-05-08 18:00,BFS-04,1238.38,306.59,46490.85,129.68
2026-05-08 19:00,BFS-04,1229.45,305.8,46493.25,131.34
2026-05-08 20:00,BFS-04,1229.81,306.71,46954.12,134.03
2026-05-08 21:00,BFS-04,1239.72,312.91,47500.81,128.5
2026-05-08 22:00,BFS-04,1242.03,312.95,48802.61,136.01
2026-05-08 23:00,BFS-04,1257.12,316.49,48750.2,131.7
2026-05-09 00:00,BFS-04,1282.93,332.21,51310.36,137.52
2026-05-09 01:00,BFS-04,1311.96,331.74,50295.84,139.18
2026-05-09 02:00,BFS-04,1300.54,343.57,51427.55,138.68
2026-05-09 03:00,BFS-04,1313.38,333.97,51992.07,140.18
2026-05-09 04:00,BFS-04,1317.35,345.09,52750.77,141.75
2026-05-09 05:00,BFS-04,1317.15,334.14,52830.39,142.39
2026-05-09 06:00,BFS-04,1329.4,350.34,51479.26,145.26
2026-05-09 07:00,BFS-04,1323.7,340.93,51347.48,141.5
2026-05-09 08:00,BFS-04,1295.98,339.51,53826.25,142.32
2026-05-09 09:00,BFS-04,1303.56,336.3,50775.76,144.08
2026-05-09 10:00,BFS-04,1314.11,331.04,50509.87,139.75
2026-05-09 11:00,BFS-04,1272.98,340.69,49875.39,140.34
2026-05-09 12:00,BFS-04,1262.82,328.83,49960.73,132.48
2026-05-09 13:00,BFS-04,1268.85,330.92,49773.63,135.73
2026-05-09 14:00,BFS-04,1257.09,311.23,48814.78,133.46
2026-05-09 15:00,BFS-04,1254.08,313.0,48219.33,133.57
2026-05-09 16:00,BFS-04,1233.16,317.24,45780.77,129.94
2026-05-09 17:00,BFS-04,1230.11,303.41,46226.3,130.46
2026-05-09 18:00,BFS-04,1232.76,296.28,46355.85,127.23
2026-05-09 19:00,BFS-04,1207.69,305.06,46921.17,129.71
2026-05-09 20:00,BFS-04,1249.33,309.42,46900.31,131.99
2026-05-09 21:00,BFS-04,1243.23,300.01,49086.72,133.05
2026-05-09 22:00,BFS-04,1261.51,321.39,48128.09,133.1
2026-05-09 23:00,BFS-04,1261.33,322.23,49643.31,133.31
2026-05-10 00:00,BFS-04,1292.82,319.39,50936.88,137.59
2026-05-10 01:00,BFS-04,1316.29,323.3,49551.03,136.65
2026-05-10 02:00,BFS-04,1292.18,332.68,50009.82,144.25
2026-05-10 03:00,BFS-04,1287.87,340.38,51794.53,145.27
2026-05-10 04:00,BFS-04,1324.79,341.01,53116.71,141.43
2026-05-10 05:00,BFS-04,1328.18,324.69,52669.22,148.6
2026-05-10 06:00,BFS-04,1332.47,347.14,53564.94,148.36
2026-05-10 07:00,BFS-04,1329.58,330.09,51591.06,147.14
2026-05-10 08:00,BFS-04,1299.23,343.81,52171.9,144.62
2026-05-10 09:00,BFS-04,1317.61,345.63,52953.43,149.0
2026-05-10 10:00,BFS-04,1311.94,343.54,52195.61,138.22
2026-05-10 11:00,BFS-04,1301.9,324.85,49054.55,136.97
2026-05-10 12:00,BFS-04,1256.19,340.74,49866.37,133.95
2026-05-10 13:00,BFS-04,1279.84,314.82,49599.5,137.24
2026-05-10 14:00,BFS-04,1247.68,301.81,49456.74,138.71
2026-05-10 15:00,BFS-04,1209.94,309.65,48523.87,131.46
2026-05-10 16:00,BFS-04,1253.76,316.12,48314.81,132.04
2026-05-10 17:00,BFS-04,1227.2,300.31,46489.14,129.59
2026-05-10 18:00,BFS-04,1231.77,317.77,46810.79,134.46
2026-05-10 19:00,BFS-04,1260.36,308.13,47408.57,127.32
2026-05-10 20:00,BFS-04,1226.28,295.62,46174.58,131.71
2026-05-10 21:00,BFS-04,1224.07,322.95,48935.94,136.57
2026-05-10 22:00,BFS-04,1230.55,315.19,49626.62,134.9
2026-05-10 23:00,BFS-04,1261.0,328.08,48240.9,133.75
2026-05-11 00:00,BFS-04,1292.43,318.55,49154.45,137.59
2026-05-11 01:00,BFS-04,1301.46,337.97,48002.09,145.82
2026-05-11 02:00,BFS-04,1298.95,324.62,51083.81,179.93
2026-05-11 03:00,BFS-04,1309.78,330.13,51308.28,141.95
2026-05-11 04:00,BFS-04,1299.45,327.79,51993.63,148.83
2026-05-11 05:00,BFS-04,1325.58,352.74,51566.66,147.24
2026-05-11 06:00,BFS-04,1320.32,358.07,51100.04,147.14
2026-05-11 07:00,BFS-04,1314.96,333.86,49056.23,145.34
2026-05-11 08:00,BFS-04,1309.29,340.34,52130.01,147.23
2026-05-11 09:00,BFS-04,1294.98,330.56,51656.51,145.97
2026-05-11 10:00,BFS-04,1323.82,344.98,52238.69,144.84
2026-05-11 11:00,BFS-04,1303.49,331.7,48610.75,176.41
2026-05-11 12:00,BFS-04,1261.64,323.36,50472.38,138.22
2026-05-11 13:00,BFS-04,1267.66,329.55,48118.71,137.87
2026-05-11 14:00,BFS-04,1258.38,309.3,48126.6,142.27
2026-05-11 15:00,BFS-04,1223.08,303.42,48085.39,141.5
2026-05-11 16:00,BFS-04,1219.97,306.2,47948.63,134.13
2026-05-11 17:00,BFS-04,1216.82,309.24,47620.63,169.86
2026-05-11 18:00,BFS-04,1221.47,312.42,47299.59,132.43
2026-05-11 19:00,BFS-04,1235.67,299.97,48221.54,140.35
2026-05-11 20:00,BFS-04,1231.1,310.97,47745.31,138.73
2026-05-11 21:00,BFS-04,1269.71,310.27,48898.84,134.63
2026-05-11 22:00,BFS-04,1281.19,319.68,50641.65,134.38
2026-05-11 23:00,BFS-04,1253.47,319.29,50654.11,171.93
2026-05-12 00:00,BFS-04,1266.96,321.28,48938.9,180.99
2026-05-12 01:00,BFS-04,1284.36,336.08,51371.44,143.02
2026-05-12 02:00,BFS-04,1313.07,331.53,51110.85,148.34
2026-05-12 03:00,BFS-04,1320.42,333.89,52287.34,146.36
2026-05-12 04:00,BFS-04,1290.73,350.4,52786.23,150.43
2026-05-12 05:00,BFS-04,1288.2,334.37,53928.87,154.66
2026-05-12 06:00,BFS-04,1332.56,357.25,52589.2,149.99
2026-05-12 07:00,BFS-04,1340.25,338.61,51920.67,154.67
2026-05-12 08:00,BFS-04,1299.64,356.33,51892.5,151.23
2026-05-12 09:00,BFS-04,1297.3,342.09,51203.09,148.49
2026-05-12 10:00,BFS-04,1305.81,325.93,50806.22,149.53
2026-05-12 11:00,BFS-04,1296.58,334.98,50380.37,145.73
2026-05-12 12:00,BFS-04,1290.23,317.3,50756.84,142.79
2026-05-12 13:00,BFS-04,1266.73,323.16,50917.27,135.82
2026-05-12 14:00,BFS-04,1255.64,328.61,50396.16,145.38
2026-05-12 15:00,BFS-04,1231.65,314.43,47218.59,133.9
2026-05-12 16:00,BFS-04,1211.16,304.7,47451.45,138.99
2026-05-12 17:00,BFS-04,1227.51,302.89,47884.34,134.55
2026-05-12 18:00,BFS-04,1238.22,308.46,46340.92,135.71
2026-05-12 19:00,BFS-04,1227.17,307.69,48646.37,134.25
2026-05-12 20:00,BFS-04,1221.65,316.44,47777.4,140.23
2026-05-12 21:00,BFS-04,1246.12,318.85,48609.41,143.25
2026-05-12 22:00,BFS-04,1273.05,306.96,49255.68,137.85
2026-05-12 23:00,BFS-04,1268.59,317.01,47991.49,139.49
2026-05-13 00:00,BFS-04,1261.86,326.47,50780.97,176.44
2026-05-13 01:00,BFS-04,1288.77,338.76,51294.25,146.18
2026-05-13 02:00,BFS-04,1265.53,341.62,51858.63,148.54
2026-05-13 03:00,BFS-04,1282.43,336.91,52737.35,155.75
2026-05-13 04:00,BFS-04,1276.17,340.64,52650.2,147.08
2026-05-13 05:00,BFS-04,1327.32,351.45,52686.11,153.77
2026-05-13 06:00,BFS-04,1329.46,354.17,52301.75,153.21
2026-05-13 07:00,BFS-04,1289.52,350.8,52621.61,154.23
2026-05-13 08:00,BFS-04,1324.56,329.09,53304.11,152.07
2026-05-13 09:00,BFS-04,1289.46,347.22,52075.13,152.1
2026-05-13 10:00,BFS-04,1313.91,338.86,51137.49,141.41
2026-05-13 11:00,BFS-04,1253.86,340.3,51357.71,146.49
2026-05-13 12:00,BFS-04,1290.59,332.73,49957.58,147.73
2026-05-13 13:00,BFS-04,1260.81,336.41,50611.65,144.26
2026-05-13 14:00,BFS-04,1257.85,316.0,50034.28,142.44
2026-05-13 15:00,BFS-04,1244.51,313.12,49802.27,136.61
2026-05-13 16:00,BFS-04,1232.9,311.59,48991.42,140.72
2026-05-13 17:00,BFS-04,1229.11,312.87,47003.68,135.58
2026-05-13 18:00,BFS-04,1210.24,305.42,45767.5,133.0
2026-05-13 19:00,BFS-04,1218.22,301.4,47164.37,139.51
2026-05-13 20:00,BFS-04,1216.29,318.15,46417.61,139.27
2026-05-13 21:00,BFS-04,1244.31,307.84,47749.97,140.12
2026-05-13 22:00,BFS-04,1256.03,318.23,48716.33,138.59
2026-05-13 23:00,BFS-04,1249.9,310.8,49086.73,142.96
2026-05-14 00:00,BFS-04,1263.91,324.13,48460.07,142.11
2026-05-14 01:00,BFS-04,1247.49,333.89,50651.77,144.2
2026-05-14 02:00,BFS-04,1295.63,341.05,51889.3,151.15
2026-05-14 03:00,BFS-04,1279.53,343.98,53511.34,159.64
2026-05-14 04:00,BFS-04,1321.67,344.15,52214.64,153.41
2026-05-14 05:00,BFS-04,1307.08,349.82,50731.6,152.35
2026-05-14 06:00,BFS-04,1279.35,329.83,52706.02,152.81
2026-05-14 07:00,BFS-04,1315.89,344.08,53121.48,149.27
2026-05-14 08:00,BFS-04,1352.35,331.51,51901.91,148.88
2026-05-14 09:00,BFS-04,1321.44,343.44,52600.99,152.69
2026-05-14 10:00,BFS-04,1280.51,337.94,51738.6,155.85
2026-05-14 11:00,BFS-04,1268.57,321.95,50604.19,181.02
2026-05-14 12:00,BFS-04,1267.17,306.18,51896.65,147.31
2026-05-14 13:00,BFS-04,1275.95,325.51,49340.57,143.51
2026-05-14 14:00,BFS-04,1254.78,312.65,48767.12,149.24
2026-05-14 15:00,BFS-04,1226.3,307.95,49564.13,146.34
2026-05-14 16:00,BFS-04,1237.88,316.67,46466.63,138.68
2026-05-14 17:00,BFS-04,1224.86,306.13,47072.86,140.05
2026-05-14 18:00,BFS-04,1240.01,307.76,47761.75,143.15
2026-05-14 19:00,BFS-04,1266.47,297.17,47929.02,136.71
2026-05-14 20:00,BFS-04,1237.57,304.65,47184.75,141.86
2026-05-14 21:00,BFS-04,1240.81,304.28,48259.53,145.16
2026-05-14 22:00,BFS-04,1255.07,315.96,48306.86,146.29
2026-05-14 23:00,BFS-04,1264.05,300.19,50546.57,148.18
2026-05-15 00:00,BFS-04,1271.25,322.26,49501.04,150.48
2026-05-15 01:00,BFS-04,1266.79,324.92,49546.41,154.1
2026-05-15 02:00,BFS-04,1287.3,338.24,52577.62,150.73
2026-05-15 03:00,BFS-04,1326.22,324.24,51144.56,189.83
2026-05-15 04:00,BFS-04,1325.69,349.69,53614.09,154.68
2026-05-15 05:00,BFS-04,1309.94,347.85,52598.0,156.72
2026-05-15 06:00,BFS-04,1317.45,357.56,52336.82,154.85
2026-05-15 07:00,BFS-04,1297.96,335.0,53269.33,155.1
2026-05-15 08:00,BFS-04,1294.86,354.34,51606.21,153.22
2026-05-15 09:00,BFS-04,1322.24,340.19,52226.95,155.37
2026-05-15 10:00,BFS-04,1317.19,334.44,51425.65,154.83
2026-05-15 11:00,BFS-04,1288.74,333.75,51912.87,146.06
2026-05-15 12:00,BFS-04,1274.2,330.95,51250.64,152.32
2026-05-15 13:00,BFS-04,1258.75,324.87,50373.64,147.53
2026-05-15 14:00,BFS-04,1237.66,319.36,48079.62,139.78
2026-05-15 15:00,BFS-04,1208.55,299.66,49369.69,142.04
2026-05-15 16:00,BFS-04,1203.43,305.38,48939.92,141.46
2026-05-15 17:00,BFS-04,1252.97,297.79,46422.62,146.91
2026-05-15 18:00,BFS-04,1238.9,300.41,47490.44,138.68
2026-05-15 19:00,BFS-04,1242.57,311.01,48057.46,146.38
2026-05-15 20:00,BFS-04,1215.91,305.63,48179.8,144.13
2026-05-15 21:00,BFS-04,1250.93,306.55,47889.85,138.89
2026-05-15 22:00,BFS-04,1275.23,312.35,48885.17,139.64
2026-05-15 23:00,BFS-04,1269.11,328.27,48807.62,145.66
