timestamp,asset_id,hoist_motor_current,rope_tension,brake_temperature,lance_cooling_flow
2026-04-01 00:00,BOF-LH-02,127.68,46.12,49.95,162.4
2026-04-01 01:00,BOF-LH-02,129.97,49.23,54.15,164.28
2026-04-01 02:00,BOF-LH-02,153.66,58.47,51.79,159.52
2026-04-01 03:00,BOF-LH-02,124.48,52.78,56.42,165.55
2026-04-01 04:00,BOF-LH-02,143.16,54.6,55.84,164.12
2026-04-01 05:00,BOF-LH-02,156.59,59.13,55.69,168.91
2026-04-01 06:00,BOF-LH-02,151.79,60.61,60.05,162.9
2026-04-01 07:00,BOF-LH-02,137.95,51.08,57.88,172.54
2026-04-01 08:00,BOF-LH-02,131.57,52.19,59.42,164.22
2026-04-01 09:00,BOF-LH-02,132.77,62.24,57.67,167.83
2026-04-01 10:00,BOF-LH-02,148.5,49.76,60.88,170.45
2026-04-01 11:00,BOF-LH-02,132.84,50.32,52.31,157.93
2026-04-01 12:00,BOF-LH-02,136.75,50.7,53.56,156.45
2026-04-01 13:00,BOF-LH-02,115.32,50.23,46.82,159.21
2026-04-01 14:00,BOF-LH-02,129.12,45.66,43.77,157.87
2026-04-01 15:00,BOF-LH-02,116.0,49.13,49.43,157.14
2026-04-01 16:00,BOF-LH-02,113.88,43.82,49.25,153.82
2026-04-01 17:00,BOF-LH-02,110.59,37.77,48.3,149.33
2026-04-01 18:00,BOF-LH-02,111.71,40.55,45.14,151.88
2026-04-01 19:00,BOF-LH-02,113.47,39.09,45.79,147.32
2026-04-01 20:00,BOF-LH-02,120.68,44.63,46.33,147.96
2026-04-01 21:00,BOF-LH-02,126.54,45.8,45.88,154.87
2026-04-01 22:00,BOF-LH-02,125.68,47.08,48.7,149.35
2026-04-01 23:00,BOF-LH-02,131.33,47.12,51.26,156.82
2026-04-02 00:00,BOF-LH-02,146.2,51.41,58.06,161.43
2026-04-02 01:00,BOF-LH-02,137.03,49.37,57.27,158.97
2026-04-02 02:00,BOF-LH-02,135.25,49.19,55.46,163.72
2026-04-02 03:00,BOF-LH-02,140.09,52.79,55.72,165.17
2026-04-02 04:00,BOF-LH-02,147.29,59.38,59.46,161.53
2026-04-02 05:00,BOF-LH-02,151.46,57.11,57.04,170.78
2026-04-02 06:00,BOF-LH-02,154.32,54.64,61.14,167.13
2026-04-02 07:00,BOF-LH-02,144.41,60.86,58.71,164.99
2026-04-02 08:00,BOF-LH-02,148.58,57.43,57.72,175.38
2026-04-02 09:00,BOF-LH-02,146.57,57.27,54.84,170.37
2026-04-02 10:00,BOF-LH-02,132.69,55.66,54.49,159.92
2026-04-02 11:00,BOF-LH-02,143.09,46.36,52.13,154.41
2026-04-02 12:00,BOF-LH-02,136.79,44.77,51.19,156.46
2026-04-02 13:00,BOF-LH-02,129.59,51.41,47.93,159.45
2026-04-02 14:00,BOF-LH-02,110.86,48.06,48.48,153.47
2026-04-02 15:00,BOF-LH-02,112.39,44.15,46.36,157.73
2026-04-02 16:00,BOF-LH-02,120.2,39.59,46.11,149.03
2026-04-02 17:00,BOF-LH-02,111.12,38.81,44.75,156.67
2026-04-02 18:00,BOF-LH-02,120.66,44.16,45.86,143.92
2026-04-02 19:00,BOF-LH-02,124.12,40.94,48.01,150.75
2026-04-02 20:00,BOF-LH-02,113.61,49.54,46.76,155.56
2026-04-02 21:00,BOF-LH-02,128.42,47.14,47.59,150.64
2026-04-02 22:00,BOF-LH-02,103.68,46.2,48.85,152.46
2026-04-02 23:00,BOF-LH-02,129.64,44.82,56.67,152.32
2026-04-03 00:00,BOF-LH-02,114.89,55.46,50.27,155.29
2026-04-03 01:00,BOF-LH-02,136.02,48.34,56.68,162.57
2026-04-03 02:00,BOF-LH-02,136.76,55.59,55.49,161.42
2026-04-03 03:00,BOF-LH-02,143.48,52.7,56.75,171.96
2026-04-03 04:00,BOF-LH-02,152.19,49.91,57.09,170.44
2026-04-03 05:00,BOF-LH-02,142.07,59.62,56.71,170.56
2026-04-03 06:00,BOF-LH-02,151.4,57.24,59.84,169.24
2026-04-03 07:00,BOF-LH-02,151.05,54.26,57.74,168.78
2026-04-03 08:00,BOF-LH-02,136.47,55.47,57.01,166.36
2026-04-03 09:00,BOF-LH-02,148.43,55.68,54.35,166.81
2026-04-03 10:00,BOF-LH-02,151.45,60.56,54.99,167.42
2026-04-03 11:00,BOF-LH-02,147.06,52.68,55.87,162.45
2026-04-03 12:00,BOF-LH-02,123.01,49.35,55.98,159.72
2026-04-03 13:00,BOF-LH-02,130.23,51.2,51.27,155.37
2026-04-03 14:00,BOF-LH-02,126.0,40.23,49.86,161.75
2026-04-03 15:00,BOF-LH-02,112.2,41.76,50.45,150.28
2026-04-03 16:00,BOF-LH-02,115.31,42.56,44.84,144.65
2026-04-03 17:00,BOF-LH-02,119.82,39.5,51.0,156.69
2026-04-03 18:00,BOF-LH-02,108.62,46.15,47.65,145.03
2026-04-03 19:00,BOF-LH-02,100.29,44.93,46.82,151.61
2026-04-03 20:00,BOF-LH-02,112.22,37.07,45.02,148.42
2026-04-03 21:00,BOF-LH-02,127.11,43.82,42.69,151.76
2026-04-03 22:00,BOF-LH-02,123.05,44.14,55.07,157.29
2026-04-03 23:00,BOF-LH-02,142.99,46.08,50.68,156.88
2026-04-04 00:00,BOF-LH-02,134.54,40.67,49.22,158.55
2026-04-04 01:00,BOF-LH-02,130.91,52.11,53.4,165.14
2026-04-04 02:00,BOF-LH-02,149.46,48.14,53.49,162.22
2026-04-04 03:00,BOF-LH-02,128.33,54.04,59.46,167.94
2026-04-04 04:00,BOF-LH-02,140.08,56.46,57.39,169.59
2026-04-04 05:00,BOF-LH-02,139.55,55.39,52.59,173.26
2026-04-04 06:00,BOF-LH-02,144.25,58.33,54.88,172.03
2026-04-04 07:00,BOF-LH-02,157.68,62.15,58.41,167.2
2026-04-04 08:00,BOF-LH-02,154.79,53.01,58.73,168.04
2026-04-04 09:00,BOF-LH-02,137.32,55.69,55.24,165.22
2026-04-04 10:00,BOF-LH-02,137.71,55.51,55.21,163.59
2026-04-04 11:00,BOF-LH-02,137.81,50.89,51.15,156.59
2026-04-04 12:00,BOF-LH-02,125.07,52.87,56.39,160.89
2026-04-04 13:00,BOF-LH-02,121.99,47.58,51.74,158.11
2026-04-04 14:00,BOF-LH-02,122.76,46.19,48.86,158.32
2026-04-04 15:00,BOF-LH-02,116.52,49.12,47.02,151.27
2026-04-04 16:00,BOF-LH-02,117.87,46.65,45.16,150.84
2026-04-04 17:00,BOF-LH-02,119.63,45.88,48.3,152.14
2026-04-04 18:00,BOF-LH-02,113.63,45.09,47.6,149.42
2026-04-04 19:00,BOF-LH-02,115.16,46.78,44.92,152.29
2026-04-04 20:00,BOF-LH-02,137.84,44.55,45.36,151.66
2026-04-04 21:00,BOF-LH-02,115.0,42.23,45.4,160.45
2026-04-04 22:00,BOF-LH-02,117.49,46.1,47.9,161.39
2026-04-04 23:00,BOF-LH-02,135.32,41.7,55.77,160.81
2026-04-05 00:00,BOF-LH-02,136.9,47.25,49.61,156.06
2026-04-05 01:00,BOF-LH-02,129.25,51.88,51.91,155.33
2026-04-05 02:00,BOF-LH-02,136.42,51.98,55.53,157.28
2026-04-05 03:00,BOF-LH-02,147.25,59.15,55.3,175.82
2026-04-05 04:00,BOF-LH-02,151.2,52.31,55.6,168.07
2026-04-05 05:00,BOF-LH-02,147.96,56.24,57.16,164.53
2026-04-05 06:00,BOF-LH-02,149.72,54.86,57.92,159.84
2026-04-05 07:00,BOF-LH-02,148.22,59.08,57.16,172.49
2026-04-05 08:00,BOF-LH-02,144.81,54.44,59.59,167.37
2026-04-05 09:00,BOF-LH-02,137.52,60.88,56.8,169.47
2026-04-05 10:00,BOF-LH-02,142.6,48.11,56.72,164.82
2026-04-05 11:00,BOF-LH-02,136.22,53.63,55.05,163.44
2026-04-05 12:00,BOF-LH-02,119.5,49.82,57.23,156.94
2026-04-05 13:00,BOF-LH-02,117.37,45.08,52.61,157.91
2026-04-05 14:00,BOF-LH-02,113.62,46.53,49.72,158.14
2026-04-05 15:00,BOF-LH-02,120.06,43.16,47.94,150.23
2026-04-05 16:00,BOF-LH-02,112.0,51.03,43.33,157.03
2026-04-05 17:00,BOF-LH-02,104.44,39.47,45.61,150.55
2026-04-05 18:00,BOF-LH-02,111.17,39.27,45.9,156.44
2026-04-05 19:00,BOF-LH-02,106.49,42.41,45.01,152.48
2026-04-05 20:00,BOF-LH-02,120.42,38.62,49.63,147.64
2026-04-05 21:00,BOF-LH-02,120.37,42.28,48.81,155.13
2026-04-05 22:00,BOF-LH-02,113.64,50.35,48.66,150.76
2026-04-05 23:00,BOF-LH-02,140.02,43.67,56.96,158.02
2026-04-06 00:00,BOF-LH-02,115.1,47.12,55.5,155.61
2026-04-06 01:00,BOF-LH-02,156.36,49.86,55.28,169.53
2026-04-06 02:00,BOF-LH-02,137.38,55.46,56.63,166.61
2026-04-06 03:00,BOF-LH-02,129.63,54.98,59.09,169.55
2026-04-06 04:00,BOF-LH-02,150.05,59.51,60.76,169.8
2026-04-06 05:00,BOF-LH-02,134.47,57.21,57.68,165.91
2026-04-06 06:00,BOF-LH-02,161.32,59.01,54.65,170.68
2026-04-06 07:00,BOF-LH-02,142.54,54.99,57.75,170.96
2026-04-06 08:00,BOF-LH-02,145.1,57.36,57.4,173.06
2026-04-06 09:00,BOF-LH-02,140.55,57.98,53.41,166.1
2026-04-06 10:00,BOF-LH-02,139.53,54.38,58.34,169.61
2026-04-06 11:00,BOF-LH-02,137.66,49.38,54.28,165.87
2026-04-06 12:00,BOF-LH-02,125.47,50.61,54.22,161.8
2026-04-06 13:00,BOF-LH-02,118.78,47.95,48.94,159.34
2026-04-06 14:00,BOF-LH-02,125.28,40.69,53.16,153.16
2026-04-06 15:00,BOF-LH-02,124.35,48.49,45.94,154.75
2026-04-06 16:00,BOF-LH-02,113.05,43.53,48.15,143.59
2026-04-06 17:00,BOF-LH-02,110.77,43.05,45.45,150.5
2026-04-06 18:00,BOF-LH-02,112.32,40.32,44.73,151.84
2026-04-06 19:00,BOF-LH-02,112.87,39.44,49.13,147.43
2026-04-06 20:00,BOF-LH-02,102.55,42.81,45.93,162.13
2026-04-06 21:00,BOF-LH-02,108.94,39.89,52.09,153.86
2026-04-06 22:00,BOF-LH-02,128.01,41.96,48.8,154.43
2026-04-06 23:00,BOF-LH-02,128.29,44.6,51.79,162.45
2026-04-07 00:00,BOF-LH-02,122.05,51.33,52.77,160.93
2026-04-07 01:00,BOF-LH-02,143.67,53.5,54.45,170.36
2026-04-07 02:00,BOF-LH-02,144.69,51.39,54.58,156.08
2026-04-07 03:00,BOF-LH-02,143.64,55.41,55.23,168.87
2026-04-07 04:00,BOF-LH-02,144.61,56.23,56.93,167.16
2026-04-07 05:00,BOF-LH-02,137.99,57.67,54.0,170.07
2026-04-07 06:00,BOF-LH-02,141.79,54.82,53.66,166.01
2026-04-07 07:00,BOF-LH-02,157.35,54.96,58.88,168.63
2026-04-07 08:00,BOF-LH-02,153.33,61.4,57.97,167.25
2026-04-07 09:00,BOF-LH-02,142.76,56.24,52.19,163.64
2026-04-07 10:00,BOF-LH-02,148.27,57.42,55.07,170.55
2026-04-07 11:00,BOF-LH-02,134.0,50.44,51.9,166.86
2026-04-07 12:00,BOF-LH-02,121.01,45.5,55.38,165.17
2026-04-07 13:00,BOF-LH-02,125.28,55.48,50.28,149.82
2026-04-07 14:00,BOF-LH-02,120.22,43.96,51.53,158.51
2026-04-07 15:00,BOF-LH-02,116.92,46.57,42.1,156.79
2026-04-07 16:00,BOF-LH-02,120.61,44.31,46.17,146.38
2026-04-07 17:00,BOF-LH-02,118.09,43.87,48.1,152.54
2026-04-07 18:00,BOF-LH-02,115.31,41.79,50.54,145.41
2026-04-07 19:00,BOF-LH-02,102.17,45.13,46.09,153.78
2026-04-07 20:00,BOF-LH-02,104.98,45.79,46.36,150.17
2026-04-07 21:00,BOF-LH-02,122.57,46.24,49.51,145.34
2026-04-07 22:00,BOF-LH-02,138.96,48.18,48.14,151.51
2026-04-07 23:00,BOF-LH-02,121.41,53.87,51.73,158.11
2026-04-08 00:00,BOF-LH-02,126.87,54.65,54.38,160.17
2026-04-08 01:00,BOF-LH-02,124.18,51.54,56.64,165.03
2026-04-08 02:00,BOF-LH-02,138.45,55.37,56.71,163.03
2026-04-08 03:00,BOF-LH-02,151.66,60.19,59.12,166.13
2026-04-08 04:00,BOF-LH-02,141.88,52.68,60.28,172.83
2026-04-08 05:00,BOF-LH-02,155.05,59.11,55.57,167.2
2026-04-08 06:00,BOF-LH-02,141.9,57.46,60.26,164.09
2026-04-08 07:00,BOF-LH-02,141.0,58.9,53.75,173.35
2026-04-08 08:00,BOF-LH-02,136.05,60.07,55.8,167.79
2026-04-08 09:00,BOF-LH-02,141.0,54.64,58.14,171.2
2026-04-08 10:00,BOF-LH-02,142.38,52.16,50.69,169.22
2026-04-08 11:00,BOF-LH-02,138.21,52.03,51.47,164.15
2026-04-08 12:00,BOF-LH-02,120.81,45.72,53.75,163.73
2026-04-08 13:00,BOF-LH-02,122.69,49.73,52.77,159.59
2026-04-08 14:00,BOF-LH-02,125.89,50.7,52.06,157.62
2026-04-08 15:00,BOF-LH-02,111.96,44.09,49.95,151.92
2026-04-08 16:00,BOF-LH-02,131.14,45.9,50.47,149.13
2026-04-08 17:00,BOF-LH-02,108.72,42.73,47.67,150.48
2026-04-08 18:00,BOF-LH-02,114.21,43.61,47.35,147.49
2026-04-08 19:00,BOF-LH-02,129.31,40.42,46.32,150.81
2026-04-08 20:00,BOF-LH-02,111.87,40.77,49.98,148.19
2026-04-08 21:00,BOF-LH-02,120.49,40.93,45.29,150.0
2026-04-08 22:00,BOF-LH-02,122.93,43.33,50.74,141.18
2026-04-08 23:00,BOF-LH-02,122.79,46.4,51.05,158.77
2026-04-09 00:00,BOF-LH-02,122.53,49.09,55.71,156.35
2026-04-09 01:00,BOF-LH-02,143.56,53.96,51.43,162.36
2026-04-09 02:00,BOF-LH-02,146.7,47.38,56.06,156.09
2026-04-09 03:00,BOF-LH-02,154.08,53.36,56.49,168.34
2026-04-09 04:00,BOF-LH-02,153.11,61.22,55.04,169.51
2026-04-09 05:00,BOF-LH-02,151.78,58.52,57.86,173.11
2026-04-09 06:00,BOF-LH-02,138.96,53.6,57.43,166.43
2026-04-09 07:00,BOF-LH-02,144.14,54.45,59.78,172.78
2026-04-09 08:00,BOF-LH-02,136.87,60.62,54.81,164.05
2026-04-09 09:00,BOF-LH-02,154.46,48.88,57.54,163.47
2026-04-09 10:00,BOF-LH-02,134.55,53.71,53.72,154.52
2026-04-09 11:00,BOF-LH-02,147.45,53.12,55.64,159.68
2026-04-09 12:00,BOF-LH-02,128.38,48.14,52.01,161.0
2026-04-09 13:00,BOF-LH-02,126.09,47.62,50.61,153.22
2026-04-09 14:00,BOF-LH-02,128.74,45.56,48.53,150.66
2026-04-09 15:00,BOF-LH-02,116.6,46.29,50.48,159.13
2026-04-09 16:00,BOF-LH-02,111.92,45.22,45.28,151.1
2026-04-09 17:00,BOF-LH-02,111.67,38.53,42.35,147.58
2026-04-09 18:00,BOF-LH-02,118.84,44.63,47.93,150.67
2026-04-09 19:00,BOF-LH-02,106.84,44.72,48.03,144.75
2026-04-09 20:00,BOF-LH-02,105.85,48.53,48.23,154.26
2026-04-09 21:00,BOF-LH-02,118.96,42.09,49.63,161.12
2026-04-09 22:00,BOF-LH-02,125.76,45.7,50.9,165.17
2026-04-09 23:00,BOF-LH-02,133.65,50.28,53.31,160.99
2026-04-10 00:00,BOF-LH-02,137.26,47.4,49.75,154.92
2026-04-10 01:00,BOF-LH-02,130.87,51.53,56.07,161.77
2026-04-10 02:00,BOF-LH-02,143.08,48.64,55.02,163.97
2026-04-10 03:00,BOF-LH-02,143.39,52.25,54.05,167.66
2026-04-10 04:00,BOF-LH-02,146.61,63.1,55.26,171.52
2026-04-10 05:00,BOF-LH-02,151.74,58.98,54.05,173.86
2026-04-10 06:00,BOF-LH-02,147.27,57.32,61.09,171.75
2026-04-10 07:00,BOF-LH-02,148.39,55.92,58.42,170.74
2026-04-10 08:00,BOF-LH-02,151.52,54.27,55.52,160.56
2026-04-10 09:00,BOF-LH-02,131.43,54.53,61.02,169.9
2026-04-10 10:00,BOF-LH-02,130.43,52.05,54.87,162.24
2026-04-10 11:00,BOF-LH-02,134.76,49.39,53.49,162.71
2026-04-10 12:00,BOF-LH-02,131.99,50.26,50.14,159.07
2026-04-10 13:00,BOF-LH-02,120.93,48.6,49.35,162.94
2026-04-10 14:00,BOF-LH-02,124.95,48.43,51.45,159.96
2026-04-10 15:00,BOF-LH-02,128.11,46.93,47.49,154.2
2026-04-10 16:00,BOF-LH-02,114.0,48.84,46.96,156.85
2026-04-10 17:00,BOF-LH-02,110.71,43.66,45.99,147.99
2026-04-10 18:00,BOF-LH-02,114.26,42.17,46.55,150.74
2026-04-10 19:00,BOF-LH-02,112.97,45.27,49.48,151.21
2026-04-10 20:00,BOF-LH-02,116.35,39.39,48.5,143.55
2026-04-10 21:00,BOF-LH-02,111.91,43.79,48.65,158.98
2026-04-10 22:00,BOF-LH-02,123.52,46.89,47.72,149.24
2026-04-10 23:00,BOF-LH-02,114.02,48.79,53.94,158.76
2026-04-11 00:00,BOF-LH-02,129.86,54.92,50.63,158.04
2026-04-11 01:00,BOF-LH-02,137.12,54.89,52.65,160.76
2026-04-11 02:00,BOF-LH-02,134.46,51.04,55.62,167.97
2026-04-11 03:00,BOF-LH-02,133.83,54.41,56.34,166.29
2026-04-11 04:00,BOF-LH-02,139.53,60.89,58.61,170.58
2026-04-11 05:00,BOF-LH-02,147.2,55.88,58.97,174.13
2026-04-11 06:00,BOF-LH-02,146.0,59.31,57.51,170.75
2026-04-11 07:00,BOF-LH-02,146.22,58.86,58.85,173.29
2026-04-11 08:00,BOF-LH-02,144.87,58.3,61.97,172.61
2026-04-11 09:00,BOF-LH-02,145.17,47.88,59.32,175.36
2026-04-11 10:00,BOF-LH-02,130.55,51.86,58.1,167.84
2026-04-11 11:00,BOF-LH-02,149.92,50.73,52.96,156.63
2026-04-11 12:00,BOF-LH-02,135.14,54.77,51.11,160.92
2026-04-11 13:00,BOF-LH-02,128.93,52.95,51.34,160.05
2026-04-11 14:00,BOF-LH-02,116.57,50.57,54.26,152.16
2026-04-11 15:00,BOF-LH-02,105.15,40.72,43.74,144.85
2026-04-11 16:00,BOF-LH-02,119.33,44.08,49.05,153.16
2026-04-11 17:00,BOF-LH-02,104.32,39.91,46.95,144.73
2026-04-11 18:00,BOF-LH-02,111.74,44.94,47.07,155.73
2026-04-11 19:00,BOF-LH-02,110.27,40.66,45.57,149.17
2026-04-11 20:00,BOF-LH-02,116.96,46.13,46.73,148.83
2026-04-11 21:00,BOF-LH-02,111.41,39.7,47.59,142.33
2026-04-11 22:00,BOF-LH-02,116.47,49.96,48.25,160.54
2026-04-11 23:00,BOF-LH-02,117.36,48.41,52.45,154.82
2026-04-12 00:00,BOF-LH-02,125.36,53.89,52.56,164.19
2026-04-12 01:00,BOF-LH-02,129.66,56.74,55.73,162.0
2026-04-12 02:00,BOF-LH-02,144.39,59.51,53.02,160.38
2026-04-12 03:00,BOF-LH-02,139.32,52.91,55.65,175.77
2026-04-12 04:00,BOF-LH-02,143.97,57.36,59.82,172.82
2026-04-12 05:00,BOF-LH-02,148.8,56.36,58.01,165.32
2026-04-12 06:00,BOF-LH-02,151.97,58.11,59.14,168.12
2026-04-12 07:00,BOF-LH-02,143.25,56.26,56.44,168.79
2026-04-12 08:00,BOF-LH-02,144.51,55.7,59.26,168.83
2026-04-12 09:00,BOF-LH-02,149.24,59.73,55.16,161.63
2026-04-12 10:00,BOF-LH-02,147.53,60.99,58.45,165.68
2026-04-12 11:00,BOF-LH-02,137.32,48.45,55.15,158.41
2026-04-12 12:00,BOF-LH-02,127.25,51.55,53.62,154.84
2026-04-12 13:00,BOF-LH-02,121.89,49.19,49.37,162.61
2026-04-12 14:00,BOF-LH-02,121.52,52.31,52.27,151.5
2026-04-12 15:00,BOF-LH-02,123.99,43.59,45.5,148.74
2026-04-12 16:00,BOF-LH-02,101.26,43.46,48.03,148.56
2026-04-12 17:00,BOF-LH-02,105.92,41.02,47.25,149.25
2026-04-12 18:00,BOF-LH-02,97.7,44.07,46.55,154.54
2026-04-12 19:00,BOF-LH-02,115.21,40.11,48.66,153.68
2026-04-12 20:00,BOF-LH-02,116.74,45.02,47.59,152.58
2026-04-12 21:00,BOF-LH-02,113.49,42.97,48.14,152.66
2026-04-12 22:00,BOF-LH-02,143.9,41.08,46.66,161.81
2026-04-12 23:00,BOF-LH-02,117.16,47.56,54.18,151.23
2026-04-13 00:00,BOF-LH-02,130.87,53.85,49.87,160.86
2026-04-13 01:00,BOF-LH-02,131.4,51.43,51.64,161.02
2026-04-13 02:00,BOF-LH-02,147.62,50.57,51.26,161.13
2026-04-13 03:00,BOF-LH-02,134.14,58.6,52.44,166.71
2026-04-13 04:00,BOF-LH-02,141.15,57.02,61.85,166.91
2026-04-13 05:00,BOF-LH-02,149.35,57.02,56.18,169.69
2026-04-13 06:00,BOF-LH-02,150.33,63.07,58.53,167.8
2026-04-13 07:00,BOF-LH-02,155.41,49.58,57.26,168.89
2026-04-13 08:00,BOF-LH-02,149.13,53.53,60.35,168.57
2026-04-13 09:00,BOF-LH-02,139.39,51.88,58.93,162.55
2026-04-13 10:00,BOF-LH-02,141.69,51.55,54.47,158.71
2026-04-13 11:00,BOF-LH-02,138.21,50.2,55.73,165.13
2026-04-13 12:00,BOF-LH-02,123.26,48.07,55.5,156.63
2026-04-13 13:00,BOF-LH-02,125.94,48.12,49.7,154.55
2026-04-13 14:00,BOF-LH-02,118.73,40.5,50.01,156.91
2026-04-13 15:00,BOF-LH-02,125.0,42.43,43.36,155.71
2026-04-13 16:00,BOF-LH-02,118.69,43.82,47.18,155.93
2026-04-13 17:00,BOF-LH-02,122.55,41.91,53.33,153.29
2026-04-13 18:00,BOF-LH-02,111.85,44.26,48.94,151.55
2026-04-13 19:00,BOF-LH-02,110.16,42.14,50.13,146.35
2026-04-13 20:00,BOF-LH-02,113.72,43.17,50.79,151.93
2026-04-13 21:00,BOF-LH-02,106.91,43.24,51.5,150.0
2026-04-13 22:00,BOF-LH-02,120.75,42.99,49.17,155.8
2026-04-13 23:00,BOF-LH-02,132.87,50.79,46.1,159.23
2026-04-14 00:00,BOF-LH-02,131.91,48.42,53.75,155.12
2026-04-14 01:00,BOF-LH-02,140.62,54.79,60.2,169.02
2026-04-14 02:00,BOF-LH-02,135.03,57.46,56.15,170.33
2026-04-14 03:00,BOF-LH-02,144.65,54.11,59.94,163.19
2026-04-14 04:00,BOF-LH-02,153.85,52.67,59.8,170.65
2026-04-14 05:00,BOF-LH-02,151.3,52.66,57.47,162.14
2026-04-14 06:00,BOF-LH-02,149.6,61.95,58.17,172.16
2026-04-14 07:00,BOF-LH-02,151.1,63.08,56.13,169.79
2026-04-14 08:00,BOF-LH-02,157.64,57.99,58.83,166.58
2026-04-14 09:00,BOF-LH-02,159.59,51.38,59.09,166.85
2026-04-14 10:00,BOF-LH-02,142.38,51.48,57.11,158.86
2026-04-14 11:00,BOF-LH-02,133.59,53.9,56.87,163.15
2026-04-14 12:00,BOF-LH-02,121.12,54.42,50.71,164.31
2026-04-14 13:00,BOF-LH-02,121.32,50.74,52.66,158.65
2026-04-14 14:00,BOF-LH-02,123.16,43.82,55.18,151.24
2026-04-14 15:00,BOF-LH-02,116.75,44.43,47.94,153.74
2026-04-14 16:00,BOF-LH-02,118.97,43.92,46.21,154.01
2026-04-14 17:00,BOF-LH-02,116.99,41.09,43.19,154.64
2026-04-14 18:00,BOF-LH-02,117.11,45.16,50.3,150.32
2026-04-14 19:00,BOF-LH-02,109.37,40.88,44.93,154.41
2026-04-14 20:00,BOF-LH-02,109.45,45.82,43.76,150.04
2026-04-14 21:00,BOF-LH-02,114.73,49.91,51.14,151.14
2026-04-14 22:00,BOF-LH-02,120.64,48.47,46.95,153.89
2026-04-14 23:00,BOF-LH-02,128.81,45.89,51.36,156.2
2026-04-15 00:00,BOF-LH-02,118.53,51.71,55.56,156.35
2026-04-15 01:00,BOF-LH-02,135.94,52.36,53.39,164.53
2026-04-15 02:00,BOF-LH-02,140.77,53.54,55.55,168.72
2026-04-15 03:00,BOF-LH-02,144.51,59.37,55.95,173.55
2026-04-15 04:00,BOF-LH-02,152.89,57.3,55.66,169.0
2026-04-15 05:00,BOF-LH-02,155.05,55.75,60.62,166.94
2026-04-15 06:00,BOF-LH-02,147.6,59.43,58.73,169.34
2026-04-15 07:00,BOF-LH-02,155.68,57.72,60.51,176.28
2026-04-15 08:00,BOF-LH-02,139.91,58.13,57.47,175.71
2026-04-15 09:00,BOF-LH-02,125.63,55.45,54.49,167.08
2026-04-15 10:00,BOF-LH-02,134.66,54.95,54.73,163.92
2026-04-15 11:00,BOF-LH-02,130.76,52.12,54.49,161.1
2026-04-15 12:00,BOF-LH-02,116.2,46.4,54.48,157.85
2026-04-15 13:00,BOF-LH-02,126.52,52.66,47.72,158.67
2026-04-15 14:00,BOF-LH-02,119.45,43.39,52.95,155.31
2026-04-15 15:00,BOF-LH-02,122.68,45.09,48.86,156.75
2026-04-15 16:00,BOF-LH-02,113.95,43.39,48.0,156.42
2026-04-15 17:00,BOF-LH-02,109.36,47.44,44.43,148.07
2026-04-15 18:00,BOF-LH-02,117.98,44.65,51.4,154.85
2026-04-15 19:00,BOF-LH-02,121.11,47.35,44.4,149.19
2026-04-15 20:00,BOF-LH-02,108.81,44.07,47.77,146.95
2026-04-15 21:00,BOF-LH-02,105.13,43.51,47.51,148.39
2026-04-15 22:00,BOF-LH-02,118.53,42.41,47.43,159.02
2026-04-15 23:00,BOF-LH-02,102.95,48.65,54.17,162.02
2026-04-16 00:00,BOF-LH-02,128.93,56.44,48.61,161.54
2026-04-16 01:00,BOF-LH-02,132.15,54.27,59.84,159.2
2026-04-16 02:00,BOF-LH-02,145.25,61.74,56.13,166.69
2026-04-16 03:00,BOF-LH-02,133.24,59.53,60.72,160.24
2026-04-16 04:00,BOF-LH-02,148.13,55.71,56.54,170.24
2026-04-16 05:00,BOF-LH-02,152.32,55.26,58.48,168.06
2026-04-16 06:00,BOF-LH-02,148.92,58.34,57.61,171.85
2026-04-16 07:00,BOF-LH-02,141.82,61.25,57.63,163.96
2026-04-16 08:00,BOF-LH-02,129.27,58.73,59.47,176.22
2026-04-16 09:00,BOF-LH-02,147.61,51.55,53.52,166.96
2026-04-16 10:00,BOF-LH-02,143.8,52.28,54.04,169.61
2026-04-16 11:00,BOF-LH-02,137.76,51.37,53.96,164.52
2026-04-16 12:00,BOF-LH-02,122.43,46.78,53.01,158.51
2026-04-16 13:00,BOF-LH-02,131.6,46.88,53.01,155.66
2026-04-16 14:00,BOF-LH-02,127.58,46.4,48.18,155.61
2026-04-16 15:00,BOF-LH-02,113.59,42.03,50.79,150.46
2026-04-16 16:00,BOF-LH-02,122.18,44.35,42.59,151.11
2026-04-16 17:00,BOF-LH-02,110.59,40.03,42.09,158.07
2026-04-16 18:00,BOF-LH-02,121.25,50.46,47.39,148.1
2026-04-16 19:00,BOF-LH-02,104.99,42.18,47.84,152.08
2026-04-16 20:00,BOF-LH-02,111.64,42.96,49.49,156.56
2026-04-16 21:00,BOF-LH-02,114.02,52.02,47.42,147.57
2026-04-16 22:00,BOF-LH-02,116.54,44.76,51.25,155.75
2026-04-16 23:00,BOF-LH-02,122.78,49.98,49.53,158.84
2026-04-17 00:00,BOF-LH-02,137.21,48.15,51.48,163.19
2026-04-17 01:00,BOF-LH-02,122.09,55.37,52.65,160.92
2026-04-17 02:00,BOF-LH-02,127.5,55.23,59.13,159.1
2026-04-17 03:00,BOF-LH-02,142.06,64.69,56.66,164.46
2026-04-17 04:00,BOF-LH-02,146.21,54.6,57.28,166.01
2026-04-17 05:00,BOF-LH-02,127.0,52.52,56.48,164.67
2026-04-17 06:00,BOF-LH-02,140.3,60.83,57.66,181.01
2026-04-17 07:00,BOF-LH-02,137.41,58.47,57.96,169.42
2026-04-17 08:00,BOF-LH-02,139.53,56.11,57.95,165.26
2026-04-17 09:00,BOF-LH-02,140.88,53.36,54.65,163.71
2026-04-17 10:00,BOF-LH-02,142.19,57.39,58.67,161.22
2026-04-17 11:00,BOF-LH-02,135.51,46.06,55.81,160.55
2026-04-17 12:00,BOF-LH-02,125.35,40.75,53.5,164.41
2026-04-17 13:00,BOF-LH-02,140.41,47.76,52.27,155.92
2026-04-17 14:00,BOF-LH-02,126.07,46.47,51.1,156.44
2026-04-17 15:00,BOF-LH-02,126.35,43.45,49.3,154.38
2026-04-17 16:00,BOF-LH-02,117.15,39.5,43.76,153.07
2026-04-17 17:00,BOF-LH-02,117.83,40.09,49.59,154.25
2026-04-17 18:00,BOF-LH-02,115.0,37.17,50.64,145.82
2026-04-17 19:00,BOF-LH-02,108.65,37.51,49.2,155.1
2026-04-17 20:00,BOF-LH-02,126.12,40.7,44.78,155.08
2026-04-17 21:00,BOF-LH-02,125.44,51.09,51.86,153.4
2026-04-17 22:00,BOF-LH-02,115.55,49.77,50.51,156.97
2026-04-17 23:00,BOF-LH-02,122.0,47.99,51.04,164.77
2026-04-18 00:00,BOF-LH-02,120.69,49.03,51.09,166.19
2026-04-18 01:00,BOF-LH-02,144.64,48.69,50.21,165.03
2026-04-18 02:00,BOF-LH-02,144.43,56.23,54.9,162.67
2026-04-18 03:00,BOF-LH-02,140.13,51.04,57.05,161.07
2026-04-18 04:00,BOF-LH-02,147.98,58.08,57.48,166.02
2026-04-18 05:00,BOF-LH-02,152.34,59.04,51.12,170.94
2026-04-18 06:00,BOF-LH-02,147.72,52.46,55.7,173.02
2026-04-18 07:00,BOF-LH-02,147.27,55.44,58.23,169.89
2026-04-18 08:00,BOF-LH-02,143.73,61.66,57.13,170.39
2026-04-18 09:00,BOF-LH-02,142.58,59.17,58.92,161.18
2026-04-18 10:00,BOF-LH-02,135.18,49.4,54.89,167.68
2026-04-18 11:00,BOF-LH-02,125.0,52.44,56.83,159.66
2026-04-18 12:00,BOF-LH-02,132.21,48.46,51.85,154.3
2026-04-18 13:00,BOF-LH-02,118.62,50.06,52.45,157.33
2026-04-18 14:00,BOF-LH-02,112.94,49.53,50.11,151.54
2026-04-18 15:00,BOF-LH-02,114.38,41.99,51.75,161.2
2026-04-18 16:00,BOF-LH-02,115.07,46.78,48.13,158.11
2026-04-18 17:00,BOF-LH-02,106.52,43.4,46.81,156.35
2026-04-18 18:00,BOF-LH-02,100.52,45.32,47.73,151.58
2026-04-18 19:00,BOF-LH-02,122.15,40.43,48.46,152.88
2026-04-18 20:00,BOF-LH-02,119.12,43.07,49.45,155.95
2026-04-18 21:00,BOF-LH-02,111.82,49.35,49.22,150.64
2026-04-18 22:00,BOF-LH-02,117.51,41.25,51.44,154.9
2026-04-18 23:00,BOF-LH-02,123.99,49.66,53.77,155.8
2026-04-19 00:00,BOF-LH-02,116.8,45.92,54.65,162.94
2026-04-19 01:00,BOF-LH-02,140.67,52.55,54.9,157.48
2026-04-19 02:00,BOF-LH-02,139.13,46.18,56.43,162.42
2026-04-19 03:00,BOF-LH-02,150.85,48.26,57.19,166.26
2026-04-19 04:00,BOF-LH-02,147.78,58.78,59.27,164.64
2026-04-19 05:00,BOF-LH-02,146.57,57.28,54.0,169.77
2026-04-19 06:00,BOF-LH-02,146.37,59.4,56.65,173.89
2026-04-19 07:00,BOF-LH-02,141.88,60.12,55.89,173.02
2026-04-19 08:00,BOF-LH-02,144.95,54.02,56.28,168.22
2026-04-19 09:00,BOF-LH-02,145.94,53.24,59.94,170.85
2026-04-19 10:00,BOF-LH-02,138.5,53.19,53.86,163.52
2026-04-19 11:00,BOF-LH-02,127.34,55.11,51.85,162.12
2026-04-19 12:00,BOF-LH-02,131.31,56.28,53.06,152.34
2026-04-19 13:00,BOF-LH-02,106.64,49.83,51.7,161.22
2026-04-19 14:00,BOF-LH-02,134.89,51.45,52.78,156.94
2026-04-19 15:00,BOF-LH-02,121.45,44.57,45.48,148.77
2026-04-19 16:00,BOF-LH-02,115.83,45.36,48.34,149.16
2026-04-19 17:00,BOF-LH-02,123.13,43.94,48.02,151.47
2026-04-19 18:00,BOF-LH-02,132.58,40.53,44.31,147.2
2026-04-19 19:00,BOF-LH-02,106.41,46.07,48.24,147.19
2026-04-19 20:00,BOF-LH-02,124.12,50.85,49.88,152.99
2026-04-19 21:00,BOF-LH-02,120.83,46.49,48.45,149.6
2026-04-19 22:00,BOF-LH-02,115.07,48.64,49.21,142.58
2026-04-19 23:00,BOF-LH-02,129.03,48.44,52.95,163.25
2026-04-20 00:00,BOF-LH-02,132.66,51.26,51.91,156.39
2026-04-20 01:00,BOF-LH-02,121.97,52.16,51.76,166.75
2026-04-20 02:00,BOF-LH-02,143.92,55.59,57.77,164.53
2026-04-20 03:00,BOF-LH-02,146.75,51.97,56.42,167.31
2026-04-20 04:00,BOF-LH-02,139.32,58.53,54.83,171.9
2026-04-20 05:00,BOF-LH-02,137.74,53.68,62.02,172.8
2026-04-20 06:00,BOF-LH-02,143.4,56.28,63.43,159.07
2026-04-20 07:00,BOF-LH-02,136.34,56.79,56.51,169.19
2026-04-20 08:00,BOF-LH-02,149.3,59.31,56.27,161.94
2026-04-20 09:00,BOF-LH-02,156.37,52.48,57.68,173.54
2026-04-20 10:00,BOF-LH-02,145.04,54.51,54.89,163.48
2026-04-20 11:00,BOF-LH-02,130.24,50.59,57.98,157.68
2026-04-20 12:00,BOF-LH-02,126.99,49.25,51.36,158.92
2026-04-20 13:00,BOF-LH-02,124.55,46.47,48.12,158.01
2026-04-20 14:00,BOF-LH-02,136.86,48.69,47.91,154.85
2026-04-20 15:00,BOF-LH-02,110.49,45.11,49.75,149.45
2026-04-20 16:00,BOF-LH-02,102.41,50.87,43.67,157.04
2026-04-20 17:00,BOF-LH-02,111.62,41.32,47.2,149.75
2026-04-20 18:00,BOF-LH-02,110.28,48.13,45.82,147.38
2026-04-20 19:00,BOF-LH-02,111.18,39.77,46.44,146.38
2026-04-20 20:00,BOF-LH-02,124.28,47.25,47.39,156.5
2026-04-20 21:00,BOF-LH-02,114.55,41.18,52.51,151.53
2026-04-20 22:00,BOF-LH-02,116.97,40.84,49.65,159.76
2026-04-20 23:00,BOF-LH-02,125.93,50.35,50.35,157.91
2026-04-21 00:00,BOF-LH-02,136.02,53.01,50.7,161.46
2026-04-21 01:00,BOF-LH-02,131.83,52.29,52.74,159.7
2026-04-21 02:00,BOF-LH-02,137.75,49.03,59.88,161.03
2026-04-21 03:00,BOF-LH-02,144.35,53.96,61.98,160.82
2026-04-21 04:00,BOF-LH-02,149.93,62.04,55.44,166.34
2026-04-21 05:00,BOF-LH-02,148.44,56.3,58.69,162.42
2026-04-21 06:00,BOF-LH-02,138.44,52.75,57.06,169.02
2026-04-21 07:00,BOF-LH-02,146.04,59.46,55.0,161.78
2026-04-21 08:00,BOF-LH-02,142.55,56.03,58.27,166.78
2026-04-21 09:00,BOF-LH-02,141.96,52.45,57.05,173.44
2026-04-21 10:00,BOF-LH-02,134.19,58.05,54.37,170.59
2026-04-21 11:00,BOF-LH-02,132.13,55.34,55.48,165.38
2026-04-21 12:00,BOF-LH-02,127.76,47.32,56.51,160.4
2026-04-21 13:00,BOF-LH-02,115.4,48.12,52.13,158.96
2026-04-21 14:00,BOF-LH-02,118.82,42.65,51.03,146.44
2026-04-21 15:00,BOF-LH-02,117.66,48.16,50.97,158.15
2026-04-21 16:00,BOF-LH-02,112.34,43.66,49.25,154.44
2026-04-21 17:00,BOF-LH-02,106.66,40.34,47.51,159.32
2026-04-21 18:00,BOF-LH-02,100.34,45.18,41.67,149.12
2026-04-21 19:00,BOF-LH-02,112.44,47.52,47.73,148.87
2026-04-21 20:00,BOF-LH-02,113.56,41.39,46.16,153.68
2026-04-21 21:00,BOF-LH-02,128.14,49.76,49.43,156.62
2026-04-21 22:00,BOF-LH-02,129.05,48.45,49.13,152.54
2026-04-21 23:00,BOF-LH-02,114.67,49.02,53.3,163.2
2026-04-22 00:00,BOF-LH-02,130.84,54.08,53.6,161.83
2026-04-22 01:00,BOF-LH-02,133.96,53.1,57.7,165.92
2026-04-22 02:00,BOF-LH-02,145.3,58.03,57.87,169.46
2026-04-22 03:00,BOF-LH-02,139.54,58.22,54.83,166.34
2026-04-22 04:00,BOF-LH-02,148.68,54.11,60.04,173.17
2026-04-22 05:00,BOF-LH-02,147.84,60.46,60.48,171.62
2026-04-22 06:00,BOF-LH-02,150.0,56.87,58.08,168.91
2026-04-22 07:00,BOF-LH-02,134.04,57.67,57.06,174.37
2026-04-22 08:00,BOF-LH-02,141.82,57.42,56.71,164.23
2026-04-22 09:00,BOF-LH-02,165.3,52.25,60.15,163.07
2026-04-22 10:00,BOF-LH-02,133.76,51.4,58.01,160.87
2026-04-22 11:00,BOF-LH-02,129.62,49.77,54.12,166.58
2026-04-22 12:00,BOF-LH-02,141.02,46.09,52.13,159.07
2026-04-22 13:00,BOF-LH-02,123.92,48.92,47.72,160.95
2026-04-22 14:00,BOF-LH-02,126.77,47.06,49.87,157.23
2026-04-22 15:00,BOF-LH-02,122.0,53.82,47.26,152.84
2026-04-22 16:00,BOF-LH-02,101.67,45.13,50.19,157.12
2026-04-22 17:00,BOF-LH-02,122.36,42.21,46.65,147.83
2026-04-22 18:00,BOF-LH-02,103.59,41.32,49.09,152.14
2026-04-22 19:00,BOF-LH-02,104.56,41.05,44.35,149.97
2026-04-22 20:00,BOF-LH-02,116.01,40.22,46.25,154.35
2026-04-22 21:00,BOF-LH-02,111.04,42.73,49.13,153.98
2026-04-22 22:00,BOF-LH-02,126.75,47.24,49.02,154.8
2026-04-22 23:00,BOF-LH-02,125.22,45.02,50.6,162.46
2026-04-23 00:00,BOF-LH-02,144.6,53.28,53.37,161.11
2026-04-23 01:00,BOF-LH-02,134.55,55.48,54.13,165.8
2026-04-23 02:00,BOF-LH-02,136.4,54.66,54.66,163.99
2026-04-23 03:00,BOF-LH-02,150.04,58.82,58.64,160.81
2026-04-23 04:00,BOF-LH-02,137.81,52.41,60.35,171.29
2026-04-23 05:00,BOF-LH-02,135.06,54.96,56.68,175.15
2026-04-23 06:00,BOF-LH-02,150.24,57.31,58.19,170.0
2026-04-23 07:00,BOF-LH-02,149.96,60.78,58.12,171.87
2026-04-23 08:00,BOF-LH-02,133.77,59.82,59.78,162.99
2026-04-23 09:00,BOF-LH-02,144.51,53.4,57.91,169.36
2026-04-23 10:00,BOF-LH-02,129.61,53.44,58.09,166.75
2026-04-23 11:00,BOF-LH-02,135.24,47.5,55.35,164.7
2026-04-23 12:00,BOF-LH-02,118.93,53.28,51.79,156.92
2026-04-23 13:00,BOF-LH-02,133.46,50.13,49.05,153.55
2026-04-23 14:00,BOF-LH-02,114.79,43.89,49.62,144.84
2026-04-23 15:00,BOF-LH-02,120.48,44.05,51.14,162.12
2026-04-23 16:00,BOF-LH-02,105.3,47.31,51.12,148.52
2026-04-23 17:00,BOF-LH-02,122.53,45.93,46.76,148.0
2026-04-23 18:00,BOF-LH-02,121.91,45.49,43.39,156.23
2026-04-23 19:00,BOF-LH-02,109.11,45.78,47.22,154.1
2026-04-23 20:00,BOF-LH-02,120.06,40.6,52.55,151.71
2026-04-23 21:00,BOF-LH-02,110.66,47.99,47.83,154.47
2026-04-23 22:00,BOF-LH-02,109.56,42.01,48.76,150.8
2026-04-23 23:00,BOF-LH-02,128.71,46.14,51.12,162.68
2026-04-24 00:00,BOF-LH-02,123.16,52.95,54.89,161.52
2026-04-24 01:00,BOF-LH-02,119.76,52.07,56.04,165.74
2026-04-24 02:00,BOF-LH-02,154.94,49.53,60.13,164.99
2026-04-24 03:00,BOF-LH-02,144.12,50.32,53.57,165.83
2026-04-24 04:00,BOF-LH-02,146.26,55.79,61.02,166.91
2026-04-24 05:00,BOF-LH-02,152.2,58.41,59.29,161.29
2026-04-24 06:00,BOF-LH-02,154.12,56.44,56.54,174.66
2026-04-24 07:00,BOF-LH-02,154.56,57.94,57.19,173.59
2026-04-24 08:00,BOF-LH-02,145.21,61.34,59.4,166.42
2026-04-24 09:00,BOF-LH-02,142.94,57.48,62.53,165.49
2026-04-24 10:00,BOF-LH-02,144.61,52.58,53.79,172.56
2026-04-24 11:00,BOF-LH-02,137.77,55.91,54.71,152.66
2026-04-24 12:00,BOF-LH-02,129.46,52.55,49.28,157.86
2026-04-24 13:00,BOF-LH-02,116.86,52.43,49.26,159.21
2026-04-24 14:00,BOF-LH-02,123.21,44.36,49.73,153.78
2026-04-24 15:00,BOF-LH-02,125.87,44.82,49.57,147.49
2026-04-24 16:00,BOF-LH-02,116.29,42.95,46.48,149.85
2026-04-24 17:00,BOF-LH-02,110.62,35.73,46.16,150.29
2026-04-24 18:00,BOF-LH-02,110.19,42.68,49.12,154.31
2026-04-24 19:00,BOF-LH-02,108.07,46.87,48.81,149.48
2026-04-24 20:00,BOF-LH-02,117.53,38.75,51.39,149.03
2026-04-24 21:00,BOF-LH-02,108.59,45.02,50.72,149.51
2026-04-24 22:00,BOF-LH-02,134.37,44.48,50.89,158.22
2026-04-24 23:00,BOF-LH-02,122.56,53.54,49.56,162.03
2026-04-25 00:00,BOF-LH-02,131.0,48.13,52.03,163.98
2026-04-25 01:00,BOF-LH-02,122.11,56.31,51.38,162.61
2026-04-25 02:00,BOF-LH-02,134.85,52.03,54.41,173.27
2026-04-25 03:00,BOF-LH-02,162.09,55.33,55.37,165.57
2026-04-25 04:00,BOF-LH-02,148.41,49.44,58.02,169.52
2026-04-25 05:00,BOF-LH-02,154.43,59.23,60.16,168.11
2026-04-25 06:00,BOF-LH-02,159.48,57.22,60.4,168.17
2026-04-25 07:00,BOF-LH-02,147.86,59.08,55.06,166.46
2026-04-25 08:00,BOF-LH-02,136.79,59.48,57.63,167.73
2026-04-25 09:00,BOF-LH-02,134.62,58.42,56.83,170.31
2026-04-25 10:00,BOF-LH-02,140.91,59.28,53.33,167.13
2026-04-25 11:00,BOF-LH-02,127.86,55.79,55.85,167.48
2026-04-25 12:00,BOF-LH-02,137.01,46.62,56.34,161.45
2026-04-25 13:00,BOF-LH-02,115.4,45.23,48.31,164.46
2026-04-25 14:00,BOF-LH-02,110.55,43.98,46.76,154.84
2026-04-25 15:00,BOF-LH-02,110.88,43.46,48.45,157.08
2026-04-25 16:00,BOF-LH-02,119.21,47.93,52.55,149.84
2026-04-25 17:00,BOF-LH-02,114.0,40.24,46.68,145.71
2026-04-25 18:00,BOF-LH-02,97.99,37.23,48.22,149.14
2026-04-25 19:00,BOF-LH-02,110.79,42.67,43.63,144.12
2026-04-25 20:00,BOF-LH-02,108.02,48.08,44.06,148.88
2026-04-25 21:00,BOF-LH-02,118.5,42.89,49.12,156.76
2026-04-25 22:00,BOF-LH-02,125.54,47.71,51.84,156.36
2026-04-25 23:00,BOF-LH-02,127.57,47.64,51.81,151.57
2026-04-26 00:00,BOF-LH-02,134.88,52.83,55.56,154.82
2026-04-26 01:00,BOF-LH-02,129.88,52.51,51.44,161.28
2026-04-26 02:00,BOF-LH-02,123.88,52.18,51.87,165.54
2026-04-26 03:00,BOF-LH-02,159.64,55.81,57.85,171.94
2026-04-26 04:00,BOF-LH-02,158.38,57.46,54.41,174.29
2026-04-26 05:00,BOF-LH-02,149.97,59.56,58.84,166.7
2026-04-26 06:00,BOF-LH-02,138.22,51.31,57.79,166.51
2026-04-26 07:00,BOF-LH-02,144.54,60.13,55.19,165.54
2026-04-26 08:00,BOF-LH-02,146.26,55.25,56.1,162.55
2026-04-26 09:00,BOF-LH-02,158.46,55.66,56.79,173.55
2026-04-26 10:00,BOF-LH-02,136.47,51.79,57.88,163.42
2026-04-26 11:00,BOF-LH-02,136.54,54.07,51.36,170.92
2026-04-26 12:00,BOF-LH-02,134.67,45.86,50.22,155.21
2026-04-26 13:00,BOF-LH-02,128.38,45.23,48.9,155.16
2026-04-26 14:00,BOF-LH-02,120.88,46.68,49.58,155.86
2026-04-26 15:00,BOF-LH-02,123.86,45.32,48.16,147.32
2026-04-26 16:00,BOF-LH-02,116.43,43.88,45.72,161.25
2026-04-26 17:00,BOF-LH-02,117.1,44.8,45.29,150.69
2026-04-26 18:00,BOF-LH-02,110.21,40.27,47.38,150.37
2026-04-26 19:00,BOF-LH-02,102.26,41.36,48.36,152.38
2026-04-26 20:00,BOF-LH-02,117.11,43.73,46.48,153.42
2026-04-26 21:00,BOF-LH-02,119.61,44.24,48.46,150.24
2026-04-26 22:00,BOF-LH-02,127.16,46.79,49.05,157.3
2026-04-26 23:00,BOF-LH-02,143.34,44.18,54.16,153.52
2026-04-27 00:00,BOF-LH-02,131.12,47.54,52.21,157.59
2026-04-27 01:00,BOF-LH-02,130.95,44.63,55.86,160.94
2026-04-27 02:00,BOF-LH-02,131.91,53.64,54.33,165.1
2026-04-27 03:00,BOF-LH-02,135.98,56.89,55.97,162.86
2026-04-27 04:00,BOF-LH-02,139.21,58.32,63.44,170.36
2026-04-27 05:00,BOF-LH-02,148.74,57.05,56.7,172.27
2026-04-27 06:00,BOF-LH-02,138.03,56.93,57.56,168.44
2026-04-27 07:00,BOF-LH-02,144.18,60.72,57.69,172.87
2026-04-27 08:00,BOF-LH-02,144.83,54.05,59.33,170.55
2026-04-27 09:00,BOF-LH-02,138.23,55.35,58.07,170.59
2026-04-27 10:00,BOF-LH-02,152.47,52.7,56.58,166.19
2026-04-27 11:00,BOF-LH-02,135.12,51.82,58.03,159.91
2026-04-27 12:00,BOF-LH-02,135.37,53.33,52.22,154.86
2026-04-27 13:00,BOF-LH-02,123.41,52.39,51.74,156.17
2026-04-27 14:00,BOF-LH-02,114.86,43.76,52.76,156.67
2026-04-27 15:00,BOF-LH-02,117.92,44.98,49.17,152.87
2026-04-27 16:00,BOF-LH-02,111.93,43.19,41.84,150.2
2026-04-27 17:00,BOF-LH-02,108.74,39.27,45.96,145.8
2026-04-27 18:00,BOF-LH-02,116.11,45.39,48.06,152.08
2026-04-27 19:00,BOF-LH-02,104.29,38.89,46.57,153.29
2026-04-27 20:00,BOF-LH-02,114.82,43.19,48.46,153.07
2026-04-27 21:00,BOF-LH-02,122.73,47.04,47.22,155.76
2026-04-27 22:00,BOF-LH-02,124.63,45.92,45.5,161.97
2026-04-27 23:00,BOF-LH-02,127.11,47.05,49.75,157.45
2026-04-28 00:00,BOF-LH-02,129.14,48.06,54.11,156.9
2026-04-28 01:00,BOF-LH-02,138.23,53.48,52.64,165.57
2026-04-28 02:00,BOF-LH-02,136.66,52.6,56.09,159.75
2026-04-28 03:00,BOF-LH-02,142.77,53.54,54.47,174.56
2026-04-28 04:00,BOF-LH-02,142.55,56.2,56.54,174.59
2026-04-28 05:00,BOF-LH-02,154.59,59.24,59.65,176.24
2026-04-28 06:00,BOF-LH-02,136.04,56.1,57.81,165.87
2026-04-28 07:00,BOF-LH-02,154.34,61.25,59.46,170.54
2026-04-28 08:00,BOF-LH-02,151.96,59.35,57.78,171.96
2026-04-28 09:00,BOF-LH-02,141.54,58.04,53.48,154.84
2026-04-28 10:00,BOF-LH-02,144.66,49.7,55.95,167.19
2026-04-28 11:00,BOF-LH-02,125.32,46.8,51.13,160.41
2026-04-28 12:00,BOF-LH-02,120.36,48.56,53.73,149.0
2026-04-28 13:00,BOF-LH-02,116.71,52.87,50.81,155.74
2026-04-28 14:00,BOF-LH-02,126.76,46.76,44.37,154.74
2026-04-28 15:00,BOF-LH-02,106.87,46.9,47.56,150.03
2026-04-28 16:00,BOF-LH-02,112.58,38.13,44.74,146.82
2026-04-28 17:00,BOF-LH-02,126.66,49.35,46.91,145.84
2026-04-28 18:00,BOF-LH-02,113.69,43.47,49.34,152.31
2026-04-28 19:00,BOF-LH-02,103.12,37.56,49.12,158.67
2026-04-28 20:00,BOF-LH-02,101.02,41.86,46.39,148.26
2026-04-28 21:00,BOF-LH-02,107.84,45.16,49.64,149.61
2026-04-28 22:00,BOF-LH-02,116.14,45.41,47.68,151.61
2026-04-28 23:00,BOF-LH-02,126.87,44.73,49.78,151.94
2026-04-29 00:00,BOF-LH-02,132.86,46.85,52.07,158.69
2026-04-29 01:00,BOF-LH-02,142.28,51.65,55.84,162.59
2026-04-29 02:00,BOF-LH-02,140.8,52.79,59.74,160.23
2026-04-29 03:00,BOF-LH-02,162.58,55.82,57.23,165.56
2026-04-29 04:00,BOF-LH-02,145.54,55.45,58.64,169.54
2026-04-29 05:00,BOF-LH-02,160.1,57.34,59.02,168.45
2026-04-29 06:00,BOF-LH-02,143.2,60.68,57.98,171.4
2026-04-29 07:00,BOF-LH-02,147.27,57.82,60.32,176.93
2026-04-29 08:00,BOF-LH-02,136.8,56.57,59.59,168.12
2026-04-29 09:00,BOF-LH-02,153.71,60.63,58.82,163.34
2026-04-29 10:00,BOF-LH-02,141.97,52.39,53.21,167.98
2026-04-29 11:00,BOF-LH-02,125.25,50.99,54.95,169.36
2026-04-29 12:00,BOF-LH-02,135.01,56.17,53.17,157.56
2026-04-29 13:00,BOF-LH-02,121.75,49.94,51.51,157.82
2026-04-29 14:00,BOF-LH-02,115.7,44.35,46.78,158.84
2026-04-29 15:00,BOF-LH-02,116.57,47.48,49.04,147.24
2026-04-29 16:00,BOF-LH-02,106.21,41.35,49.4,156.0
2026-04-29 17:00,BOF-LH-02,117.54,37.95,51.49,151.54
2026-04-29 18:00,BOF-LH-02,126.75,38.83,47.44,145.2
2026-04-29 19:00,BOF-LH-02,106.01,42.65,46.22,152.79
2026-04-29 20:00,BOF-LH-02,113.62,38.97,46.83,157.45
2026-04-29 21:00,BOF-LH-02,110.94,43.51,46.26,154.05
2026-04-29 22:00,BOF-LH-02,117.29,46.64,47.81,158.04
2026-04-29 23:00,BOF-LH-02,129.11,50.23,50.8,162.4
2026-04-30 00:00,BOF-LH-02,126.67,48.98,52.47,166.85
2026-04-30 01:00,BOF-LH-02,129.48,53.29,51.39,161.33
2026-04-30 02:00,BOF-LH-02,148.03,60.38,49.62,162.31
2026-04-30 03:00,BOF-LH-02,131.16,55.89,56.62,169.35
2026-04-30 04:00,BOF-LH-02,148.78,58.32,59.65,165.06
2026-04-30 05:00,BOF-LH-02,145.77,59.74,53.37,174.53
2026-04-30 06:00,BOF-LH-02,149.33,62.68,55.38,171.03
2026-04-30 07:00,BOF-LH-02,151.56,62.5,58.79,166.88
2026-04-30 08:00,BOF-LH-02,124.0,59.77,61.48,170.56
2026-04-30 09:00,BOF-LH-02,143.6,55.42,57.72,165.37
2026-04-30 10:00,BOF-LH-02,135.5,52.93,57.25,168.39
2026-04-30 11:00,BOF-LH-02,126.75,51.19,56.76,164.35
2026-04-30 12:00,BOF-LH-02,124.06,46.77,49.49,161.7
2026-04-30 13:00,BOF-LH-02,113.99,52.19,47.14,160.4
2026-04-30 14:00,BOF-LH-02,112.07,49.1,47.17,162.39
2026-04-30 15:00,BOF-LH-02,114.23,40.54,45.65,156.33
2026-04-30 16:00,BOF-LH-02,120.19,43.54,45.52,143.96
2026-04-30 17:00,BOF-LH-02,109.18,43.3,48.46,150.61
2026-04-30 18:00,BOF-LH-02,97.55,43.8,46.86,150.83
2026-04-30 19:00,BOF-LH-02,104.05,44.36,49.26,141.34
2026-04-30 20:00,BOF-LH-02,123.96,44.02,50.27,149.16
2026-04-30 21:00,BOF-LH-02,116.46,46.69,49.29,150.2
2026-04-30 22:00,BOF-LH-02,113.64,47.39,44.33,155.2
2026-04-30 23:00,BOF-LH-02,128.14,44.89,50.03,154.87
2026-05-01 00:00,BOF-LH-02,129.65,53.42,53.47,157.18
2026-05-01 01:00,BOF-LH-02,126.08,50.76,55.31,158.55
2026-05-01 02:00,BOF-LH-02,134.95,54.54,58.41,171.12
2026-05-01 03:00,BOF-LH-02,129.55,52.9,56.08,170.39
2026-05-01 04:00,BOF-LH-02,145.07,58.52,54.49,166.17
2026-05-01 05:00,BOF-LH-02,148.25,58.22,56.11,166.05
2026-05-01 06:00,BOF-LH-02,147.7,59.6,53.53,171.98
2026-05-01 07:00,BOF-LH-02,156.34,58.41,56.47,175.3
2026-05-01 08:00,BOF-LH-02,143.51,54.25,58.2,166.16
2026-05-01 09:00,BOF-LH-02,126.46,54.12,57.36,168.82
2026-05-01 10:00,BOF-LH-02,142.61,56.42,57.14,159.32
2026-05-01 11:00,BOF-LH-02,123.39,47.95,54.76,162.73
2026-05-01 12:00,BOF-LH-02,132.85,48.29,52.05,158.56
2026-05-01 13:00,BOF-LH-02,121.29,45.5,50.27,157.02
2026-05-01 14:00,BOF-LH-02,128.22,40.21,52.75,153.28
2026-05-01 15:00,BOF-LH-02,108.08,40.45,48.19,149.32
2026-05-01 16:00,BOF-LH-02,104.02,42.03,49.7,147.42
2026-05-01 17:00,BOF-LH-02,135.26,46.24,44.24,152.08
2026-05-01 18:00,BOF-LH-02,111.15,37.96,48.16,149.18
2026-05-01 19:00,BOF-LH-02,102.97,45.59,47.43,152.87
2026-05-01 20:00,BOF-LH-02,120.2,38.81,44.94,153.38
2026-05-01 21:00,BOF-LH-02,118.44,48.56,50.62,156.05
2026-05-01 22:00,BOF-LH-02,118.81,41.83,52.18,155.2
2026-05-01 23:00,BOF-LH-02,137.42,51.67,50.81,156.15
2026-05-02 00:00,BOF-LH-02,129.33,52.84,52.89,156.88
2026-05-02 01:00,BOF-LH-02,130.68,51.82,51.47,169.74
2026-05-02 02:00,BOF-LH-02,134.72,60.02,49.91,161.72
2026-05-02 03:00,BOF-LH-02,133.49,58.66,53.18,170.03
2026-05-02 04:00,BOF-LH-02,145.36,53.93,57.47,174.93
2026-05-02 05:00,BOF-LH-02,151.33,53.96,60.88,171.65
2026-05-02 06:00,BOF-LH-02,143.8,54.71,57.84,162.48
2026-05-02 07:00,BOF-LH-02,139.64,62.16,55.72,167.2
2026-05-02 08:00,BOF-LH-02,138.2,58.12,57.55,165.34
2026-05-02 09:00,BOF-LH-02,145.62,55.04,57.13,160.08
2026-05-02 10:00,BOF-LH-02,138.76,52.78,54.26,160.74
2026-05-02 11:00,BOF-LH-02,135.36,50.22,50.76,161.5
2026-05-02 12:00,BOF-LH-02,127.14,49.39,51.5,162.31
2026-05-02 13:00,BOF-LH-02,112.7,52.08,51.21,157.26
2026-05-02 14:00,BOF-LH-02,128.55,47.66,49.55,155.26
2026-05-02 15:00,BOF-LH-02,122.42,47.74,50.89,154.43
2026-05-02 16:00,BOF-LH-02,118.36,44.2,47.13,150.38
2026-05-02 17:00,BOF-LH-02,123.85,44.91,50.24,149.39
2026-05-02 18:00,BOF-LH-02,91.22,39.76,43.07,150.82
2026-05-02 19:00,BOF-LH-02,119.28,45.81,47.59,147.14
2026-05-02 20:00,BOF-LH-02,110.86,47.76,47.18,145.04
2026-05-02 21:00,BOF-LH-02,113.87,45.06,46.54,153.18
2026-05-02 22:00,BOF-LH-02,134.06,52.15,50.81,152.73
2026-05-02 23:00,BOF-LH-02,113.77,47.68,52.39,158.95
2026-05-03 00:00,BOF-LH-02,121.68,50.06,57.02,163.45
2026-05-03 01:00,BOF-LH-02,141.27,48.42,52.35,159.45
2026-05-03 02:00,BOF-LH-02,139.95,51.49,56.05,173.01
2026-05-03 03:00,BOF-LH-02,141.37,52.95,56.46,174.6
2026-05-03 04:00,BOF-LH-02,150.71,58.01,52.52,170.19
2026-05-03 05:00,BOF-LH-02,145.77,59.06,53.92,171.77
2026-05-03 06:00,BOF-LH-02,147.81,60.32,58.55,169.57
2026-05-03 07:00,BOF-LH-02,136.83,58.53,59.23,159.56
2026-05-03 08:00,BOF-LH-02,139.52,55.71,56.93,174.13
2026-05-03 09:00,BOF-LH-02,141.71,59.43,55.24,169.17
2026-05-03 10:00,BOF-LH-02,145.59,56.78,57.06,156.01
2026-05-03 11:00,BOF-LH-02,138.84,48.62,56.34,158.67
2026-05-03 12:00,BOF-LH-02,129.72,53.55,53.57,162.12
2026-05-03 13:00,BOF-LH-02,128.71,47.04,45.97,155.23
2026-05-03 14:00,BOF-LH-02,121.11,48.74,49.15,156.54
2026-05-03 15:00,BOF-LH-02,115.95,46.07,46.18,149.78
2026-05-03 16:00,BOF-LH-02,117.39,45.03,45.95,148.68
2026-05-03 17:00,BOF-LH-02,114.03,40.48,46.93,154.37
2026-05-03 18:00,BOF-LH-02,114.56,42.72,45.33,153.88
2026-05-03 19:00,BOF-LH-02,114.94,38.85,46.95,150.86
2026-05-03 20:00,BOF-LH-02,102.01,41.77,47.06,151.49
2026-05-03 21:00,BOF-LH-02,108.67,46.25,50.02,155.29
2026-05-03 22:00,BOF-LH-02,122.8,45.81,47.92,149.73
2026-05-03 23:00,BOF-LH-02,130.69,42.0,55.59,157.01
2026-05-04 00:00,BOF-LH-02,127.36,51.01,48.66,162.39
2026-05-04 01:00,BOF-LH-02,140.62,53.25,54.58,169.41
2026-05-04 02:00,BOF-LH-02,133.02,54.12,56.48,164.64
2026-05-04 03:00,BOF-LH-02,143.32,53.14,56.37,173.48
2026-05-04 04:00,BOF-LH-02,146.27,54.57,58.79,164.58
2026-05-04 05:00,BOF-LH-02,143.69,60.06,55.31,170.34
2026-05-04 06:00,BOF-LH-02,146.88,55.48,58.27,178.98
2026-05-04 07:00,BOF-LH-02,156.17,57.79,59.38,166.58
2026-05-04 08:00,BOF-LH-02,142.75,54.1,53.19,157.81
2026-05-04 09:00,BOF-LH-02,136.73,57.27,57.36,166.55
2026-05-04 10:00,BOF-LH-02,135.07,54.36,53.71,157.96
2026-05-04 11:00,BOF-LH-02,131.48,54.82,54.17,166.25
2026-05-04 12:00,BOF-LH-02,134.95,47.88,51.98,152.83
2026-05-04 13:00,BOF-LH-02,128.19,48.27,52.46,158.56
2026-05-04 14:00,BOF-LH-02,125.13,46.74,48.79,152.38
2026-05-04 15:00,BOF-LH-02,117.1,43.61,48.7,156.37
2026-05-04 16:00,BOF-LH-02,115.11,44.75,45.49,156.49
2026-05-04 17:00,BOF-LH-02,124.67,46.54,46.78,150.19
2026-05-04 18:00,BOF-LH-02,114.23,38.3,46.11,151.38
2026-05-04 19:00,BOF-LH-02,114.44,39.34,49.62,156.95
2026-05-04 20:00,BOF-LH-02,102.93,42.6,47.65,142.17
2026-05-04 21:00,BOF-LH-02,120.32,47.71,47.79,154.93
2026-05-04 22:00,BOF-LH-02,132.89,49.64,48.15,150.42
2026-05-04 23:00,BOF-LH-02,127.29,47.14,51.37,162.47
2026-05-05 00:00,BOF-LH-02,128.26,49.42,53.08,161.49
2026-05-05 01:00,BOF-LH-02,121.09,52.45,52.74,167.58
2026-05-05 02:00,BOF-LH-02,134.31,53.49,58.6,164.92
2026-05-05 03:00,BOF-LH-02,142.38,56.16,60.25,172.97
2026-05-05 04:00,BOF-LH-02,147.79,58.01,56.07,166.59
2026-05-05 05:00,BOF-LH-02,143.95,57.97,54.5,177.18
2026-05-05 06:00,BOF-LH-02,152.3,56.94,62.07,168.3
2026-05-05 07:00,BOF-LH-02,157.87,56.49,57.01,168.49
2026-05-05 08:00,BOF-LH-02,150.09,52.38,61.67,171.6
2026-05-05 09:00,BOF-LH-02,141.07,56.89,52.11,170.12
2026-05-05 10:00,BOF-LH-02,144.91,54.97,55.98,167.07
2026-05-05 11:00,BOF-LH-02,137.1,47.36,52.93,163.67
2026-05-05 12:00,BOF-LH-02,140.28,49.15,47.95,164.35
2026-05-05 13:00,BOF-LH-02,113.13,45.17,46.86,159.76
2026-05-05 14:00,BOF-LH-02,115.97,50.28,49.14,167.18
2026-05-05 15:00,BOF-LH-02,115.47,45.8,46.79,158.39
2026-05-05 16:00,BOF-LH-02,109.84,43.54,50.42,146.29
2026-05-05 17:00,BOF-LH-02,112.16,40.39,46.18,152.75
2026-05-05 18:00,BOF-LH-02,103.06,40.47,46.22,147.32
2026-05-05 19:00,BOF-LH-02,118.74,39.84,49.2,159.55
2026-05-05 20:00,BOF-LH-02,119.78,42.43,46.8,160.16
2026-05-05 21:00,BOF-LH-02,124.25,46.08,49.61,160.07
2026-05-05 22:00,BOF-LH-02,119.82,46.2,51.35,162.24
2026-05-05 23:00,BOF-LH-02,133.65,45.44,49.27,160.81
2026-05-06 00:00,BOF-LH-02,134.55,52.36,56.22,159.55
2026-05-06 01:00,BOF-LH-02,127.35,50.81,53.49,162.33
2026-05-06 02:00,BOF-LH-02,146.63,53.22,49.73,165.83
2026-05-06 03:00,BOF-LH-02,140.07,57.95,57.12,168.57
2026-05-06 04:00,BOF-LH-02,155.48,56.12,57.68,168.61
2026-05-06 05:00,BOF-LH-02,156.21,56.41,55.21,164.24
2026-05-06 06:00,BOF-LH-02,144.46,61.38,60.13,173.21
2026-05-06 07:00,BOF-LH-02,145.14,56.9,51.31,170.4
2026-05-06 08:00,BOF-LH-02,152.46,55.97,60.72,168.39
2026-05-06 09:00,BOF-LH-02,140.2,58.11,55.66,164.68
2026-05-06 10:00,BOF-LH-02,141.31,52.97,55.65,169.02
2026-05-06 11:00,BOF-LH-02,136.6,53.6,55.52,168.4
2026-05-06 12:00,BOF-LH-02,128.99,52.72,51.73,164.02
2026-05-06 13:00,BOF-LH-02,124.14,49.99,51.08,162.16
2026-05-06 14:00,BOF-LH-02,118.58,50.09,48.3,157.66
2026-05-06 15:00,BOF-LH-02,109.21,45.55,48.69,153.88
2026-05-06 16:00,BOF-LH-02,117.13,42.28,51.11,147.6
2026-05-06 17:00,BOF-LH-02,112.62,38.54,44.77,155.6
2026-05-06 18:00,BOF-LH-02,107.26,44.48,49.48,146.75
2026-05-06 19:00,BOF-LH-02,114.65,45.53,47.31,149.04
2026-05-06 20:00,BOF-LH-02,115.65,41.04,50.88,147.81
2026-05-06 21:00,BOF-LH-02,117.93,45.45,48.03,155.17
2026-05-06 22:00,BOF-LH-02,135.22,46.28,49.87,151.63
2026-05-06 23:00,BOF-LH-02,123.09,51.28,49.4,154.17
2026-05-07 00:00,BOF-LH-02,135.29,52.8,51.33,159.72
2026-05-07 01:00,BOF-LH-02,135.85,54.57,53.08,154.34
2026-05-07 02:00,BOF-LH-02,129.33,54.67,54.41,169.63
2026-05-07 03:00,BOF-LH-02,138.93,52.89,54.08,158.23
2026-05-07 04:00,BOF-LH-02,151.88,59.24,57.24,167.77
2026-05-07 05:00,BOF-LH-02,154.14,56.03,57.88,170.1
2026-05-07 06:00,BOF-LH-02,138.18,56.02,59.43,163.34
2026-05-07 07:00,BOF-LH-02,149.97,55.58,57.2,171.11
2026-05-07 08:00,BOF-LH-02,140.57,55.98,60.83,176.35
2026-05-07 09:00,BOF-LH-02,143.93,53.9,56.67,164.76
2026-05-07 10:00,BOF-LH-02,143.56,52.35,50.48,154.76
2026-05-07 11:00,BOF-LH-02,134.02,54.03,56.3,164.52
2026-05-07 12:00,BOF-LH-02,126.01,55.43,52.92,163.98
2026-05-07 13:00,BOF-LH-02,128.02,48.57,48.64,157.64
2026-05-07 14:00,BOF-LH-02,129.95,54.87,54.81,142.39
2026-05-07 15:00,BOF-LH-02,103.72,48.99,46.4,149.82
2026-05-07 16:00,BOF-LH-02,108.7,41.08,46.94,156.58
2026-05-07 17:00,BOF-LH-02,111.79,40.29,50.97,146.43
2026-05-07 18:00,BOF-LH-02,110.66,50.6,49.41,149.58
2026-05-07 19:00,BOF-LH-02,119.95,42.17,42.35,150.97
2026-05-07 20:00,BOF-LH-02,112.11,44.53,48.88,156.5
2026-05-07 21:00,BOF-LH-02,112.06,45.36,50.08,153.84
2026-05-07 22:00,BOF-LH-02,120.57,50.28,49.59,157.51
2026-05-07 23:00,BOF-LH-02,113.24,45.65,47.37,160.66
2026-05-08 00:00,BOF-LH-02,130.35,52.4,53.14,156.85
2026-05-08 01:00,BOF-LH-02,128.28,51.41,55.94,162.79
2026-05-08 02:00,BOF-LH-02,136.61,54.57,57.72,161.53
2026-05-08 03:00,BOF-LH-02,147.98,55.72,55.18,167.71
2026-05-08 04:00,BOF-LH-02,144.6,61.11,56.61,169.69
2026-05-08 05:00,BOF-LH-02,151.3,54.68,56.95,173.34
2026-05-08 06:00,BOF-LH-02,160.24,53.93,52.81,163.22
2026-05-08 07:00,BOF-LH-02,133.78,62.97,62.24,167.97
2026-05-08 08:00,BOF-LH-02,139.87,57.47,58.33,166.51
2026-05-08 09:00,BOF-LH-02,140.71,55.52,54.55,171.54
2026-05-08 10:00,BOF-LH-02,146.21,52.42,56.39,166.56
2026-05-08 11:00,BOF-LH-02,141.45,51.02,56.62,162.71
2026-05-08 12:00,BOF-LH-02,140.46,53.0,52.72,159.08
2026-05-08 13:00,BOF-LH-02,136.82,50.36,49.24,156.21
2026-05-08 14:00,BOF-LH-02,114.35,48.37,47.04,159.25
2026-05-08 15:00,BOF-LH-02,113.36,44.3,46.44,149.89
2026-05-08 16:00,BOF-LH-02,117.38,43.43,46.23,152.94
2026-05-08 17:00,BOF-LH-02,121.83,40.38,44.27,152.87
2026-05-08 18:00,BOF-LH-02,121.37,48.7,47.16,146.42
2026-05-08 19:00,BOF-LH-02,119.77,35.92,47.19,142.85
2026-05-08 20:00,BOF-LH-02,102.21,48.71,45.88,147.96
2026-05-08 21:00,BOF-LH-02,117.25,43.93,49.93,155.99
2026-05-08 22:00,BOF-LH-02,117.84,41.13,49.7,153.8
2026-05-08 23:00,BOF-LH-02,116.81,49.34,52.27,163.36
2026-05-09 00:00,BOF-LH-02,129.61,43.24,54.89,159.37
2026-05-09 01:00,BOF-LH-02,134.1,50.95,55.35,164.71
2026-05-09 02:00,BOF-LH-02,136.47,55.77,52.01,167.25
2026-05-09 03:00,BOF-LH-02,132.8,54.73,54.73,169.48
2026-05-09 04:00,BOF-LH-02,134.71,61.54,56.44,174.55
2026-05-09 05:00,BOF-LH-02,141.8,54.49,57.72,168.87
2026-05-09 06:00,BOF-LH-02,149.19,61.52,57.6,168.71
2026-05-09 07:00,BOF-LH-02,145.25,56.9,56.77,165.98
2026-05-09 08:00,BOF-LH-02,147.92,48.61,57.15,169.27
2026-05-09 09:00,BOF-LH-02,131.94,50.61,55.99,167.25
2026-05-09 10:00,BOF-LH-02,140.72,49.13,58.24,164.59
2026-05-09 11:00,BOF-LH-02,128.82,50.33,53.9,157.5
2026-05-09 12:00,BOF-LH-02,122.37,54.81,51.2,161.15
2026-05-09 13:00,BOF-LH-02,123.08,47.06,53.37,155.87
2026-05-09 14:00,BOF-LH-02,127.03,39.51,48.09,153.26
2026-05-09 15:00,BOF-LH-02,112.69,47.97,44.3,148.95
2026-05-09 16:00,BOF-LH-02,113.13,41.74,46.65,147.92
2026-05-09 17:00,BOF-LH-02,111.43,42.28,49.49,153.06
2026-05-09 18:00,BOF-LH-02,108.85,43.49,47.04,149.64
2026-05-09 19:00,BOF-LH-02,116.31,45.97,43.43,140.74
2026-05-09 20:00,BOF-LH-02,117.45,42.22,45.99,156.21
2026-05-09 21:00,BOF-LH-02,128.51,42.43,48.34,152.88
2026-05-09 22:00,BOF-LH-02,122.36,48.35,48.77,158.6
2026-05-09 23:00,BOF-LH-02,110.84,46.93,53.65,155.94
2026-05-10 00:00,BOF-LH-02,127.99,52.03,53.69,153.98
2026-05-10 01:00,BOF-LH-02,132.41,56.81,53.51,166.34
2026-05-10 02:00,BOF-LH-02,149.27,57.72,54.03,160.72
2026-05-10 03:00,BOF-LH-02,133.37,58.33,54.72,164.24
2026-05-10 04:00,BOF-LH-02,155.3,55.72,59.14,162.61
2026-05-10 05:00,BOF-LH-02,141.96,58.22,60.06,171.18
2026-05-10 06:00,BOF-LH-02,138.3,50.43,58.15,172.04
2026-05-10 07:00,BOF-LH-02,141.25,59.93,57.17,168.18
2026-05-10 08:00,BOF-LH-02,141.51,59.99,51.95,166.07
2026-05-10 09:00,BOF-LH-02,153.87,54.37,59.48,159.28
2026-05-10 10:00,BOF-LH-02,134.37,56.41,58.39,164.27
2026-05-10 11:00,BOF-LH-02,135.18,46.02,51.32,162.56
2026-05-10 12:00,BOF-LH-02,122.37,49.02,54.48,160.74
2026-05-10 13:00,BOF-LH-02,135.56,42.75,53.6,163.07
2026-05-10 14:00,BOF-LH-02,123.93,49.84,49.57,155.7
2026-05-10 15:00,BOF-LH-02,110.5,43.23,48.82,152.75
2026-05-10 16:00,BOF-LH-02,103.35,38.03,42.53,147.1
2026-05-10 17:00,BOF-LH-02,122.16,39.91,46.9,146.32
2026-05-10 18:00,BOF-LH-02,110.45,40.62,51.84,143.89
2026-05-10 19:00,BOF-LH-02,115.46,45.68,43.75,150.27
2026-05-10 20:00,BOF-LH-02,125.82,42.59,48.01,155.11
2026-05-10 21:00,BOF-LH-02,122.97,43.03,49.96,160.02
2026-05-10 22:00,BOF-LH-02,117.88,49.47,50.07,149.77
2026-05-10 23:00,BOF-LH-02,144.98,42.24,48.39,158.78
2026-05-11 00:00,BOF-LH-02,121.75,49.34,52.66,163.87
2026-05-11 01:00,BOF-LH-02,118.65,53.11,57.12,160.42
2026-05-11 02:00,BOF-LH-02,131.41,55.74,52.54,165.63
2026-05-11 03:00,BOF-LH-02,145.72,57.17,54.56,165.49
2026-05-11 04:00,BOF-LH-02,145.94,53.19,58.37,168.6
2026-05-11 05:00,BOF-LH-02,141.14,55.49,57.74,171.81
2026-05-11 06:00,BOF-LH-02,138.15,58.8,57.08,175.52
2026-05-11 07:00,BOF-LH-02,137.93,57.89,62.41,167.44
2026-05-11 08:00,BOF-LH-02,144.84,53.42,58.34,168.29
2026-05-11 09:00,BOF-LH-02,137.73,54.71,57.43,161.29
2026-05-11 10:00,BOF-LH-02,139.12,50.27,53.16,165.43
2026-05-11 11:00,BOF-LH-02,131.26,53.28,56.46,158.1
2026-05-11 12:00,BOF-LH-02,127.65,52.86,52.47,159.17
2026-05-11 13:00,BOF-LH-02,118.81,44.85,47.33,155.94
2026-05-11 14:00,BOF-LH-02,120.59,52.98,48.75,154.06
2026-05-11 15:00,BOF-LH-02,108.33,42.48,49.75,150.85
2026-05-11 16:00,BOF-LH-02,114.4,42.15,52.08,147.06
2026-05-11 17:00,BOF-LH-02,111.53,47.31,43.76,153.53
2026-05-11 18:00,BOF-LH-02,106.95,44.77,43.25,151.8
2026-05-11 19:00,BOF-LH-02,102.97,40.01,45.08,151.29
2026-05-11 20:00,BOF-LH-02,115.39,42.44,46.91,150.84
2026-05-11 21:00,BOF-LH-02,118.57,46.23,47.17,151.58
2026-05-11 22:00,BOF-LH-02,113.97,47.64,50.18,151.45
2026-05-11 23:00,BOF-LH-02,120.52,50.71,53.77,161.82
2026-05-12 00:00,BOF-LH-02,126.71,48.95,52.69,162.17
2026-05-12 01:00,BOF-LH-02,133.9,56.17,55.69,163.84
2026-05-12 02:00,BOF-LH-02,142.2,51.96,56.07,162.74
2026-05-12 03:00,BOF-LH-02,136.36,51.77,55.3,164.6
2026-05-12 04:00,BOF-LH-02,135.29,57.88,58.87,162.36
2026-05-12 05:00,BOF-LH-02,150.82,55.91,55.51,162.65
2026-05-12 06:00,BOF-LH-02,136.79,55.95,58.24,170.94
2026-05-12 07:00,BOF-LH-02,141.67,61.78,57.88,174.02
2026-05-12 08:00,BOF-LH-02,140.74,54.58,60.6,170.1
2026-05-12 09:00,BOF-LH-02,151.85,53.59,63.09,165.11
2026-05-12 10:00,BOF-LH-02,149.94,57.73,56.9,170.38
2026-05-12 11:00,BOF-LH-02,138.31,57.71,53.96,166.05
2026-05-12 12:00,BOF-LH-02,129.83,50.78,57.05,156.74
2026-05-12 13:00,BOF-LH-02,139.52,46.16,48.43,163.82
2026-05-12 14:00,BOF-LH-02,105.15,46.84,51.95,151.45
2026-05-12 15:00,BOF-LH-02,117.24,41.67,49.88,153.53
2026-05-12 16:00,BOF-LH-02,109.44,53.62,43.94,159.77
2026-05-12 17:00,BOF-LH-02,111.85,41.36,47.09,151.15
2026-05-12 18:00,BOF-LH-02,112.02,41.97,48.35,149.29
2026-05-12 19:00,BOF-LH-02,107.11,43.14,47.9,152.48
2026-05-12 20:00,BOF-LH-02,103.63,39.6,47.82,151.78
2026-05-12 21:00,BOF-LH-02,115.82,44.65,45.36,151.66
2026-05-12 22:00,BOF-LH-02,127.26,43.37,50.25,150.82
2026-05-12 23:00,BOF-LH-02,130.83,48.95,52.25,153.73
2026-05-13 00:00,BOF-LH-02,127.17,48.42,56.75,158.97
2026-05-13 01:00,BOF-LH-02,130.91,53.35,54.6,160.33
2026-05-13 02:00,BOF-LH-02,160.17,56.41,56.93,167.54
2026-05-13 03:00,BOF-LH-02,145.68,51.44,53.73,166.45
2026-05-13 04:00,BOF-LH-02,144.84,56.54,63.29,171.0
2026-05-13 05:00,BOF-LH-02,143.55,58.12,60.61,174.87
2026-05-13 06:00,BOF-LH-02,143.24,63.9,56.3,168.4
2026-05-13 07:00,BOF-LH-02,132.78,52.11,55.7,166.62
2026-05-13 08:00,BOF-LH-02,146.36,56.48,57.39,165.56
2026-05-13 09:00,BOF-LH-02,139.0,52.67,56.4,156.6
2026-05-13 10:00,BOF-LH-02,140.37,51.27,54.12,166.14
2026-05-13 11:00,BOF-LH-02,140.13,53.46,55.27,168.12
2026-05-13 12:00,BOF-LH-02,124.28,49.62,51.92,162.99
2026-05-13 13:00,BOF-LH-02,124.17,46.14,52.82,159.67
2026-05-13 14:00,BOF-LH-02,111.39,42.22,48.01,148.71
2026-05-13 15:00,BOF-LH-02,100.13,43.39,48.3,149.38
2026-05-13 16:00,BOF-LH-02,116.55,43.93,46.88,156.71
2026-05-13 17:00,BOF-LH-02,118.27,37.78,47.82,151.55
2026-05-13 18:00,BOF-LH-02,119.13,45.97,49.73,160.18
2026-05-13 19:00,BOF-LH-02,121.16,43.11,53.39,149.64
2026-05-13 20:00,BOF-LH-02,98.94,39.02,46.13,141.92
2026-05-13 21:00,BOF-LH-02,117.72,44.47,49.67,151.74
2026-05-13 22:00,BOF-LH-02,117.13,48.66,46.66,154.21
2026-05-13 23:00,BOF-LH-02,123.99,42.59,52.95,155.64
2026-05-14 00:00,BOF-LH-02,128.67,51.83,51.08,160.94
2026-05-14 01:00,BOF-LH-02,139.05,49.38,57.53,158.25
2026-05-14 02:00,BOF-LH-02,134.32,55.95,56.81,165.9
2026-05-14 03:00,BOF-LH-02,137.04,51.58,57.7,166.96
2026-05-14 04:00,BOF-LH-02,146.17,59.32,53.92,166.98
2026-05-14 05:00,BOF-LH-02,157.19,55.71,58.19,168.02
2026-05-14 06:00,BOF-LH-02,153.27,58.44,58.22,174.08
2026-05-14 07:00,BOF-LH-02,150.42,54.66,56.98,170.13
2026-05-14 08:00,BOF-LH-02,149.31,53.57,56.75,173.1
2026-05-14 09:00,BOF-LH-02,143.63,58.24,55.1,170.83
2026-05-14 10:00,BOF-LH-02,145.33,56.59,54.01,162.81
2026-05-14 11:00,BOF-LH-02,133.94,51.83,52.01,158.26
2026-05-14 12:00,BOF-LH-02,140.45,55.08,54.65,164.26
2026-05-14 13:00,BOF-LH-02,131.63,49.49,54.45,162.07
2026-05-14 14:00,BOF-LH-02,121.85,45.2,46.76,156.62
2026-05-14 15:00,BOF-LH-02,121.75,48.32,49.19,150.62
2026-05-14 16:00,BOF-LH-02,123.09,41.68,45.88,144.64
2026-05-14 17:00,BOF-LH-02,112.83,43.37,46.28,148.22
2026-05-14 18:00,BOF-LH-02,113.95,44.01,46.97,152.14
2026-05-14 19:00,BOF-LH-02,121.52,43.27,45.78,152.95
2026-05-14 20:00,BOF-LH-02,109.54,48.45,49.78,153.96
2026-05-14 21:00,BOF-LH-02,128.32,47.93,50.93,149.31
2026-05-14 22:00,BOF-LH-02,106.08,41.65,51.73,157.18
2026-05-14 23:00,BOF-LH-02,125.85,53.62,47.98,154.42
2026-05-15 00:00,BOF-LH-02,129.94,48.18,50.71,158.15
2026-05-15 01:00,BOF-LH-02,135.19,50.24,53.29,166.24
2026-05-15 02:00,BOF-LH-02,119.88,54.77,52.04,160.77
2026-05-15 03:00,BOF-LH-02,134.86,58.41,54.38,166.27
2026-05-15 04:00,BOF-LH-02,130.88,53.26,54.25,173.3
2026-05-15 05:00,BOF-LH-02,134.96,53.17,61.85,160.91
2026-05-15 06:00,BOF-LH-02,150.19,60.44,57.11,173.5
2026-05-15 07:00,BOF-LH-02,150.13,56.91,58.15,168.51
2026-05-15 08:00,BOF-LH-02,136.31,64.14,56.77,173.62
2026-05-15 09:00,BOF-LH-02,142.75,47.95,57.43,164.83
2026-05-15 10:00,BOF-LH-02,138.95,57.55,56.24,159.88
2026-05-15 11:00,BOF-LH-02,122.01,49.87,52.44,167.92
2026-05-15 12:00,BOF-LH-02,123.7,45.13,52.35,160.44
2026-05-15 13:00,BOF-LH-02,138.27,48.73,51.24,158.35
2026-05-15 14:00,BOF-LH-02,132.83,44.64,46.16,155.58
2026-05-15 15:00,BOF-LH-02,122.79,43.93,46.65,154.53
2026-05-15 16:00,BOF-LH-02,122.36,43.05,52.22,160.03
2026-05-15 17:00,BOF-LH-02,112.98,40.64,48.34,144.39
2026-05-15 18:00,BOF-LH-02,110.41,39.75,46.94,157.82
2026-05-15 19:00,BOF-LH-02,116.03,40.74,48.29,152.09
2026-05-15 20:00,BOF-LH-02,133.56,38.5,46.92,152.9
2026-05-15 21:00,BOF-LH-02,109.22,48.78,47.01,152.78
2026-05-15 22:00,BOF-LH-02,121.01,47.95,48.42,156.16
2026-05-15 23:00,BOF-LH-02,118.69,44.71,54.65,159.12
