timestamp,asset_id,oscillation_frequency,hydraulic_pressure,mould_level_dev,oil_temperature
2026-04-01 00:00,CCM-OSC-01,155.12,125.61,-0.26,41.93
2026-04-01 01:00,CCM-OSC-01,139.62,122.39,0.36,45.31
2026-04-01 02:00,CCM-OSC-01,148.28,131.57,0.39,45.25
2026-04-01 03:00,CCM-OSC-01,163.68,122.59,1.46,48.83
2026-04-01 04:00,CCM-OSC-01,167.82,131.42,1.04,45.01
2026-04-01 05:00,CCM-OSC-01,157.3,134.64,1.56,48.45
2026-04-01 06:00,CCM-OSC-01,176.58,129.45,1.07,47.97
2026-04-01 07:00,CCM-OSC-01,160.43,128.56,1.09,47.85
2026-04-01 08:00,CCM-OSC-01,160.16,133.39,1.36,47.07
2026-04-01 09:00,CCM-OSC-01,174.39,134.44,0.47,44.53
2026-04-01 10:00,CCM-OSC-01,165.76,130.86,0.33,45.56
2026-04-01 11:00,CCM-OSC-01,148.5,129.71,0.22,46.37
2026-04-01 12:00,CCM-OSC-01,161.22,129.75,-0.41,45.25
2026-04-01 13:00,CCM-OSC-01,142.34,127.87,-0.11,42.64
2026-04-01 14:00,CCM-OSC-01,139.35,120.22,-0.93,41.39
2026-04-01 15:00,CCM-OSC-01,135.17,114.95,-1.95,43.34
2026-04-01 16:00,CCM-OSC-01,134.24,113.22,-1.0,44.65
2026-04-01 17:00,CCM-OSC-01,153.04,115.1,-1.45,42.34
2026-04-01 18:00,CCM-OSC-01,127.32,111.21,-1.18,42.48
2026-04-01 19:00,CCM-OSC-01,134.41,119.45,-0.75,41.9
2026-04-01 20:00,CCM-OSC-01,146.85,116.42,-1.32,41.13
2026-04-01 21:00,CCM-OSC-01,150.28,119.54,-1.13,42.79
2026-04-01 22:00,CCM-OSC-01,142.11,118.13,0.47,42.93
2026-04-01 23:00,CCM-OSC-01,147.93,125.86,-0.07,46.15
2026-04-02 00:00,CCM-OSC-01,150.05,130.71,0.9,46.47
2026-04-02 01:00,CCM-OSC-01,143.28,124.57,1.17,45.96
2026-04-02 02:00,CCM-OSC-01,150.76,128.05,1.31,44.55
2026-04-02 03:00,CCM-OSC-01,150.84,129.49,0.13,46.37
2026-04-02 04:00,CCM-OSC-01,145.87,128.4,0.82,47.29
2026-04-02 05:00,CCM-OSC-01,170.98,137.61,1.61,46.6
2026-04-02 06:00,CCM-OSC-01,176.57,134.88,1.56,47.1
2026-04-02 07:00,CCM-OSC-01,170.18,128.56,1.49,46.58
2026-04-02 08:00,CCM-OSC-01,167.35,131.47,1.39,47.32
2026-04-02 09:00,CCM-OSC-01,161.15,134.84,0.38,47.03
2026-04-02 10:00,CCM-OSC-01,159.41,130.32,0.66,46.61
2026-04-02 11:00,CCM-OSC-01,152.54,128.11,-0.02,45.31
2026-04-02 12:00,CCM-OSC-01,148.45,125.62,-0.46,43.75
2026-04-02 13:00,CCM-OSC-01,156.53,120.9,0.2,42.83
2026-04-02 14:00,CCM-OSC-01,140.46,123.4,-0.05,44.24
2026-04-02 15:00,CCM-OSC-01,140.51,119.63,-0.91,43.83
2026-04-02 16:00,CCM-OSC-01,135.61,115.28,-1.36,43.79
2026-04-02 17:00,CCM-OSC-01,136.34,116.7,-1.36,42.58
2026-04-02 18:00,CCM-OSC-01,126.15,116.36,-1.56,44.36
2026-04-02 19:00,CCM-OSC-01,137.23,116.76,-1.34,40.31
2026-04-02 20:00,CCM-OSC-01,138.76,116.42,-1.42,41.07
2026-04-02 21:00,CCM-OSC-01,143.44,123.29,-0.72,42.73
2026-04-02 22:00,CCM-OSC-01,143.27,115.05,0.05,43.14
2026-04-02 23:00,CCM-OSC-01,146.23,129.73,-0.43,43.68
2026-04-03 00:00,CCM-OSC-01,156.3,126.43,0.35,44.81
2026-04-03 01:00,CCM-OSC-01,158.76,130.54,0.36,43.87
2026-04-03 02:00,CCM-OSC-01,151.48,130.84,-0.09,46.56
2026-04-03 03:00,CCM-OSC-01,156.77,131.03,1.2,46.88
2026-04-03 04:00,CCM-OSC-01,180.55,128.65,1.47,46.73
2026-04-03 05:00,CCM-OSC-01,171.69,131.86,1.22,47.06
2026-04-03 06:00,CCM-OSC-01,161.12,136.71,1.21,48.94
2026-04-03 07:00,CCM-OSC-01,178.61,131.73,0.73,46.76
2026-04-03 08:00,CCM-OSC-01,159.96,133.86,1.95,46.91
2026-04-03 09:00,CCM-OSC-01,155.57,128.22,0.93,45.63
2026-04-03 10:00,CCM-OSC-01,162.95,134.98,0.24,47.74
2026-04-03 11:00,CCM-OSC-01,141.81,122.82,1.42,45.5
2026-04-03 12:00,CCM-OSC-01,150.97,125.29,0.95,45.39
2026-04-03 13:00,CCM-OSC-01,140.41,123.2,0.79,42.19
2026-04-03 14:00,CCM-OSC-01,121.75,119.49,-0.66,43.08
2026-04-03 15:00,CCM-OSC-01,135.91,117.78,-1.61,42.86
2026-04-03 16:00,CCM-OSC-01,149.58,119.7,-1.02,43.15
2026-04-03 17:00,CCM-OSC-01,123.34,116.08,-1.12,44.07
2026-04-03 18:00,CCM-OSC-01,142.48,124.21,-1.27,43.33
2026-04-03 19:00,CCM-OSC-01,126.1,120.31,-1.98,44.71
2026-04-03 20:00,CCM-OSC-01,136.66,109.76,-0.57,42.48
2026-04-03 21:00,CCM-OSC-01,147.04,115.97,-0.67,42.52
2026-04-03 22:00,CCM-OSC-01,145.01,114.46,-0.7,42.65
2026-04-03 23:00,CCM-OSC-01,148.56,119.2,0.8,44.69
2026-04-04 00:00,CCM-OSC-01,142.86,123.64,0.11,43.36
2026-04-04 01:00,CCM-OSC-01,155.06,127.53,0.36,45.14
2026-04-04 02:00,CCM-OSC-01,149.3,130.2,0.33,46.13
2026-04-04 03:00,CCM-OSC-01,159.55,131.62,0.48,46.44
2026-04-04 04:00,CCM-OSC-01,162.62,125.8,1.26,46.59
2026-04-04 05:00,CCM-OSC-01,174.91,134.21,1.58,46.51
2026-04-04 06:00,CCM-OSC-01,170.12,133.99,1.05,47.5
2026-04-04 07:00,CCM-OSC-01,182.7,130.69,1.49,47.0
2026-04-04 08:00,CCM-OSC-01,170.52,123.96,1.14,46.69
2026-04-04 09:00,CCM-OSC-01,159.84,131.74,1.39,48.68
2026-04-04 10:00,CCM-OSC-01,163.97,134.22,0.66,44.62
2026-04-04 11:00,CCM-OSC-01,150.97,125.83,-0.46,46.51
2026-04-04 12:00,CCM-OSC-01,152.0,118.06,-0.15,46.12
2026-04-04 13:00,CCM-OSC-01,149.03,126.73,0.11,43.57
2026-04-04 14:00,CCM-OSC-01,155.87,121.93,-0.31,43.06
2026-04-04 15:00,CCM-OSC-01,136.83,117.67,-0.91,43.87
2026-04-04 16:00,CCM-OSC-01,132.39,116.91,-0.61,44.25
2026-04-04 17:00,CCM-OSC-01,137.39,118.51,-0.78,42.07
2026-04-04 18:00,CCM-OSC-01,119.04,120.01,-1.57,41.48
2026-04-04 19:00,CCM-OSC-01,151.52,118.07,-1.88,42.67
2026-04-04 20:00,CCM-OSC-01,133.84,122.23,-0.75,45.87
2026-04-04 21:00,CCM-OSC-01,134.77,120.77,-1.79,44.29
2026-04-04 22:00,CCM-OSC-01,128.95,119.25,-1.04,43.59
2026-04-04 23:00,CCM-OSC-01,139.14,118.2,-0.37,43.19
2026-04-05 00:00,CCM-OSC-01,130.2,116.31,0.34,45.49
2026-04-05 01:00,CCM-OSC-01,150.01,131.61,1.12,45.68
2026-04-05 02:00,CCM-OSC-01,157.42,134.21,0.29,46.59
2026-04-05 03:00,CCM-OSC-01,159.32,131.06,0.76,46.65
2026-04-05 04:00,CCM-OSC-01,173.18,130.87,1.09,46.24
2026-04-05 05:00,CCM-OSC-01,170.12,129.12,1.29,48.16
2026-04-05 06:00,CCM-OSC-01,170.44,133.12,1.49,46.68
2026-04-05 07:00,CCM-OSC-01,170.41,136.87,1.48,46.15
2026-04-05 08:00,CCM-OSC-01,161.37,132.89,1.53,46.97
2026-04-05 09:00,CCM-OSC-01,164.64,126.18,0.77,47.24
2026-04-05 10:00,CCM-OSC-01,163.17,133.69,1.34,45.12
2026-04-05 11:00,CCM-OSC-01,146.87,121.05,0.55,46.69
2026-04-05 12:00,CCM-OSC-01,139.94,130.17,-0.29,43.83
2026-04-05 13:00,CCM-OSC-01,141.42,125.01,0.43,44.47
2026-04-05 14:00,CCM-OSC-01,135.4,121.52,-0.37,44.31
2026-04-05 15:00,CCM-OSC-01,121.2,122.81,-0.47,44.35
2026-04-05 16:00,CCM-OSC-01,127.32,118.87,-1.06,42.97
2026-04-05 17:00,CCM-OSC-01,119.18,119.11,-1.73,43.28
2026-04-05 18:00,CCM-OSC-01,128.91,117.54,-1.23,41.11
2026-04-05 19:00,CCM-OSC-01,130.19,121.12,-2.08,41.65
2026-04-05 20:00,CCM-OSC-01,139.49,118.0,-1.14,42.24
2026-04-05 21:00,CCM-OSC-01,140.93,118.42,-1.36,44.02
2026-04-05 22:00,CCM-OSC-01,141.79,121.92,-1.19,42.47
2026-04-05 23:00,CCM-OSC-01,144.95,123.48,-0.46,43.04
2026-04-06 00:00,CCM-OSC-01,158.22,122.49,-0.07,45.13
2026-04-06 01:00,CCM-OSC-01,160.04,122.15,0.24,46.48
2026-04-06 02:00,CCM-OSC-01,164.28,129.04,0.74,46.72
2026-04-06 03:00,CCM-OSC-01,163.39,134.27,0.24,47.68
2026-04-06 04:00,CCM-OSC-01,171.37,136.1,2.15,46.83
2026-04-06 05:00,CCM-OSC-01,173.95,135.45,0.84,49.66
2026-04-06 06:00,CCM-OSC-01,160.37,133.5,0.93,47.88
2026-04-06 07:00,CCM-OSC-01,164.82,133.18,0.72,47.17
2026-04-06 08:00,CCM-OSC-01,165.9,132.66,1.99,46.52
2026-04-06 09:00,CCM-OSC-01,163.76,136.36,1.27,47.36
2026-04-06 10:00,CCM-OSC-01,161.45,132.88,-0.27,47.2
2026-04-06 11:00,CCM-OSC-01,155.86,126.64,0.14,44.96
2026-04-06 12:00,CCM-OSC-01,137.31,129.79,0.92,45.96
2026-04-06 13:00,CCM-OSC-01,136.62,124.27,-1.0,45.38
2026-04-06 14:00,CCM-OSC-01,139.27,121.15,-1.29,43.45
2026-04-06 15:00,CCM-OSC-01,113.86,119.84,-1.32,43.2
2026-04-06 16:00,CCM-OSC-01,141.96,114.39,-1.89,40.05
2026-04-06 17:00,CCM-OSC-01,145.31,113.82,-1.67,43.05
2026-04-06 18:00,CCM-OSC-01,126.02,112.58,-1.36,42.91
2026-04-06 19:00,CCM-OSC-01,121.98,114.77,-1.75,42.53
2026-04-06 20:00,CCM-OSC-01,128.08,113.12,-0.97,43.43
2026-04-06 21:00,CCM-OSC-01,130.04,119.42,-1.32,43.18
2026-04-06 22:00,CCM-OSC-01,138.87,123.23,-1.37,43.97
2026-04-06 23:00,CCM-OSC-01,147.44,122.88,-0.21,42.59
2026-04-07 00:00,CCM-OSC-01,149.31,120.58,-0.33,44.97
2026-04-07 01:00,CCM-OSC-01,147.98,126.42,-0.39,46.51
2026-04-07 02:00,CCM-OSC-01,155.64,121.48,1.1,45.0
2026-04-07 03:00,CCM-OSC-01,155.61,140.02,1.73,47.57
2026-04-07 04:00,CCM-OSC-01,161.59,133.48,0.02,47.8
2026-04-07 05:00,CCM-OSC-01,172.73,132.09,1.67,47.08
2026-04-07 06:00,CCM-OSC-01,156.23,138.43,0.81,46.63
2026-04-07 07:00,CCM-OSC-01,154.3,131.84,2.25,49.51
2026-04-07 08:00,CCM-OSC-01,163.77,132.15,0.72,46.89
2026-04-07 09:00,CCM-OSC-01,162.62,132.81,0.72,45.09
2026-04-07 10:00,CCM-OSC-01,173.31,126.08,1.95,46.91
2026-04-07 11:00,CCM-OSC-01,149.62,129.01,0.5,43.69
2026-04-07 12:00,CCM-OSC-01,150.45,128.15,-0.21,43.83
2026-04-07 13:00,CCM-OSC-01,140.79,122.51,-0.21,43.67
2026-04-07 14:00,CCM-OSC-01,149.08,123.07,-0.9,42.99
2026-04-07 15:00,CCM-OSC-01,136.25,121.84,-1.15,42.95
2026-04-07 16:00,CCM-OSC-01,140.49,108.95,-1.05,42.95
2026-04-07 17:00,CCM-OSC-01,139.56,115.2,-1.52,42.86
2026-04-07 18:00,CCM-OSC-01,124.86,116.25,-1.32,42.09
2026-04-07 19:00,CCM-OSC-01,131.77,116.25,-0.56,40.66
2026-04-07 20:00,CCM-OSC-01,136.24,117.42,-0.42,41.83
2026-04-07 21:00,CCM-OSC-01,126.65,122.84,-0.96,43.27
2026-04-07 22:00,CCM-OSC-01,138.6,114.23,-0.5,42.93
2026-04-07 23:00,CCM-OSC-01,137.74,118.87,0.07,43.73
2026-04-08 00:00,CCM-OSC-01,167.1,123.58,-0.3,43.37
2026-04-08 01:00,CCM-OSC-01,152.29,128.9,0.23,43.96
2026-04-08 02:00,CCM-OSC-01,162.55,128.54,0.82,46.41
2026-04-08 03:00,CCM-OSC-01,171.97,136.5,1.82,48.44
2026-04-08 04:00,CCM-OSC-01,159.92,135.42,2.48,46.93
2026-04-08 05:00,CCM-OSC-01,171.36,136.79,1.75,47.13
2026-04-08 06:00,CCM-OSC-01,161.96,135.9,1.48,47.9
2026-04-08 07:00,CCM-OSC-01,174.57,137.87,1.43,48.56
2026-04-08 08:00,CCM-OSC-01,173.2,135.88,1.13,46.04
2026-04-08 09:00,CCM-OSC-01,160.94,129.61,-0.2,47.31
2026-04-08 10:00,CCM-OSC-01,156.84,132.76,0.22,46.05
2026-04-08 11:00,CCM-OSC-01,148.2,126.03,-0.19,45.13
2026-04-08 12:00,CCM-OSC-01,146.56,128.46,0.06,42.76
2026-04-08 13:00,CCM-OSC-01,148.55,123.78,-0.25,44.83
2026-04-08 14:00,CCM-OSC-01,136.8,125.44,-0.71,44.91
2026-04-08 15:00,CCM-OSC-01,143.82,124.72,-1.05,44.62
2026-04-08 16:00,CCM-OSC-01,144.6,109.7,-1.0,43.75
2026-04-08 17:00,CCM-OSC-01,131.06,119.81,-1.96,41.97
2026-04-08 18:00,CCM-OSC-01,129.58,112.22,-1.53,42.2
2026-04-08 19:00,CCM-OSC-01,142.25,115.11,-2.18,43.16
2026-04-08 20:00,CCM-OSC-01,138.41,122.15,-1.55,43.17
2026-04-08 21:00,CCM-OSC-01,142.24,122.41,-1.28,41.0
2026-04-08 22:00,CCM-OSC-01,142.52,117.07,-0.26,43.13
2026-04-08 23:00,CCM-OSC-01,139.07,126.82,-0.05,44.41
2026-04-09 00:00,CCM-OSC-01,144.28,120.64,-0.19,44.83
2026-04-09 01:00,CCM-OSC-01,162.87,125.12,0.1,45.37
2026-04-09 02:00,CCM-OSC-01,164.17,136.39,0.3,45.91
2026-04-09 03:00,CCM-OSC-01,174.43,131.47,0.58,47.28
2026-04-09 04:00,CCM-OSC-01,164.86,131.38,1.26,45.81
2026-04-09 05:00,CCM-OSC-01,165.57,136.06,0.92,46.22
2026-04-09 06:00,CCM-OSC-01,172.4,135.54,1.27,47.12
2026-04-09 07:00,CCM-OSC-01,173.43,137.24,1.38,48.62
2026-04-09 08:00,CCM-OSC-01,155.37,133.31,1.94,48.01
2026-04-09 09:00,CCM-OSC-01,161.4,130.63,0.82,47.28
2026-04-09 10:00,CCM-OSC-01,168.63,135.44,0.64,46.15
2026-04-09 11:00,CCM-OSC-01,152.55,131.52,-0.04,45.06
2026-04-09 12:00,CCM-OSC-01,163.06,128.64,-0.62,44.79
2026-04-09 13:00,CCM-OSC-01,143.78,124.74,-0.52,43.55
2026-04-09 14:00,CCM-OSC-01,131.26,122.84,-0.83,44.12
2026-04-09 15:00,CCM-OSC-01,138.82,119.83,-0.89,42.35
2026-04-09 16:00,CCM-OSC-01,133.55,123.73,-1.17,42.88
2026-04-09 17:00,CCM-OSC-01,139.79,115.76,-1.03,44.17
2026-04-09 18:00,CCM-OSC-01,124.61,112.54,-1.07,41.54
2026-04-09 19:00,CCM-OSC-01,131.47,116.15,-0.26,42.46
2026-04-09 20:00,CCM-OSC-01,134.78,121.64,-1.87,42.91
2026-04-09 21:00,CCM-OSC-01,133.31,122.49,-0.73,41.52
2026-04-09 22:00,CCM-OSC-01,138.99,112.22,-1.07,42.78
2026-04-09 23:00,CCM-OSC-01,156.48,117.96,0.56,45.37
2026-04-10 00:00,CCM-OSC-01,148.46,124.12,-0.11,45.05
2026-04-10 01:00,CCM-OSC-01,152.93,129.43,1.54,45.76
2026-04-10 02:00,CCM-OSC-01,152.72,131.85,0.63,46.86
2026-04-10 03:00,CCM-OSC-01,157.53,134.86,0.1,47.17
2026-04-10 04:00,CCM-OSC-01,166.24,135.08,0.92,46.22
2026-04-10 05:00,CCM-OSC-01,171.0,126.74,0.93,48.31
2026-04-10 06:00,CCM-OSC-01,168.78,130.84,1.34,48.21
2026-04-10 07:00,CCM-OSC-01,166.65,127.71,1.49,46.97
2026-04-10 08:00,CCM-OSC-01,170.59,132.63,1.45,46.92
2026-04-10 09:00,CCM-OSC-01,146.43,132.05,1.24,46.53
2026-04-10 10:00,CCM-OSC-01,167.67,131.02,0.43,46.99
2026-04-10 11:00,CCM-OSC-01,161.46,124.6,0.26,45.31
2026-04-10 12:00,CCM-OSC-01,147.16,124.16,1.04,45.58
2026-04-10 13:00,CCM-OSC-01,144.98,122.08,-0.31,43.66
2026-04-10 14:00,CCM-OSC-01,152.84,121.95,-0.77,43.58
2026-04-10 15:00,CCM-OSC-01,124.64,115.2,-0.86,44.0
2026-04-10 16:00,CCM-OSC-01,127.94,111.7,-1.14,42.52
2026-04-10 17:00,CCM-OSC-01,125.22,115.82,-0.64,42.27
2026-04-10 18:00,CCM-OSC-01,129.02,113.22,-1.6,43.82
2026-04-10 19:00,CCM-OSC-01,136.74,119.25,-0.89,41.71
2026-04-10 20:00,CCM-OSC-01,127.06,116.87,-1.44,43.63
2026-04-10 21:00,CCM-OSC-01,138.29,115.92,-0.24,42.98
2026-04-10 22:00,CCM-OSC-01,134.86,120.74,-0.33,44.1
2026-04-10 23:00,CCM-OSC-01,146.7,120.99,-0.77,44.94
2026-04-11 00:00,CCM-OSC-01,147.06,123.79,0.37,46.79
2026-04-11 01:00,CCM-OSC-01,160.36,129.12,-0.47,44.27
2026-04-11 02:00,CCM-OSC-01,162.56,133.09,0.95,46.73
2026-04-11 03:00,CCM-OSC-01,159.72,130.78,0.69,48.38
2026-04-11 04:00,CCM-OSC-01,163.87,127.18,0.8,46.22
2026-04-11 05:00,CCM-OSC-01,157.13,133.49,1.49,47.94
2026-04-11 06:00,CCM-OSC-01,166.2,136.29,0.29,49.24
2026-04-11 07:00,CCM-OSC-01,158.61,137.6,2.33,47.34
2026-04-11 08:00,CCM-OSC-01,161.74,135.35,1.19,48.26
2026-04-11 09:00,CCM-OSC-01,151.91,125.49,1.6,46.61
2026-04-11 10:00,CCM-OSC-01,161.62,136.34,0.52,45.21
2026-04-11 11:00,CCM-OSC-01,161.03,126.78,0.97,47.26
2026-04-11 12:00,CCM-OSC-01,144.04,126.38,0.63,44.35
2026-04-11 13:00,CCM-OSC-01,131.46,128.65,-1.39,42.3
2026-04-11 14:00,CCM-OSC-01,135.63,124.74,-1.17,43.36
2026-04-11 15:00,CCM-OSC-01,131.02,115.05,-1.08,41.61
2026-04-11 16:00,CCM-OSC-01,159.19,111.39,-0.06,41.89
2026-04-11 17:00,CCM-OSC-01,127.99,111.95,-0.9,41.98
2026-04-11 18:00,CCM-OSC-01,143.56,109.91,-2.03,42.26
2026-04-11 19:00,CCM-OSC-01,126.51,118.69,-1.13,42.72
2026-04-11 20:00,CCM-OSC-01,132.48,120.24,-0.07,43.93
2026-04-11 21:00,CCM-OSC-01,130.72,123.75,-1.03,43.57
2026-04-11 22:00,CCM-OSC-01,135.35,120.74,-1.14,43.04
2026-04-11 23:00,CCM-OSC-01,138.92,121.38,-0.29,42.32
2026-04-12 00:00,CCM-OSC-01,152.24,124.02,-0.64,44.54
2026-04-12 01:00,CCM-OSC-01,157.02,127.79,-0.62,45.61
2026-04-12 02:00,CCM-OSC-01,146.1,125.21,0.99,44.8
2026-04-12 03:00,CCM-OSC-01,168.52,128.38,0.59,46.04
2026-04-12 04:00,CCM-OSC-01,156.75,135.4,1.07,47.52
2026-04-12 05:00,CCM-OSC-01,176.43,134.95,2.07,47.17
2026-04-12 06:00,CCM-OSC-01,157.65,137.15,0.57,47.66
2026-04-12 07:00,CCM-OSC-01,163.99,135.65,1.29,45.46
2026-04-12 08:00,CCM-OSC-01,173.94,128.26,1.0,45.44
2026-04-12 09:00,CCM-OSC-01,150.84,126.73,0.83,46.36
2026-04-12 10:00,CCM-OSC-01,157.69,124.03,0.47,45.72
2026-04-12 11:00,CCM-OSC-01,154.04,126.4,0.55,44.61
2026-04-12 12:00,CCM-OSC-01,150.14,128.19,-0.67,45.42
2026-04-12 13:00,CCM-OSC-01,156.0,129.1,-0.32,44.62
2026-04-12 14:00,CCM-OSC-01,155.05,119.83,-1.27,43.68
2026-04-12 15:00,CCM-OSC-01,138.74,117.7,-1.2,43.64
2026-04-12 16:00,CCM-OSC-01,141.72,106.77,-0.7,42.07
2026-04-12 17:00,CCM-OSC-01,133.54,115.15,-0.53,43.1
2026-04-12 18:00,CCM-OSC-01,136.28,113.29,-1.23,42.13
2026-04-12 19:00,CCM-OSC-01,142.78,118.87,-1.15,40.97
2026-04-12 20:00,CCM-OSC-01,141.88,113.75,-1.62,42.36
2026-04-12 21:00,CCM-OSC-01,142.08,117.92,-0.45,43.34
2026-04-12 22:00,CCM-OSC-01,147.1,119.07,-0.39,44.92
2026-04-12 23:00,CCM-OSC-01,146.01,124.28,-1.01,46.02
2026-04-13 00:00,CCM-OSC-01,166.17,125.18,-0.29,44.68
2026-04-13 01:00,CCM-OSC-01,156.81,124.96,-0.2,44.18
2026-04-13 02:00,CCM-OSC-01,163.9,128.21,1.69,46.33
2026-04-13 03:00,CCM-OSC-01,152.45,134.26,0.16,46.92
2026-04-13 04:00,CCM-OSC-01,168.71,129.62,1.54,48.13
2026-04-13 05:00,CCM-OSC-01,170.06,137.57,1.37,47.69
2026-04-13 06:00,CCM-OSC-01,178.41,128.48,2.03,46.91
2026-04-13 07:00,CCM-OSC-01,164.91,138.43,1.38,45.56
2026-04-13 08:00,CCM-OSC-01,167.66,126.23,0.51,47.61
2026-04-13 09:00,CCM-OSC-01,162.36,138.45,0.58,45.72
2026-04-13 10:00,CCM-OSC-01,155.92,131.98,0.76,46.78
2026-04-13 11:00,CCM-OSC-01,150.85,117.68,0.22,45.16
2026-04-13 12:00,CCM-OSC-01,147.79,124.61,0.05,42.97
2026-04-13 13:00,CCM-OSC-01,148.53,124.29,-1.03,43.45
2026-04-13 14:00,CCM-OSC-01,140.54,117.79,-0.25,43.21
2026-04-13 15:00,CCM-OSC-01,147.87,116.74,-1.32,42.69
2026-04-13 16:00,CCM-OSC-01,124.85,117.77,-0.21,43.59
2026-04-13 17:00,CCM-OSC-01,143.89,109.19,-1.02,43.55
2026-04-13 18:00,CCM-OSC-01,131.54,113.36,-0.96,41.5
2026-04-13 19:00,CCM-OSC-01,143.45,117.18,-1.22,43.48
2026-04-13 20:00,CCM-OSC-01,151.92,108.93,-0.76,42.83
2026-04-13 21:00,CCM-OSC-01,140.25,128.75,-1.28,44.53
2026-04-13 22:00,CCM-OSC-01,134.17,119.08,0.82,43.34
2026-04-13 23:00,CCM-OSC-01,136.97,125.09,-1.6,44.2
2026-04-14 00:00,CCM-OSC-01,140.24,118.27,0.1,45.56
2026-04-14 01:00,CCM-OSC-01,147.81,133.16,0.41,44.76
2026-04-14 02:00,CCM-OSC-01,166.32,138.01,0.11,46.6
2026-04-14 03:00,CCM-OSC-01,156.55,127.12,1.25,46.8
2026-04-14 04:00,CCM-OSC-01,164.73,139.7,1.19,48.28
2026-04-14 05:00,CCM-OSC-01,175.46,133.71,0.45,47.47
2026-04-14 06:00,CCM-OSC-01,161.19,133.93,1.71,49.0
2026-04-14 07:00,CCM-OSC-01,175.47,127.5,0.52,45.0
2026-04-14 08:00,CCM-OSC-01,166.68,132.08,0.84,48.5
2026-04-14 09:00,CCM-OSC-01,166.45,140.26,1.66,48.47
2026-04-14 10:00,CCM-OSC-01,163.54,130.11,0.89,45.24
2026-04-14 11:00,CCM-OSC-01,155.98,130.14,1.17,44.71
2026-04-14 12:00,CCM-OSC-01,148.86,125.7,0.21,45.15
2026-04-14 13:00,CCM-OSC-01,141.74,119.65,-0.81,44.08
2026-04-14 14:00,CCM-OSC-01,136.36,122.06,-0.61,42.73
2026-04-14 15:00,CCM-OSC-01,134.03,121.69,-1.19,42.64
2026-04-14 16:00,CCM-OSC-01,143.13,119.4,-2.07,42.3
2026-04-14 17:00,CCM-OSC-01,135.16,115.17,-1.07,44.0
2026-04-14 18:00,CCM-OSC-01,127.9,122.11,-1.31,41.75
2026-04-14 19:00,CCM-OSC-01,136.77,119.5,-1.79,42.6
2026-04-14 20:00,CCM-OSC-01,132.43,120.2,-0.61,42.03
2026-04-14 21:00,CCM-OSC-01,146.2,121.49,-1.38,43.07
2026-04-14 22:00,CCM-OSC-01,135.42,122.81,-0.51,45.57
2026-04-14 23:00,CCM-OSC-01,148.81,126.58,-0.12,44.44
2026-04-15 00:00,CCM-OSC-01,143.97,129.81,-0.22,45.42
2026-04-15 01:00,CCM-OSC-01,148.37,124.86,0.79,45.68
2026-04-15 02:00,CCM-OSC-01,169.09,128.93,1.48,47.74
2026-04-15 03:00,CCM-OSC-01,167.33,130.06,1.88,47.17
2026-04-15 04:00,CCM-OSC-01,161.32,134.59,0.62,47.2
2026-04-15 05:00,CCM-OSC-01,182.81,132.31,0.53,48.11
2026-04-15 06:00,CCM-OSC-01,171.13,128.48,2.29,47.19
2026-04-15 07:00,CCM-OSC-01,154.71,135.1,1.01,47.96
2026-04-15 08:00,CCM-OSC-01,165.33,140.78,0.29,48.13
2026-04-15 09:00,CCM-OSC-01,163.63,134.09,0.46,46.15
2026-04-15 10:00,CCM-OSC-01,155.68,132.14,0.34,46.13
2026-04-15 11:00,CCM-OSC-01,159.17,126.55,1.2,46.25
2026-04-15 12:00,CCM-OSC-01,147.84,128.38,-0.29,45.88
2026-04-15 13:00,CCM-OSC-01,135.84,125.86,-0.88,45.63
2026-04-15 14:00,CCM-OSC-01,146.09,122.03,0.03,42.98
2026-04-15 15:00,CCM-OSC-01,139.59,126.64,-0.91,44.1
2026-04-15 16:00,CCM-OSC-01,125.66,117.83,-1.69,43.91
2026-04-15 17:00,CCM-OSC-01,134.44,112.43,-0.77,43.79
2026-04-15 18:00,CCM-OSC-01,134.36,114.93,-1.4,43.81
2026-04-15 19:00,CCM-OSC-01,148.7,112.62,-1.19,41.16
2026-04-15 20:00,CCM-OSC-01,129.56,113.39,-1.44,42.75
2026-04-15 21:00,CCM-OSC-01,137.82,117.38,-1.45,44.16
2026-04-15 22:00,CCM-OSC-01,131.81,123.15,-0.33,43.24
2026-04-15 23:00,CCM-OSC-01,149.09,118.87,-0.89,44.83
2026-04-16 00:00,CCM-OSC-01,146.47,125.57,-0.59,45.33
2026-04-16 01:00,CCM-OSC-01,161.57,126.72,0.3,47.55
2026-04-16 02:00,CCM-OSC-01,148.21,120.69,0.09,47.09
2026-04-16 03:00,CCM-OSC-01,172.11,129.33,0.04,46.72
2026-04-16 04:00,CCM-OSC-01,160.86,127.48,0.64,48.5
2026-04-16 05:00,CCM-OSC-01,159.59,132.11,1.31,47.35
2026-04-16 06:00,CCM-OSC-01,167.53,132.35,2.08,48.21
2026-04-16 07:00,CCM-OSC-01,167.59,128.84,1.05,45.9
2026-04-16 08:00,CCM-OSC-01,159.17,131.92,1.31,45.29
2026-04-16 09:00,CCM-OSC-01,167.35,129.72,0.55,47.32
2026-04-16 10:00,CCM-OSC-01,163.52,132.32,1.09,46.42
2026-04-16 11:00,CCM-OSC-01,167.75,126.66,-0.12,45.51
2026-04-16 12:00,CCM-OSC-01,156.92,119.74,-0.79,44.3
2026-04-16 13:00,CCM-OSC-01,146.99,126.55,-0.47,44.24
2026-04-16 14:00,CCM-OSC-01,141.93,124.45,-0.8,45.91
2026-04-16 15:00,CCM-OSC-01,119.16,115.39,-0.46,43.43
2026-04-16 16:00,CCM-OSC-01,145.74,111.5,-1.09,43.11
2026-04-16 17:00,CCM-OSC-01,133.82,109.22,-0.6,42.3
2026-04-16 18:00,CCM-OSC-01,125.94,120.28,-1.98,41.82
2026-04-16 19:00,CCM-OSC-01,140.54,115.48,-0.83,44.14
2026-04-16 20:00,CCM-OSC-01,136.25,122.46,-0.9,42.96
2026-04-16 21:00,CCM-OSC-01,130.54,117.57,-0.67,42.57
2026-04-16 22:00,CCM-OSC-01,139.6,118.98,-1.45,42.87
2026-04-16 23:00,CCM-OSC-01,144.19,122.95,-0.23,45.14
2026-04-17 00:00,CCM-OSC-01,162.72,126.89,-0.11,46.64
2026-04-17 01:00,CCM-OSC-01,149.64,126.83,-0.3,47.14
2026-04-17 02:00,CCM-OSC-01,157.14,133.62,1.05,45.71
2026-04-17 03:00,CCM-OSC-01,160.35,130.2,0.78,45.75
2026-04-17 04:00,CCM-OSC-01,181.96,130.76,0.94,46.4
2026-04-17 05:00,CCM-OSC-01,169.77,133.37,1.26,48.71
2026-04-17 06:00,CCM-OSC-01,176.78,134.78,0.73,46.18
2026-04-17 07:00,CCM-OSC-01,173.64,134.37,0.86,47.58
2026-04-17 08:00,CCM-OSC-01,168.72,134.71,1.42,47.01
2026-04-17 09:00,CCM-OSC-01,166.83,132.58,1.46,46.42
2026-04-17 10:00,CCM-OSC-01,164.68,126.74,0.48,45.16
2026-04-17 11:00,CCM-OSC-01,160.43,124.99,0.63,44.63
2026-04-17 12:00,CCM-OSC-01,143.23,125.05,-0.19,46.1
2026-04-17 13:00,CCM-OSC-01,157.56,124.48,-0.67,44.03
2026-04-17 14:00,CCM-OSC-01,146.26,122.92,-1.09,42.98
2026-04-17 15:00,CCM-OSC-01,149.96,118.19,-0.4,42.21
2026-04-17 16:00,CCM-OSC-01,133.11,118.01,-1.56,43.25
2026-04-17 17:00,CCM-OSC-01,124.83,123.19,-2.4,44.03
2026-04-17 18:00,CCM-OSC-01,123.66,118.02,-1.22,43.04
2026-04-17 19:00,CCM-OSC-01,124.3,112.52,-1.0,41.27
2026-04-17 20:00,CCM-OSC-01,144.54,118.71,-0.16,41.99
2026-04-17 21:00,CCM-OSC-01,133.3,117.78,-0.96,43.38
2026-04-17 22:00,CCM-OSC-01,144.69,112.84,-0.82,42.82
2026-04-17 23:00,CCM-OSC-01,150.62,124.91,-0.99,44.89
2026-04-18 00:00,CCM-OSC-01,170.16,124.65,0.64,43.58
2026-04-18 01:00,CCM-OSC-01,153.65,120.27,-0.21,45.41
2026-04-18 02:00,CCM-OSC-01,148.39,128.57,0.09,46.58
2026-04-18 03:00,CCM-OSC-01,156.5,130.24,0.96,46.63
2026-04-18 04:00,CCM-OSC-01,163.61,136.05,1.29,47.54
2026-04-18 05:00,CCM-OSC-01,166.84,137.07,1.05,48.34
2026-04-18 06:00,CCM-OSC-01,162.97,134.75,0.62,48.6
2026-04-18 07:00,CCM-OSC-01,152.17,139.49,0.41,46.88
2026-04-18 08:00,CCM-OSC-01,167.64,137.28,1.34,45.42
2026-04-18 09:00,CCM-OSC-01,165.98,129.59,1.27,47.06
2026-04-18 10:00,CCM-OSC-01,158.86,127.8,0.71,47.58
2026-04-18 11:00,CCM-OSC-01,163.49,126.46,0.75,43.66
2026-04-18 12:00,CCM-OSC-01,147.2,129.11,-0.73,44.39
2026-04-18 13:00,CCM-OSC-01,147.92,128.21,-0.13,44.13
2026-04-18 14:00,CCM-OSC-01,141.97,123.77,-1.36,44.26
2026-04-18 15:00,CCM-OSC-01,142.01,113.46,-0.93,41.83
2026-04-18 16:00,CCM-OSC-01,133.17,114.3,-0.77,42.86
2026-04-18 17:00,CCM-OSC-01,142.17,121.37,-1.71,41.63
2026-04-18 18:00,CCM-OSC-01,134.5,115.4,-1.23,42.67
2026-04-18 19:00,CCM-OSC-01,129.86,123.62,-0.62,41.52
2026-04-18 20:00,CCM-OSC-01,127.14,111.18,-0.32,43.32
2026-04-18 21:00,CCM-OSC-01,131.84,119.32,-1.62,41.49
2026-04-18 22:00,CCM-OSC-01,145.63,121.84,-0.47,44.2
2026-04-18 23:00,CCM-OSC-01,150.51,120.16,-0.71,44.76
2026-04-19 00:00,CCM-OSC-01,150.88,131.69,0.09,43.73
2026-04-19 01:00,CCM-OSC-01,162.06,129.57,0.02,44.18
2026-04-19 02:00,CCM-OSC-01,159.81,131.98,0.74,46.94
2026-04-19 03:00,CCM-OSC-01,155.31,132.75,1.03,44.11
2026-04-19 04:00,CCM-OSC-01,171.85,131.36,0.72,49.44
2026-04-19 05:00,CCM-OSC-01,164.69,138.57,1.57,47.8
2026-04-19 06:00,CCM-OSC-01,157.53,139.42,1.89,48.28
2026-04-19 07:00,CCM-OSC-01,165.49,134.97,1.36,47.67
2026-04-19 08:00,CCM-OSC-01,151.15,137.8,0.49,46.28
2026-04-19 09:00,CCM-OSC-01,172.35,138.16,0.97,46.15
2026-04-19 10:00,CCM-OSC-01,161.05,128.84,0.03,45.12
2026-04-19 11:00,CCM-OSC-01,140.99,123.58,-0.09,46.9
2026-04-19 12:00,CCM-OSC-01,154.8,124.85,-0.09,44.76
2026-04-19 13:00,CCM-OSC-01,147.11,122.19,-0.61,43.13
2026-04-19 14:00,CCM-OSC-01,138.5,120.47,-0.33,43.78
2026-04-19 15:00,CCM-OSC-01,145.11,123.82,-1.47,41.53
2026-04-19 16:00,CCM-OSC-01,128.82,111.72,-1.34,44.4
2026-04-19 17:00,CCM-OSC-01,120.61,115.81,-0.32,43.72
2026-04-19 18:00,CCM-OSC-01,131.2,117.93,-1.87,42.43
2026-04-19 19:00,CCM-OSC-01,127.27,124.33,-1.21,43.5
2026-04-19 20:00,CCM-OSC-01,131.04,117.59,-1.43,42.35
2026-04-19 21:00,CCM-OSC-01,140.54,114.95,-1.43,42.89
2026-04-19 22:00,CCM-OSC-01,137.18,120.63,-1.14,43.15
2026-04-19 23:00,CCM-OSC-01,143.63,121.62,-0.71,43.77
2026-04-20 00:00,CCM-OSC-01,158.06,122.54,0.35,45.46
2026-04-20 01:00,CCM-OSC-01,155.12,131.95,0.42,44.1
2026-04-20 02:00,CCM-OSC-01,166.69,137.16,1.68,45.84
2026-04-20 03:00,CCM-OSC-01,173.81,132.21,1.44,48.36
2026-04-20 04:00,CCM-OSC-01,166.48,133.42,0.69,46.55
2026-04-20 05:00,CCM-OSC-01,179.16,138.29,1.25,46.37
2026-04-20 06:00,CCM-OSC-01,162.21,132.7,1.83,48.01
2026-04-20 07:00,CCM-OSC-01,169.02,129.66,0.53,48.04
2026-04-20 08:00,CCM-OSC-01,158.13,131.68,0.66,45.04
2026-04-20 09:00,CCM-OSC-01,157.36,128.39,1.37,49.08
2026-04-20 10:00,CCM-OSC-01,168.7,134.37,0.35,47.87
2026-04-20 11:00,CCM-OSC-01,142.12,127.56,0.12,45.52
2026-04-20 12:00,CCM-OSC-01,160.15,123.32,0.14,44.77
2026-04-20 13:00,CCM-OSC-01,143.99,118.52,0.11,44.06
2026-04-20 14:00,CCM-OSC-01,137.57,119.42,-0.19,44.02
2026-04-20 15:00,CCM-OSC-01,143.03,121.22,-0.38,44.85
2026-04-20 16:00,CCM-OSC-01,139.73,115.56,-0.57,44.29
2026-04-20 17:00,CCM-OSC-01,131.49,116.52,-0.55,42.94
2026-04-20 18:00,CCM-OSC-01,131.15,116.64,-1.59,43.28
2026-04-20 19:00,CCM-OSC-01,146.41,117.56,-1.92,42.53
2026-04-20 20:00,CCM-OSC-01,129.45,115.78,-0.52,42.83
2026-04-20 21:00,CCM-OSC-01,151.06,114.93,-0.77,43.46
2026-04-20 22:00,CCM-OSC-01,140.26,122.98,-0.02,43.92
2026-04-20 23:00,CCM-OSC-01,137.32,124.35,-1.4,45.18
2026-04-21 00:00,CCM-OSC-01,146.86,126.36,0.42,44.12
2026-04-21 01:00,CCM-OSC-01,154.44,129.0,0.36,46.3
2026-04-21 02:00,CCM-OSC-01,156.53,129.0,1.14,48.26
2026-04-21 03:00,CCM-OSC-01,169.83,132.65,0.77,46.8
2026-04-21 04:00,CCM-OSC-01,165.5,135.0,0.76,46.99
2026-04-21 05:00,CCM-OSC-01,171.58,126.91,0.69,47.85
2026-04-21 06:00,CCM-OSC-01,161.9,128.72,1.49,46.66
2026-04-21 07:00,CCM-OSC-01,178.75,129.0,2.15,46.65
2026-04-21 08:00,CCM-OSC-01,161.0,132.17,2.06,47.11
2026-04-21 09:00,CCM-OSC-01,161.78,134.6,0.71,47.61
2026-04-21 10:00,CCM-OSC-01,156.39,135.63,0.26,48.32
2026-04-21 11:00,CCM-OSC-01,152.33,122.33,0.04,45.64
2026-04-21 12:00,CCM-OSC-01,147.72,128.02,-0.32,46.48
2026-04-21 13:00,CCM-OSC-01,139.75,118.75,-0.38,43.7
2026-04-21 14:00,CCM-OSC-01,141.93,123.39,0.44,43.97
2026-04-21 15:00,CCM-OSC-01,147.58,120.23,-0.49,42.78
2026-04-21 16:00,CCM-OSC-01,136.26,113.36,-1.47,43.76
2026-04-21 17:00,CCM-OSC-01,129.33,119.15,-0.88,41.75
2026-04-21 18:00,CCM-OSC-01,127.2,114.27,-0.86,41.25
2026-04-21 19:00,CCM-OSC-01,132.13,111.86,-1.77,41.8
2026-04-21 20:00,CCM-OSC-01,144.81,116.31,-1.0,41.12
2026-04-21 21:00,CCM-OSC-01,133.3,119.62,-0.81,43.84
2026-04-21 22:00,CCM-OSC-01,150.9,120.3,-0.45,44.93
2026-04-21 23:00,CCM-OSC-01,144.7,115.85,-0.77,45.83
2026-04-22 00:00,CCM-OSC-01,144.45,129.31,0.65,43.34
2026-04-22 01:00,CCM-OSC-01,163.13,127.53,-0.12,46.54
2026-04-22 02:00,CCM-OSC-01,156.36,133.29,0.93,44.88
2026-04-22 03:00,CCM-OSC-01,165.24,129.77,0.73,46.56
2026-04-22 04:00,CCM-OSC-01,176.16,125.79,1.06,46.16
2026-04-22 05:00,CCM-OSC-01,170.93,134.49,0.4,49.14
2026-04-22 06:00,CCM-OSC-01,173.57,135.94,1.15,47.28
2026-04-22 07:00,CCM-OSC-01,166.65,132.45,0.17,48.04
2026-04-22 08:00,CCM-OSC-01,170.22,131.37,2.01,47.23
2026-04-22 09:00,CCM-OSC-01,165.37,125.07,0.48,45.61
2026-04-22 10:00,CCM-OSC-01,160.18,129.89,0.5,44.65
2026-04-22 11:00,CCM-OSC-01,156.72,120.48,-0.02,45.92
2026-04-22 12:00,CCM-OSC-01,155.57,120.1,-0.28,45.26
2026-04-22 13:00,CCM-OSC-01,142.12,124.56,-0.26,42.41
2026-04-22 14:00,CCM-OSC-01,144.4,113.82,-0.72,44.17
2026-04-22 15:00,CCM-OSC-01,141.32,118.6,0.05,43.05
2026-04-22 16:00,CCM-OSC-01,125.99,121.82,-0.81,42.6
2026-04-22 17:00,CCM-OSC-01,148.04,116.51,-1.31,42.34
2026-04-22 18:00,CCM-OSC-01,138.56,119.67,-2.03,42.56
2026-04-22 19:00,CCM-OSC-01,134.91,115.4,-1.19,42.86
2026-04-22 20:00,CCM-OSC-01,138.61,117.97,-1.9,43.12
2026-04-22 21:00,CCM-OSC-01,148.03,119.23,-1.29,42.71
2026-04-22 22:00,CCM-OSC-01,129.04,112.75,-1.01,43.67
2026-04-22 23:00,CCM-OSC-01,148.78,124.64,0.24,44.98
2026-04-23 00:00,CCM-OSC-01,144.93,120.13,0.29,45.9
2026-04-23 01:00,CCM-OSC-01,158.7,131.78,-0.55,44.61
2026-04-23 02:00,CCM-OSC-01,157.26,126.53,0.35,46.72
2026-04-23 03:00,CCM-OSC-01,166.77,129.41,0.76,47.86
2026-04-23 04:00,CCM-OSC-01,161.38,131.35,0.76,46.36
2026-04-23 05:00,CCM-OSC-01,169.83,127.21,1.62,46.3
2026-04-23 06:00,CCM-OSC-01,170.02,132.2,0.72,49.05
2026-04-23 07:00,CCM-OSC-01,173.36,128.06,1.18,46.3
2026-04-23 08:00,CCM-OSC-01,168.36,126.37,1.3,46.69
2026-04-23 09:00,CCM-OSC-01,162.31,130.67,1.02,48.14
2026-04-23 10:00,CCM-OSC-01,152.51,128.25,-0.39,45.33
2026-04-23 11:00,CCM-OSC-01,159.68,122.56,-0.09,45.56
2026-04-23 12:00,CCM-OSC-01,151.93,130.14,0.28,44.62
2026-04-23 13:00,CCM-OSC-01,155.23,121.95,0.36,44.45
2026-04-23 14:00,CCM-OSC-01,141.45,121.32,-1.47,43.26
2026-04-23 15:00,CCM-OSC-01,139.05,116.44,-0.67,43.5
2026-04-23 16:00,CCM-OSC-01,132.34,121.3,-1.54,43.76
2026-04-23 17:00,CCM-OSC-01,125.8,115.67,-0.74,43.04
2026-04-23 18:00,CCM-OSC-01,134.32,120.31,-1.33,40.1
2026-04-23 19:00,CCM-OSC-01,133.34,117.77,-0.95,44.81
2026-04-23 20:00,CCM-OSC-01,143.86,115.34,-1.53,42.96
2026-04-23 21:00,CCM-OSC-01,130.04,123.73,-0.67,43.81
2026-04-23 22:00,CCM-OSC-01,147.32,124.56,-1.69,42.94
2026-04-23 23:00,CCM-OSC-01,160.36,126.84,-0.7,43.27
2026-04-24 00:00,CCM-OSC-01,146.08,128.73,0.08,44.81
2026-04-24 01:00,CCM-OSC-01,156.53,133.78,0.68,46.55
2026-04-24 02:00,CCM-OSC-01,156.99,131.7,0.47,46.71
2026-04-24 03:00,CCM-OSC-01,157.99,137.23,1.03,46.13
2026-04-24 04:00,CCM-OSC-01,174.58,129.67,1.18,45.93
2026-04-24 05:00,CCM-OSC-01,169.02,135.6,1.43,46.92
2026-04-24 06:00,CCM-OSC-01,168.19,135.75,1.37,47.75
2026-04-24 07:00,CCM-OSC-01,162.91,131.81,1.63,46.64
2026-04-24 08:00,CCM-OSC-01,164.58,131.79,0.75,47.79
2026-04-24 09:00,CCM-OSC-01,160.4,133.16,0.12,48.47
2026-04-24 10:00,CCM-OSC-01,164.41,134.2,0.63,46.49
2026-04-24 11:00,CCM-OSC-01,159.84,129.18,0.21,46.87
2026-04-24 12:00,CCM-OSC-01,156.15,125.46,-0.09,44.6
2026-04-24 13:00,CCM-OSC-01,146.23,126.94,-0.46,43.25
2026-04-24 14:00,CCM-OSC-01,129.21,121.08,-0.69,45.06
2026-04-24 15:00,CCM-OSC-01,132.98,117.41,-1.18,46.3
2026-04-24 16:00,CCM-OSC-01,118.38,115.63,-1.76,41.16
2026-04-24 17:00,CCM-OSC-01,140.7,112.43,-1.08,42.09
2026-04-24 18:00,CCM-OSC-01,132.93,112.68,-0.65,41.43
2026-04-24 19:00,CCM-OSC-01,136.17,116.25,-1.13,43.35
2026-04-24 20:00,CCM-OSC-01,139.04,122.63,-1.38,42.94
2026-04-24 21:00,CCM-OSC-01,138.31,115.75,-0.86,41.57
2026-04-24 22:00,CCM-OSC-01,136.76,122.46,-1.65,43.09
2026-04-24 23:00,CCM-OSC-01,156.28,127.47,-1.16,46.55
2026-04-25 00:00,CCM-OSC-01,138.39,115.3,0.51,45.38
2026-04-25 01:00,CCM-OSC-01,154.49,129.15,0.33,44.21
2026-04-25 02:00,CCM-OSC-01,163.26,129.2,0.91,45.38
2026-04-25 03:00,CCM-OSC-01,168.86,134.94,0.68,45.4
2026-04-25 04:00,CCM-OSC-01,165.24,132.61,1.13,44.92
2026-04-25 05:00,CCM-OSC-01,167.74,129.66,0.98,48.42
2026-04-25 06:00,CCM-OSC-01,162.97,136.07,1.81,46.57
2026-04-25 07:00,CCM-OSC-01,148.55,126.41,1.73,47.53
2026-04-25 08:00,CCM-OSC-01,167.0,134.91,1.52,45.61
2026-04-25 09:00,CCM-OSC-01,150.68,134.62,1.14,48.37
2026-04-25 10:00,CCM-OSC-01,159.17,131.07,1.03,46.83
2026-04-25 11:00,CCM-OSC-01,156.86,127.67,0.77,44.61
2026-04-25 12:00,CCM-OSC-01,147.74,127.09,0.3,45.08
2026-04-25 13:00,CCM-OSC-01,145.53,118.38,-0.06,43.9
2026-04-25 14:00,CCM-OSC-01,141.39,121.74,-1.25,44.62
2026-04-25 15:00,CCM-OSC-01,145.3,117.36,-1.63,43.45
2026-04-25 16:00,CCM-OSC-01,129.24,115.3,-1.53,42.89
2026-04-25 17:00,CCM-OSC-01,137.48,119.33,-1.62,42.48
2026-04-25 18:00,CCM-OSC-01,139.1,121.99,-2.01,41.51
2026-04-25 19:00,CCM-OSC-01,134.95,111.78,-1.14,41.07
2026-04-25 20:00,CCM-OSC-01,139.26,124.77,-1.86,41.5
2026-04-25 21:00,CCM-OSC-01,131.46,121.32,-0.6,40.95
2026-04-25 22:00,CCM-OSC-01,134.86,124.3,-0.46,42.91
2026-04-25 23:00,CCM-OSC-01,135.81,126.75,-0.34,43.52
2026-04-26 00:00,CCM-OSC-01,147.97,121.51,0.27,44.04
2026-04-26 01:00,CCM-OSC-01,161.99,129.35,-0.25,44.78
2026-04-26 02:00,CCM-OSC-01,162.68,132.38,0.41,46.31
2026-04-26 03:00,CCM-OSC-01,153.97,133.13,0.43,47.33
2026-04-26 04:00,CCM-OSC-01,166.67,134.36,0.87,45.79
2026-04-26 05:00,CCM-OSC-01,157.73,127.2,1.87,47.31
2026-04-26 06:00,CCM-OSC-01,169.72,131.02,0.44,47.64
2026-04-26 07:00,CCM-OSC-01,172.51,133.88,1.26,48.12
2026-04-26 08:00,CCM-OSC-01,176.13,131.13,0.42,48.3
2026-04-26 09:00,CCM-OSC-01,159.26,131.62,0.37,47.21
2026-04-26 10:00,CCM-OSC-01,166.26,134.57,0.64,47.28
2026-04-26 11:00,CCM-OSC-01,164.24,123.99,0.35,45.92
2026-04-26 12:00,CCM-OSC-01,141.59,125.92,0.32,44.78
2026-04-26 13:00,CCM-OSC-01,148.01,128.61,-0.42,43.05
2026-04-26 14:00,CCM-OSC-01,148.57,122.52,-0.6,42.27
2026-04-26 15:00,CCM-OSC-01,132.8,121.55,-1.03,42.96
2026-04-26 16:00,CCM-OSC-01,127.15,117.33,-0.9,42.55
2026-04-26 17:00,CCM-OSC-01,127.96,118.84,-0.57,42.32
2026-04-26 18:00,CCM-OSC-01,127.62,116.6,-1.27,42.0
2026-04-26 19:00,CCM-OSC-01,146.0,118.55,-1.0,41.22
2026-04-26 20:00,CCM-OSC-01,129.11,118.12,-0.98,41.82
2026-04-26 21:00,CCM-OSC-01,125.52,127.94,-0.48,43.42
2026-04-26 22:00,CCM-OSC-01,137.2,118.8,-0.58,42.06
2026-04-26 23:00,CCM-OSC-01,137.7,120.19,-0.02,43.55
2026-04-27 00:00,CCM-OSC-01,163.59,124.76,0.8,46.15
2026-04-27 01:00,CCM-OSC-01,164.59,121.51,0.12,44.34
2026-04-27 02:00,CCM-OSC-01,166.1,130.33,0.83,45.9
2026-04-27 03:00,CCM-OSC-01,145.58,137.81,0.35,47.73
2026-04-27 04:00,CCM-OSC-01,173.54,128.74,0.15,47.28
2026-04-27 05:00,CCM-OSC-01,167.73,136.82,1.27,48.37
2026-04-27 06:00,CCM-OSC-01,160.48,134.3,2.14,47.71
2026-04-27 07:00,CCM-OSC-01,166.23,133.85,1.85,47.49
2026-04-27 08:00,CCM-OSC-01,168.64,134.1,0.21,47.05
2026-04-27 09:00,CCM-OSC-01,159.53,130.48,-0.19,47.33
2026-04-27 10:00,CCM-OSC-01,161.49,124.52,2.08,46.33
2026-04-27 11:00,CCM-OSC-01,148.61,123.59,0.9,45.54
2026-04-27 12:00,CCM-OSC-01,144.18,121.42,-0.8,44.97
2026-04-27 13:00,CCM-OSC-01,143.95,121.11,-0.8,44.25
2026-04-27 14:00,CCM-OSC-01,139.28,117.14,-0.7,45.84
2026-04-27 15:00,CCM-OSC-01,137.06,118.72,-0.39,42.42
2026-04-27 16:00,CCM-OSC-01,144.19,123.43,-0.9,43.6
2026-04-27 17:00,CCM-OSC-01,137.13,113.41,-0.7,42.41
2026-04-27 18:00,CCM-OSC-01,141.57,119.23,-1.59,43.32
2026-04-27 19:00,CCM-OSC-01,129.35,117.75,-2.31,44.12
2026-04-27 20:00,CCM-OSC-01,137.16,114.71,-0.9,44.63
2026-04-27 21:00,CCM-OSC-01,141.17,124.4,-0.23,45.83
2026-04-27 22:00,CCM-OSC-01,137.32,116.85,0.02,43.96
2026-04-27 23:00,CCM-OSC-01,154.36,126.83,-0.17,44.1
2026-04-28 00:00,CCM-OSC-01,145.56,126.51,-0.51,44.61
2026-04-28 01:00,CCM-OSC-01,160.33,126.81,-0.57,46.3
2026-04-28 02:00,CCM-OSC-01,142.88,125.77,1.34,45.79
2026-04-28 03:00,CCM-OSC-01,156.27,124.68,1.79,47.06
2026-04-28 04:00,CCM-OSC-01,161.72,136.12,1.75,47.58
2026-04-28 05:00,CCM-OSC-01,154.49,136.22,0.87,47.99
2026-04-28 06:00,CCM-OSC-01,178.3,140.42,0.6,47.84
2026-04-28 07:00,CCM-OSC-01,166.84,137.4,0.25,47.4
2026-04-28 08:00,CCM-OSC-01,171.7,134.32,0.52,46.87
2026-04-28 09:00,CCM-OSC-01,164.89,130.0,1.0,46.69
2026-04-28 10:00,CCM-OSC-01,165.45,131.2,0.13,46.43
2026-04-28 11:00,CCM-OSC-01,156.54,126.88,0.36,45.8
2026-04-28 12:00,CCM-OSC-01,146.83,122.87,-0.13,44.18
2026-04-28 13:00,CCM-OSC-01,151.18,125.8,-0.02,45.05
2026-04-28 14:00,CCM-OSC-01,141.97,121.4,-0.74,44.31
2026-04-28 15:00,CCM-OSC-01,137.23,121.98,-0.98,42.62
2026-04-28 16:00,CCM-OSC-01,132.06,116.02,-1.0,42.69
2026-04-28 17:00,CCM-OSC-01,113.91,127.99,-1.28,42.4
2026-04-28 18:00,CCM-OSC-01,132.45,117.68,-0.92,44.13
2026-04-28 19:00,CCM-OSC-01,129.86,119.35,-1.41,43.35
2026-04-28 20:00,CCM-OSC-01,128.31,118.61,-1.68,43.53
2026-04-28 21:00,CCM-OSC-01,138.73,121.74,-1.24,42.7
2026-04-28 22:00,CCM-OSC-01,146.08,116.13,-0.5,44.26
2026-04-28 23:00,CCM-OSC-01,156.91,119.94,-1.25,46.3
2026-04-29 00:00,CCM-OSC-01,160.57,132.53,-0.17,44.44
2026-04-29 01:00,CCM-OSC-01,159.17,125.56,0.35,45.78
2026-04-29 02:00,CCM-OSC-01,162.89,130.9,0.88,47.31
2026-04-29 03:00,CCM-OSC-01,156.65,134.39,0.49,46.01
2026-04-29 04:00,CCM-OSC-01,157.66,129.86,1.6,47.15
2026-04-29 05:00,CCM-OSC-01,156.65,130.83,1.7,48.26
2026-04-29 06:00,CCM-OSC-01,169.77,140.39,1.6,47.84
2026-04-29 07:00,CCM-OSC-01,159.7,131.52,1.01,46.82
2026-04-29 08:00,CCM-OSC-01,158.66,134.3,1.24,47.07
2026-04-29 09:00,CCM-OSC-01,173.05,129.82,1.34,46.1
2026-04-29 10:00,CCM-OSC-01,152.45,136.76,0.71,46.68
2026-04-29 11:00,CCM-OSC-01,149.74,124.2,0.72,44.51
2026-04-29 12:00,CCM-OSC-01,154.44,125.53,-0.39,43.55
2026-04-29 13:00,CCM-OSC-01,139.92,127.57,-1.27,44.27
2026-04-29 14:00,CCM-OSC-01,135.13,125.39,-0.63,44.38
2026-04-29 15:00,CCM-OSC-01,141.62,115.54,-0.54,43.02
2026-04-29 16:00,CCM-OSC-01,134.55,113.52,-1.04,41.67
2026-04-29 17:00,CCM-OSC-01,134.04,120.72,-0.95,42.02
2026-04-29 18:00,CCM-OSC-01,141.26,119.04,-1.13,41.95
2026-04-29 19:00,CCM-OSC-01,143.21,113.24,-1.87,43.34
2026-04-29 20:00,CCM-OSC-01,148.44,114.75,-1.25,42.45
2026-04-29 21:00,CCM-OSC-01,143.1,118.95,-0.66,43.74
2026-04-29 22:00,CCM-OSC-01,141.99,121.08,-0.02,42.79
2026-04-29 23:00,CCM-OSC-01,137.53,113.87,-0.64,45.08
2026-04-30 00:00,CCM-OSC-01,146.43,119.92,0.36,44.71
2026-04-30 01:00,CCM-OSC-01,151.93,127.38,0.45,47.61
2026-04-30 02:00,CCM-OSC-01,160.78,128.61,0.47,47.65
2026-04-30 03:00,CCM-OSC-01,157.52,133.03,1.17,46.35
2026-04-30 04:00,CCM-OSC-01,164.28,131.17,0.92,46.82
2026-04-30 05:00,CCM-OSC-01,168.88,132.56,2.11,46.55
2026-04-30 06:00,CCM-OSC-01,169.7,136.0,1.74,48.38
2026-04-30 07:00,CCM-OSC-01,163.27,132.56,2.11,47.2
2026-04-30 08:00,CCM-OSC-01,158.58,122.39,0.93,47.24
2026-04-30 09:00,CCM-OSC-01,157.2,136.07,0.85,46.5
2026-04-30 10:00,CCM-OSC-01,155.35,132.37,0.88,46.2
2026-04-30 11:00,CCM-OSC-01,146.83,128.54,0.26,46.63
2026-04-30 12:00,CCM-OSC-01,154.2,121.52,-0.12,45.44
2026-04-30 13:00,CCM-OSC-01,149.9,122.58,-0.05,45.83
2026-04-30 14:00,CCM-OSC-01,153.07,117.01,0.2,43.03
2026-04-30 15:00,CCM-OSC-01,145.66,111.85,-0.35,42.56
2026-04-30 16:00,CCM-OSC-01,129.01,113.86,-0.68,43.71
2026-04-30 17:00,CCM-OSC-01,136.95,117.11,-0.89,42.91
2026-04-30 18:00,CCM-OSC-01,133.76,115.65,-1.69,40.97
2026-04-30 19:00,CCM-OSC-01,142.87,117.85,-2.54,42.35
2026-04-30 20:00,CCM-OSC-01,125.12,117.54,-0.91,43.8
2026-04-30 21:00,CCM-OSC-01,133.11,118.76,-0.92,43.74
2026-04-30 22:00,CCM-OSC-01,129.52,117.71,-1.19,42.76
2026-04-30 23:00,CCM-OSC-01,154.15,122.62,-0.64,45.43
2026-05-01 00:00,CCM-OSC-01,138.82,125.03,0.79,46.48
2026-05-01 01:00,CCM-OSC-01,170.85,129.34,-0.19,45.83
2026-05-01 02:00,CCM-OSC-01,169.67,128.32,0.1,46.02
2026-05-01 03:00,CCM-OSC-01,149.81,134.68,0.62,44.08
2026-05-01 04:00,CCM-OSC-01,165.05,130.71,1.92,44.54
2026-05-01 05:00,CCM-OSC-01,175.66,131.54,2.11,45.99
2026-05-01 06:00,CCM-OSC-01,168.38,131.75,1.35,47.69
2026-05-01 07:00,CCM-OSC-01,172.15,128.16,1.33,48.39
2026-05-01 08:00,CCM-OSC-01,170.45,134.77,0.47,48.17
2026-05-01 09:00,CCM-OSC-01,158.54,126.76,0.89,46.08
2026-05-01 10:00,CCM-OSC-01,180.42,134.7,0.95,45.05
2026-05-01 11:00,CCM-OSC-01,147.34,123.35,0.26,45.63
2026-05-01 12:00,CCM-OSC-01,152.37,127.11,-0.3,44.35
2026-05-01 13:00,CCM-OSC-01,148.69,126.21,-0.94,45.25
2026-05-01 14:00,CCM-OSC-01,129.9,127.69,-0.06,44.07
2026-05-01 15:00,CCM-OSC-01,133.75,122.73,-0.37,42.34
2026-05-01 16:00,CCM-OSC-01,145.43,110.67,-0.27,42.24
2026-05-01 17:00,CCM-OSC-01,137.49,113.87,-0.86,42.82
2026-05-01 18:00,CCM-OSC-01,134.2,112.37,-2.5,42.05
2026-05-01 19:00,CCM-OSC-01,128.01,115.18,-1.61,41.62
2026-05-01 20:00,CCM-OSC-01,144.05,113.61,-0.8,42.0
2026-05-01 21:00,CCM-OSC-01,141.84,121.57,-0.88,42.97
2026-05-01 22:00,CCM-OSC-01,135.05,117.08,0.09,44.2
2026-05-01 23:00,CCM-OSC-01,158.31,129.81,-1.01,44.12
2026-05-02 00:00,CCM-OSC-01,150.11,125.14,0.07,43.89
2026-05-02 01:00,CCM-OSC-01,157.51,131.32,1.14,44.4
2026-05-02 02:00,CCM-OSC-01,158.07,129.99,0.97,46.12
2026-05-02 03:00,CCM-OSC-01,164.4,134.5,1.34,46.16
2026-05-02 04:00,CCM-OSC-01,160.05,136.3,0.67,46.72
2026-05-02 05:00,CCM-OSC-01,163.78,133.04,1.42,45.1
2026-05-02 06:00,CCM-OSC-01,164.41,129.35,1.53,47.93
2026-05-02 07:00,CCM-OSC-01,155.83,139.07,1.51,48.14
2026-05-02 08:00,CCM-OSC-01,165.53,128.41,1.04,48.6
2026-05-02 09:00,CCM-OSC-01,163.68,131.13,0.91,45.72
2026-05-02 10:00,CCM-OSC-01,154.39,129.56,1.24,47.11
2026-05-02 11:00,CCM-OSC-01,163.34,131.01,0.41,43.4
2026-05-02 12:00,CCM-OSC-01,148.24,127.64,-0.36,44.04
2026-05-02 13:00,CCM-OSC-01,143.15,124.32,-0.48,45.33
2026-05-02 14:00,CCM-OSC-01,150.7,122.97,0.23,44.56
2026-05-02 15:00,CCM-OSC-01,138.12,118.98,-0.04,44.49
2026-05-02 16:00,CCM-OSC-01,125.66,117.87,-1.1,42.11
2026-05-02 17:00,CCM-OSC-01,142.34,114.73,-1.32,42.97
2026-05-02 18:00,CCM-OSC-01,126.85,124.33,-1.68,43.17
2026-05-02 19:00,CCM-OSC-01,135.94,114.94,-1.34,43.28
2026-05-02 20:00,CCM-OSC-01,139.43,122.14,-1.2,43.61
2026-05-02 21:00,CCM-OSC-01,140.52,118.07,-0.32,43.81
2026-05-02 22:00,CCM-OSC-01,158.49,118.1,0.41,43.66
2026-05-02 23:00,CCM-OSC-01,148.31,127.65,-0.51,45.29
2026-05-03 00:00,CCM-OSC-01,149.0,128.3,0.29,45.12
2026-05-03 01:00,CCM-OSC-01,159.68,127.52,0.85,45.0
2026-05-03 02:00,CCM-OSC-01,145.74,132.2,0.14,46.72
2026-05-03 03:00,CCM-OSC-01,157.12,133.55,0.18,45.61
2026-05-03 04:00,CCM-OSC-01,154.73,132.53,0.83,47.62
2026-05-03 05:00,CCM-OSC-01,168.77,133.44,1.04,49.03
2026-05-03 06:00,CCM-OSC-01,156.37,137.46,1.63,49.43
2026-05-03 07:00,CCM-OSC-01,175.17,130.39,1.82,47.43
2026-05-03 08:00,CCM-OSC-01,177.25,130.46,1.47,47.51
2026-05-03 09:00,CCM-OSC-01,168.76,133.93,1.01,46.54
2026-05-03 10:00,CCM-OSC-01,155.85,127.87,0.51,45.57
2026-05-03 11:00,CCM-OSC-01,150.55,125.36,-0.16,46.44
2026-05-03 12:00,CCM-OSC-01,150.7,127.96,-0.18,44.08
2026-05-03 13:00,CCM-OSC-01,152.06,127.77,-0.93,44.29
2026-05-03 14:00,CCM-OSC-01,142.99,122.35,-0.66,44.41
2026-05-03 15:00,CCM-OSC-01,129.91,121.23,-0.41,41.95
2026-05-03 16:00,CCM-OSC-01,145.15,116.59,-1.34,41.79
2026-05-03 17:00,CCM-OSC-01,138.13,115.72,-0.66,44.25
2026-05-03 18:00,CCM-OSC-01,123.18,113.24,-1.82,41.62
2026-05-03 19:00,CCM-OSC-01,133.17,118.46,-0.12,41.85
2026-05-03 20:00,CCM-OSC-01,141.24,118.97,-1.39,42.29
2026-05-03 21:00,CCM-OSC-01,144.6,119.26,-0.77,42.71
2026-05-03 22:00,CCM-OSC-01,126.25,123.18,-0.15,43.91
2026-05-03 23:00,CCM-OSC-01,142.61,118.1,-0.48,43.83
2026-05-04 00:00,CCM-OSC-01,161.93,128.45,-0.6,45.57
2026-05-04 01:00,CCM-OSC-01,160.21,135.94,-0.1,44.77
2026-05-04 02:00,CCM-OSC-01,158.8,127.34,0.01,48.21
2026-05-04 03:00,CCM-OSC-01,167.9,137.62,1.21,47.95
2026-05-04 04:00,CCM-OSC-01,164.21,136.29,0.95,47.96
2026-05-04 05:00,CCM-OSC-01,165.29,136.09,1.02,48.91
2026-05-04 06:00,CCM-OSC-01,161.62,135.45,0.36,48.45
2026-05-04 07:00,CCM-OSC-01,173.61,134.65,1.23,49.47
2026-05-04 08:00,CCM-OSC-01,169.23,132.93,0.6,47.4
2026-05-04 09:00,CCM-OSC-01,154.26,134.68,1.34,46.54
2026-05-04 10:00,CCM-OSC-01,158.22,128.05,0.78,47.78
2026-05-04 11:00,CCM-OSC-01,154.73,124.87,0.22,46.6
2026-05-04 12:00,CCM-OSC-01,152.55,120.42,0.09,46.12
2026-05-04 13:00,CCM-OSC-01,133.22,123.45,-0.6,45.91
2026-05-04 14:00,CCM-OSC-01,144.61,119.32,-1.5,43.64
2026-05-04 15:00,CCM-OSC-01,149.81,121.78,-1.24,41.99
2026-05-04 16:00,CCM-OSC-01,137.19,108.31,-0.42,43.87
2026-05-04 17:00,CCM-OSC-01,125.72,116.44,-0.89,43.08
2026-05-04 18:00,CCM-OSC-01,130.34,111.55,-0.95,41.56
2026-05-04 19:00,CCM-OSC-01,125.76,113.54,-1.56,45.56
2026-05-04 20:00,CCM-OSC-01,136.33,116.28,-1.45,44.65
2026-05-04 21:00,CCM-OSC-01,130.23,121.26,-0.64,44.23
2026-05-04 22:00,CCM-OSC-01,138.77,121.51,0.48,43.9
2026-05-04 23:00,CCM-OSC-01,138.1,121.3,-0.05,44.3
2026-05-05 00:00,CCM-OSC-01,154.21,117.05,-0.39,44.98
2026-05-05 01:00,CCM-OSC-01,160.67,128.75,0.62,46.58
2026-05-05 02:00,CCM-OSC-01,165.23,128.14,1.22,45.55
2026-05-05 03:00,CCM-OSC-01,154.26,126.93,1.02,45.56
2026-05-05 04:00,CCM-OSC-01,159.81,134.06,1.19,47.07
2026-05-05 05:00,CCM-OSC-01,166.38,136.72,1.29,47.58
2026-05-05 06:00,CCM-OSC-01,160.22,134.13,1.25,46.38
2026-05-05 07:00,CCM-OSC-01,163.48,133.63,1.66,47.09
2026-05-05 08:00,CCM-OSC-01,165.98,133.07,1.06,45.69
2026-05-05 09:00,CCM-OSC-01,163.64,132.89,1.39,46.72
2026-05-05 10:00,CCM-OSC-01,159.95,124.17,1.45,47.05
2026-05-05 11:00,CCM-OSC-01,148.45,126.48,0.12,46.0
2026-05-05 12:00,CCM-OSC-01,151.75,127.79,0.11,46.43
2026-05-05 13:00,CCM-OSC-01,153.96,124.66,0.14,44.47
2026-05-05 14:00,CCM-OSC-01,145.19,114.53,-0.5,44.99
2026-05-05 15:00,CCM-OSC-01,146.14,112.0,-0.29,44.64
2026-05-05 16:00,CCM-OSC-01,147.86,119.45,-0.2,43.49
2026-05-05 17:00,CCM-OSC-01,135.91,110.92,-0.44,42.07
2026-05-05 18:00,CCM-OSC-01,125.07,111.6,-0.61,42.6
2026-05-05 19:00,CCM-OSC-01,138.96,117.39,-0.99,43.23
2026-05-05 20:00,CCM-OSC-01,119.32,113.21,-1.54,42.81
2026-05-05 21:00,CCM-OSC-01,129.36,118.12,-0.25,45.3
2026-05-05 22:00,CCM-OSC-01,142.35,119.57,-0.23,44.41
2026-05-05 23:00,CCM-OSC-01,145.43,119.18,-0.4,44.1
2026-05-06 00:00,CCM-OSC-01,153.98,120.63,0.29,44.77
2026-05-06 01:00,CCM-OSC-01,156.77,126.19,-0.19,44.75
2026-05-06 02:00,CCM-OSC-01,171.23,125.52,1.05,45.22
2026-05-06 03:00,CCM-OSC-01,170.25,125.95,0.64,46.82
2026-05-06 04:00,CCM-OSC-01,166.62,125.02,0.83,47.74
2026-05-06 05:00,CCM-OSC-01,166.9,128.03,2.09,47.04
2026-05-06 06:00,CCM-OSC-01,167.34,132.43,1.27,48.2
2026-05-06 07:00,CCM-OSC-01,173.49,132.35,0.66,46.09
2026-05-06 08:00,CCM-OSC-01,164.15,134.84,0.68,47.34
2026-05-06 09:00,CCM-OSC-01,167.91,132.13,1.64,48.63
2026-05-06 10:00,CCM-OSC-01,147.41,130.62,0.57,47.16
2026-05-06 11:00,CCM-OSC-01,145.52,130.72,0.48,45.29
2026-05-06 12:00,CCM-OSC-01,146.9,127.86,-0.19,44.85
2026-05-06 13:00,CCM-OSC-01,144.99,122.89,0.1,44.25
2026-05-06 14:00,CCM-OSC-01,148.29,121.96,-1.15,43.79
2026-05-06 15:00,CCM-OSC-01,149.5,119.85,-0.33,43.03
2026-05-06 16:00,CCM-OSC-01,124.75,115.96,-1.78,41.47
2026-05-06 17:00,CCM-OSC-01,136.91,114.41,-1.46,42.07
2026-05-06 18:00,CCM-OSC-01,117.43,118.57,-1.3,41.94
2026-05-06 19:00,CCM-OSC-01,123.86,113.26,-1.58,40.3
2026-05-06 20:00,CCM-OSC-01,138.7,116.07,-0.57,43.69
2026-05-06 21:00,CCM-OSC-01,130.24,115.59,-0.6,42.6
2026-05-06 22:00,CCM-OSC-01,147.92,115.36,-0.54,43.31
2026-05-06 23:00,CCM-OSC-01,143.7,125.99,-0.82,45.16
2026-05-07 00:00,CCM-OSC-01,157.45,122.66,-0.09,46.79
2026-05-07 01:00,CCM-OSC-01,149.33,128.62,0.21,46.32
2026-05-07 02:00,CCM-OSC-01,149.03,127.54,0.92,45.71
2026-05-07 03:00,CCM-OSC-01,165.46,128.17,1.25,46.18
2026-05-07 04:00,CCM-OSC-01,158.6,137.26,1.66,45.79
2026-05-07 05:00,CCM-OSC-01,158.38,134.7,1.86,47.98
2026-05-07 06:00,CCM-OSC-01,165.61,129.25,0.79,46.86
2026-05-07 07:00,CCM-OSC-01,168.85,134.5,1.4,47.24
2026-05-07 08:00,CCM-OSC-01,163.01,131.12,1.17,46.47
2026-05-07 09:00,CCM-OSC-01,166.62,134.59,1.22,46.61
2026-05-07 10:00,CCM-OSC-01,164.29,127.23,0.15,45.23
2026-05-07 11:00,CCM-OSC-01,156.0,123.21,1.24,45.32
2026-05-07 12:00,CCM-OSC-01,141.88,126.3,-0.21,44.11
2026-05-07 13:00,CCM-OSC-01,139.26,120.94,0.26,44.24
2026-05-07 14:00,CCM-OSC-01,128.11,119.23,-0.89,42.73
2026-05-07 15:00,CCM-OSC-01,143.04,118.31,-1.09,43.0
2026-05-07 16:00,CCM-OSC-01,124.7,111.77,-1.72,41.68
2026-05-07 17:00,CCM-OSC-01,134.9,115.09,-1.06,41.76
2026-05-07 18:00,CCM-OSC-01,144.88,114.27,-1.33,43.29
2026-05-07 19:00,CCM-OSC-01,129.67,117.6,-0.98,42.69
2026-05-07 20:00,CCM-OSC-01,125.71,121.56,-0.8,44.09
2026-05-07 21:00,CCM-OSC-01,132.32,116.3,-1.74,43.44
2026-05-07 22:00,CCM-OSC-01,120.82,123.6,-0.94,41.96
2026-05-07 23:00,CCM-OSC-01,145.77,124.9,-0.14,43.45
2026-05-08 00:00,CCM-OSC-01,152.13,128.93,0.47,45.41
2026-05-08 01:00,CCM-OSC-01,148.6,126.95,-0.19,46.21
2026-05-08 02:00,CCM-OSC-01,162.03,130.16,1.13,46.55
2026-05-08 03:00,CCM-OSC-01,153.3,129.51,1.19,47.7
2026-05-08 04:00,CCM-OSC-01,183.26,132.08,0.47,46.44
2026-05-08 05:00,CCM-OSC-01,165.64,129.57,1.4,47.33
2026-05-08 06:00,CCM-OSC-01,155.04,128.0,1.43,48.96
2026-05-08 07:00,CCM-OSC-01,156.67,130.34,1.04,46.65
2026-05-08 08:00,CCM-OSC-01,170.11,130.2,0.65,47.92
2026-05-08 09:00,CCM-OSC-01,163.98,131.83,0.18,47.41
2026-05-08 10:00,CCM-OSC-01,146.61,134.19,-0.41,45.6
2026-05-08 11:00,CCM-OSC-01,159.7,128.11,-0.22,46.74
2026-05-08 12:00,CCM-OSC-01,142.94,124.8,0.29,44.31
2026-05-08 13:00,CCM-OSC-01,147.13,124.56,0.25,45.52
2026-05-08 14:00,CCM-OSC-01,152.6,122.56,-0.21,43.34
2026-05-08 15:00,CCM-OSC-01,131.11,112.0,-1.14,42.55
2026-05-08 16:00,CCM-OSC-01,139.02,119.27,-1.22,42.52
2026-05-08 17:00,CCM-OSC-01,132.83,116.34,-0.15,41.42
2026-05-08 18:00,CCM-OSC-01,139.33,116.28,-1.32,41.24
2026-05-08 19:00,CCM-OSC-01,135.59,114.79,-1.1,42.48
2026-05-08 20:00,CCM-OSC-01,138.6,114.23,-1.64,42.66
2026-05-08 21:00,CCM-OSC-01,142.16,110.26,-0.54,41.24
2026-05-08 22:00,CCM-OSC-01,129.53,118.39,-0.84,43.4
2026-05-08 23:00,CCM-OSC-01,152.0,124.55,-0.04,44.82
2026-05-09 00:00,CCM-OSC-01,148.97,130.38,-1.4,44.87
2026-05-09 01:00,CCM-OSC-01,149.2,129.27,0.3,45.6
2026-05-09 02:00,CCM-OSC-01,158.32,124.43,1.24,47.1
2026-05-09 03:00,CCM-OSC-01,154.29,136.2,1.17,47.19
2026-05-09 04:00,CCM-OSC-01,168.43,127.38,1.71,49.36
2026-05-09 05:00,CCM-OSC-01,180.33,131.7,1.68,47.65
2026-05-09 06:00,CCM-OSC-01,169.03,134.07,2.05,48.67
2026-05-09 07:00,CCM-OSC-01,165.21,130.23,2.01,45.78
2026-05-09 08:00,CCM-OSC-01,169.75,128.42,1.04,48.43
2026-05-09 09:00,CCM-OSC-01,169.1,128.51,1.24,47.11
2026-05-09 10:00,CCM-OSC-01,169.2,129.58,0.63,45.69
2026-05-09 11:00,CCM-OSC-01,152.56,124.46,0.88,45.58
2026-05-09 12:00,CCM-OSC-01,147.83,122.23,0.11,45.83
2026-05-09 13:00,CCM-OSC-01,148.58,117.76,-0.79,44.55
2026-05-09 14:00,CCM-OSC-01,135.01,122.11,-0.29,42.57
2026-05-09 15:00,CCM-OSC-01,139.57,121.1,-0.52,43.18
2026-05-09 16:00,CCM-OSC-01,143.81,115.51,0.03,42.97
2026-05-09 17:00,CCM-OSC-01,141.98,115.14,-1.13,42.2
2026-05-09 18:00,CCM-OSC-01,132.83,114.38,-0.89,43.05
2026-05-09 19:00,CCM-OSC-01,136.81,111.39,-0.66,42.4
2026-05-09 20:00,CCM-OSC-01,129.1,120.17,-0.33,43.16
2026-05-09 21:00,CCM-OSC-01,131.49,114.06,-1.59,41.91
2026-05-09 22:00,CCM-OSC-01,125.5,118.86,-0.54,43.82
2026-05-09 23:00,CCM-OSC-01,140.92,126.25,-1.16,45.66
2026-05-10 00:00,CCM-OSC-01,154.96,120.96,1.04,46.18
2026-05-10 01:00,CCM-OSC-01,158.2,127.38,0.54,45.61
2026-05-10 02:00,CCM-OSC-01,150.14,127.63,0.67,45.66
2026-05-10 03:00,CCM-OSC-01,162.78,132.59,-0.09,46.14
2026-05-10 04:00,CCM-OSC-01,160.88,135.48,1.37,46.87
2026-05-10 05:00,CCM-OSC-01,173.44,136.07,1.92,46.67
2026-05-10 06:00,CCM-OSC-01,161.94,125.29,0.99,47.45
2026-05-10 07:00,CCM-OSC-01,175.57,136.43,0.58,49.05
2026-05-10 08:00,CCM-OSC-01,174.99,132.28,1.2,47.75
2026-05-10 09:00,CCM-OSC-01,153.16,128.45,0.77,48.52
2026-05-10 10:00,CCM-OSC-01,157.8,134.92,-0.3,47.59
2026-05-10 11:00,CCM-OSC-01,165.86,123.43,0.04,45.37
2026-05-10 12:00,CCM-OSC-01,151.6,125.83,-0.79,43.99
2026-05-10 13:00,CCM-OSC-01,143.76,120.05,-0.5,44.26
2026-05-10 14:00,CCM-OSC-01,147.51,128.26,-0.18,45.32
2026-05-10 15:00,CCM-OSC-01,132.76,122.79,-0.97,43.83
2026-05-10 16:00,CCM-OSC-01,137.92,118.2,-1.48,42.92
2026-05-10 17:00,CCM-OSC-01,131.32,117.41,-1.54,43.58
2026-05-10 18:00,CCM-OSC-01,141.89,117.95,-1.48,42.34
2026-05-10 19:00,CCM-OSC-01,149.04,114.25,-0.62,42.6
2026-05-10 20:00,CCM-OSC-01,139.74,119.47,-0.31,42.45
2026-05-10 21:00,CCM-OSC-01,133.3,119.63,-0.6,43.17
2026-05-10 22:00,CCM-OSC-01,154.97,123.32,-0.07,43.7
2026-05-10 23:00,CCM-OSC-01,145.32,119.02,-0.76,43.95
2026-05-11 00:00,CCM-OSC-01,153.09,128.68,-0.32,45.03
2026-05-11 01:00,CCM-OSC-01,164.61,122.81,0.31,45.06
2026-05-11 02:00,CCM-OSC-01,164.2,129.41,0.03,46.8
2026-05-11 03:00,CCM-OSC-01,162.11,126.84,1.7,45.32
2026-05-11 04:00,CCM-OSC-01,176.84,128.15,1.57,47.62
2026-05-11 05:00,CCM-OSC-01,175.6,130.85,1.23,47.74
2026-05-11 06:00,CCM-OSC-01,164.18,128.38,1.09,47.8
2026-05-11 07:00,CCM-OSC-01,173.65,131.35,1.28,47.11
2026-05-11 08:00,CCM-OSC-01,168.73,134.88,1.37,47.31
2026-05-11 09:00,CCM-OSC-01,163.05,131.73,1.05,47.98
2026-05-11 10:00,CCM-OSC-01,159.44,128.79,0.87,44.06
2026-05-11 11:00,CCM-OSC-01,163.94,130.11,-0.3,44.2
2026-05-11 12:00,CCM-OSC-01,150.98,131.34,0.77,43.85
2026-05-11 13:00,CCM-OSC-01,147.99,116.57,-0.32,44.79
2026-05-11 14:00,CCM-OSC-01,154.38,123.64,-0.92,43.35
2026-05-11 15:00,CCM-OSC-01,132.58,119.1,-0.82,44.34
2026-05-11 16:00,CCM-OSC-01,127.13,115.67,-0.83,41.71
2026-05-11 17:00,CCM-OSC-01,135.56,115.97,-0.05,41.21
2026-05-11 18:00,CCM-OSC-01,136.23,116.74,-1.19,43.62
2026-05-11 19:00,CCM-OSC-01,121.08,120.96,-1.21,42.47
2026-05-11 20:00,CCM-OSC-01,134.4,113.4,-1.34,41.85
2026-05-11 21:00,CCM-OSC-01,133.95,119.72,-1.42,43.5
2026-05-11 22:00,CCM-OSC-01,155.45,122.19,-1.1,43.57
2026-05-11 23:00,CCM-OSC-01,136.07,127.55,-0.24,42.98
2026-05-12 00:00,CCM-OSC-01,164.25,128.12,-0.19,45.77
2026-05-12 01:00,CCM-OSC-01,157.79,128.01,0.17,44.28
2026-05-12 02:00,CCM-OSC-01,158.14,133.71,0.06,44.82
2026-05-12 03:00,CCM-OSC-01,169.06,134.38,0.86,49.18
2026-05-12 04:00,CCM-OSC-01,162.9,130.49,1.07,47.79
2026-05-12 05:00,CCM-OSC-01,164.85,128.47,2.06,46.91
2026-05-12 06:00,CCM-OSC-01,168.32,133.5,0.97,47.41
2026-05-12 07:00,CCM-OSC-01,169.94,129.98,2.26,47.37
2026-05-12 08:00,CCM-OSC-01,162.29,130.18,0.99,47.53
2026-05-12 09:00,CCM-OSC-01,154.44,128.24,1.07,45.15
2026-05-12 10:00,CCM-OSC-01,149.17,131.51,0.57,46.34
2026-05-12 11:00,CCM-OSC-01,154.23,121.98,0.53,44.84
2026-05-12 12:00,CCM-OSC-01,141.81,125.01,-0.37,45.01
2026-05-12 13:00,CCM-OSC-01,124.78,121.99,0.08,45.09
2026-05-12 14:00,CCM-OSC-01,136.67,121.62,-0.48,44.5
2026-05-12 15:00,CCM-OSC-01,125.06,117.86,-0.9,43.08
2026-05-12 16:00,CCM-OSC-01,149.25,113.49,-1.01,42.28
2026-05-12 17:00,CCM-OSC-01,141.47,115.87,-0.81,41.75
2026-05-12 18:00,CCM-OSC-01,133.61,113.44,-2.53,41.08
2026-05-12 19:00,CCM-OSC-01,140.67,118.95,-0.09,43.98
2026-05-12 20:00,CCM-OSC-01,142.9,113.82,-1.17,42.48
2026-05-12 21:00,CCM-OSC-01,136.82,120.49,-1.32,42.46
2026-05-12 22:00,CCM-OSC-01,131.04,115.03,-0.99,44.89
2026-05-12 23:00,CCM-OSC-01,136.02,127.36,-0.07,43.82
2026-05-13 00:00,CCM-OSC-01,160.65,125.84,-0.87,45.88
2026-05-13 01:00,CCM-OSC-01,155.62,127.07,-0.07,45.75
2026-05-13 02:00,CCM-OSC-01,140.35,128.35,0.92,46.25
2026-05-13 03:00,CCM-OSC-01,160.01,133.69,-0.05,47.97
2026-05-13 04:00,CCM-OSC-01,155.93,133.64,1.81,47.77
2026-05-13 05:00,CCM-OSC-01,179.27,132.3,1.47,46.38
2026-05-13 06:00,CCM-OSC-01,170.42,138.12,1.32,46.37
2026-05-13 07:00,CCM-OSC-01,169.95,137.5,0.9,47.15
2026-05-13 08:00,CCM-OSC-01,162.43,123.67,0.76,48.36
2026-05-13 09:00,CCM-OSC-01,172.87,127.29,0.13,48.56
2026-05-13 10:00,CCM-OSC-01,163.81,128.93,0.78,48.39
2026-05-13 11:00,CCM-OSC-01,165.06,124.91,0.05,46.21
2026-05-13 12:00,CCM-OSC-01,152.98,126.66,-0.3,45.36
2026-05-13 13:00,CCM-OSC-01,140.97,125.6,-0.93,44.38
2026-05-13 14:00,CCM-OSC-01,146.69,128.2,-0.41,42.7
2026-05-13 15:00,CCM-OSC-01,141.05,113.15,-1.29,45.35
2026-05-13 16:00,CCM-OSC-01,148.63,117.3,-1.71,42.82
2026-05-13 17:00,CCM-OSC-01,131.97,120.42,-0.84,43.21
2026-05-13 18:00,CCM-OSC-01,128.17,114.1,-1.34,43.42
2026-05-13 19:00,CCM-OSC-01,131.84,110.4,-1.02,42.12
2026-05-13 20:00,CCM-OSC-01,133.88,124.52,-0.54,42.44
2026-05-13 21:00,CCM-OSC-01,144.14,117.42,-0.93,41.7
2026-05-13 22:00,CCM-OSC-01,146.67,119.35,-1.15,44.35
2026-05-13 23:00,CCM-OSC-01,136.09,119.59,-0.12,44.92
2026-05-14 00:00,CCM-OSC-01,142.99,124.66,0.11,47.0
2026-05-14 01:00,CCM-OSC-01,156.17,126.99,0.93,46.51
2026-05-14 02:00,CCM-OSC-01,154.55,128.82,0.25,45.2
2026-05-14 03:00,CCM-OSC-01,160.74,125.59,1.0,46.64
2026-05-14 04:00,CCM-OSC-01,171.59,133.17,0.43,47.8
2026-05-14 05:00,CCM-OSC-01,154.52,135.58,0.89,46.34
2026-05-14 06:00,CCM-OSC-01,163.93,130.64,1.85,47.87
2026-05-14 07:00,CCM-OSC-01,158.55,135.43,1.49,46.92
2026-05-14 08:00,CCM-OSC-01,170.48,127.59,1.79,45.13
2026-05-14 09:00,CCM-OSC-01,168.42,126.88,1.64,46.54
2026-05-14 10:00,CCM-OSC-01,144.63,124.73,1.9,46.77
2026-05-14 11:00,CCM-OSC-01,154.44,125.88,0.39,45.37
2026-05-14 12:00,CCM-OSC-01,140.55,118.98,0.01,45.27
2026-05-14 13:00,CCM-OSC-01,148.44,118.81,-0.98,44.11
2026-05-14 14:00,CCM-OSC-01,142.5,119.52,-0.58,44.34
2026-05-14 15:00,CCM-OSC-01,131.16,118.27,-0.2,41.51
2026-05-14 16:00,CCM-OSC-01,137.04,115.14,-1.89,43.9
2026-05-14 17:00,CCM-OSC-01,124.12,109.11,-0.95,42.09
2026-05-14 18:00,CCM-OSC-01,141.56,122.23,-1.11,41.36
2026-05-14 19:00,CCM-OSC-01,129.74,115.71,-1.01,42.27
2026-05-14 20:00,CCM-OSC-01,118.39,114.28,-1.42,42.5
2026-05-14 21:00,CCM-OSC-01,140.0,115.96,-0.34,43.37
2026-05-14 22:00,CCM-OSC-01,136.24,118.54,-0.76,43.42
2026-05-14 23:00,CCM-OSC-01,131.85,124.5,-0.99,43.68
2026-05-15 00:00,CCM-OSC-01,148.23,121.71,0.05,47.16
2026-05-15 01:00,CCM-OSC-01,159.78,127.85,-0.66,44.62
2026-05-15 02:00,CCM-OSC-01,165.71,128.63,0.17,46.16
2026-05-15 03:00,CCM-OSC-01,161.83,133.9,0.33,45.37
2026-05-15 04:00,CCM-OSC-01,168.09,129.85,1.33,47.9
2026-05-15 05:00,CCM-OSC-01,163.01,134.81,1.59,46.56
2026-05-15 06:00,CCM-OSC-01,167.68,141.98,2.03,47.92
2026-05-15 07:00,CCM-OSC-01,166.45,135.03,0.75,45.83
2026-05-15 08:00,CCM-OSC-01,168.48,134.91,0.81,46.39
2026-05-15 09:00,CCM-OSC-01,161.95,124.59,1.97,46.52
2026-05-15 10:00,CCM-OSC-01,150.25,124.65,0.85,44.98
2026-05-15 11:00,CCM-OSC-01,155.15,127.29,0.89,46.36
2026-05-15 12:00,CCM-OSC-01,155.39,128.02,-0.04,44.54
2026-05-15 13:00,CCM-OSC-01,135.24,122.89,0.08,44.92
2026-05-15 14:00,CCM-OSC-01,134.96,122.46,-0.61,44.05
2026-05-15 15:00,CCM-OSC-01,142.92,119.44,-1.15,41.9
2026-05-15 16:00,CCM-OSC-01,123.07,118.36,-1.54,43.1
2026-05-15 17:00,CCM-OSC-01,132.87,119.93,-1.18,43.46
2026-05-15 18:00,CCM-OSC-01,132.13,112.55,-1.1,43.0
2026-05-15 19:00,CCM-OSC-01,122.37,115.33,-2.3,43.17
2026-05-15 20:00,CCM-OSC-01,133.04,118.2,-1.95,42.98
2026-05-15 21:00,CCM-OSC-01,145.12,116.16,-1.87,42.22
2026-05-15 22:00,CCM-OSC-01,144.65,121.72,-0.35,44.2
2026-05-15 23:00,CCM-OSC-01,139.15,121.6,-0.51,45.55
