timestamp,asset_id,ram_force,drive_motor_current,rail_temperature,ram_speed
2026-04-01 00:00,COR-02,211.29,224.61,63.0,12.9
2026-04-01 01:00,COR-02,216.92,236.07,66.72,14.47
2026-04-01 02:00,COR-02,239.5,234.14,64.05,14.25
2026-04-01 03:00,COR-02,258.99,233.18,66.91,13.38
2026-04-01 04:00,COR-02,247.33,259.53,69.18,14.11
2026-04-01 05:00,COR-02,258.1,225.49,71.59,14.17
2026-04-01 06:00,COR-02,250.32,245.91,72.4,13.02
2026-04-01 07:00,COR-02,266.04,226.2,68.85,13.6
2026-04-01 08:00,COR-02,259.76,235.42,68.13,14.32
2026-04-01 09:00,COR-02,237.65,229.53,70.38,14.68
2026-04-01 10:00,COR-02,241.89,216.24,66.12,13.55
2026-04-01 11:00,COR-02,237.04,217.0,66.25,13.47
2026-04-01 12:00,COR-02,231.8,223.84,67.9,13.01
2026-04-01 13:00,COR-02,219.65,207.15,57.78,12.9
2026-04-01 14:00,COR-02,219.59,190.59,65.89,12.58
2026-04-01 15:00,COR-02,207.21,198.89,55.61,12.24
2026-04-01 16:00,COR-02,191.75,198.46,60.55,12.04
2026-04-01 17:00,COR-02,194.55,205.79,54.36,11.62
2026-04-01 18:00,COR-02,193.07,182.59,59.92,11.68
2026-04-01 19:00,COR-02,196.47,189.93,60.56,12.18
2026-04-01 20:00,COR-02,190.52,188.95,60.71,10.98
2026-04-01 21:00,COR-02,207.31,209.03,60.57,11.8
2026-04-01 22:00,COR-02,201.01,210.6,62.59,12.37
2026-04-01 23:00,COR-02,232.6,210.33,64.71,12.1
2026-04-02 00:00,COR-02,245.86,213.18,65.1,12.24
2026-04-02 01:00,COR-02,243.84,231.87,70.64,13.16
2026-04-02 02:00,COR-02,222.48,246.69,68.29,13.38
2026-04-02 03:00,COR-02,244.57,245.46,72.32,15.04
2026-04-02 04:00,COR-02,267.13,256.56,73.87,14.41
2026-04-02 05:00,COR-02,258.16,249.88,69.28,15.19
2026-04-02 06:00,COR-02,264.86,214.34,74.14,14.14
2026-04-02 07:00,COR-02,261.97,255.62,75.25,13.96
2026-04-02 08:00,COR-02,240.76,254.03,71.88,13.74
2026-04-02 09:00,COR-02,228.91,238.77,68.25,13.76
2026-04-02 10:00,COR-02,248.52,232.92,65.98,13.62
2026-04-02 11:00,COR-02,228.44,236.62,68.69,13.11
2026-04-02 12:00,COR-02,216.48,240.11,66.67,12.08
2026-04-02 13:00,COR-02,205.82,222.15,67.22,12.81
2026-04-02 14:00,COR-02,213.34,215.57,62.11,13.02
2026-04-02 15:00,COR-02,213.62,186.77,59.14,11.45
2026-04-02 16:00,COR-02,211.12,186.4,56.7,12.27
2026-04-02 17:00,COR-02,214.47,207.1,55.62,10.78
2026-04-02 18:00,COR-02,199.89,190.86,60.83,11.58
2026-04-02 19:00,COR-02,185.29,211.01,54.54,11.84
2026-04-02 20:00,COR-02,206.92,192.12,62.49,12.1
2026-04-02 21:00,COR-02,203.48,191.21,59.68,11.9
2026-04-02 22:00,COR-02,212.11,213.64,59.04,12.07
2026-04-02 23:00,COR-02,220.03,209.31,63.12,12.37
2026-04-03 00:00,COR-02,249.06,221.29,64.01,12.82
2026-04-03 01:00,COR-02,219.0,229.69,65.39,13.27
2026-04-03 02:00,COR-02,233.97,242.23,71.88,13.46
2026-04-03 03:00,COR-02,250.74,249.32,71.51,13.57
2026-04-03 04:00,COR-02,246.28,249.84,70.38,13.99
2026-04-03 05:00,COR-02,254.97,234.5,71.51,14.52
2026-04-03 06:00,COR-02,256.73,255.08,75.16,14.56
2026-04-03 07:00,COR-02,244.3,245.04,70.98,13.4
2026-04-03 08:00,COR-02,240.84,256.73,72.23,13.92
2026-04-03 09:00,COR-02,244.43,245.04,67.31,13.5
2026-04-03 10:00,COR-02,257.37,238.52,68.79,13.07
2026-04-03 11:00,COR-02,245.78,230.66,61.81,12.83
2026-04-03 12:00,COR-02,226.83,217.63,68.67,12.93
2026-04-03 13:00,COR-02,205.1,212.38,60.34,12.84
2026-04-03 14:00,COR-02,200.68,215.51,61.56,10.99
2026-04-03 15:00,COR-02,218.19,199.36,59.51,10.6
2026-04-03 16:00,COR-02,192.43,190.65,59.86,13.02
2026-04-03 17:00,COR-02,219.81,200.32,60.0,12.8
2026-04-03 18:00,COR-02,217.13,186.27,57.96,11.09
2026-04-03 19:00,COR-02,177.48,208.39,61.01,11.87
2026-04-03 20:00,COR-02,195.62,193.42,59.07,12.37
2026-04-03 21:00,COR-02,221.76,171.81,59.53,12.14
2026-04-03 22:00,COR-02,224.52,202.83,63.96,12.24
2026-04-03 23:00,COR-02,207.74,213.44,65.27,12.44
2026-04-04 00:00,COR-02,236.03,212.15,64.0,13.12
2026-04-04 01:00,COR-02,227.23,217.99,65.08,13.22
2026-04-04 02:00,COR-02,236.38,226.73,69.37,12.9
2026-04-04 03:00,COR-02,240.24,248.44,66.84,13.94
2026-04-04 04:00,COR-02,265.35,229.9,71.75,13.75
2026-04-04 05:00,COR-02,261.76,269.33,74.51,15.26
2026-04-04 06:00,COR-02,263.02,230.33,71.86,15.01
2026-04-04 07:00,COR-02,252.12,253.89,65.64,14.36
2026-04-04 08:00,COR-02,264.57,251.56,70.29,13.73
2026-04-04 09:00,COR-02,263.2,250.69,68.72,14.04
2026-04-04 10:00,COR-02,245.05,234.43,63.5,13.72
2026-04-04 11:00,COR-02,232.93,211.2,69.41,13.27
2026-04-04 12:00,COR-02,220.72,229.16,62.03,12.67
2026-04-04 13:00,COR-02,224.33,207.29,62.25,12.89
2026-04-04 14:00,COR-02,233.35,216.38,66.3,13.0
2026-04-04 15:00,COR-02,211.49,205.8,60.66,12.94
2026-04-04 16:00,COR-02,183.08,193.73,58.83,11.07
2026-04-04 17:00,COR-02,171.85,201.77,62.38,11.28
2026-04-04 18:00,COR-02,210.71,200.4,58.97,12.17
2026-04-04 19:00,COR-02,202.75,173.2,63.0,11.42
2026-04-04 20:00,COR-02,181.44,202.36,60.65,12.38
2026-04-04 21:00,COR-02,185.25,203.15,61.83,11.65
2026-04-04 22:00,COR-02,212.26,220.45,60.73,12.49
2026-04-04 23:00,COR-02,204.17,217.48,64.51,12.73
2026-04-05 00:00,COR-02,215.51,222.08,66.17,13.76
2026-04-05 01:00,COR-02,233.39,232.2,68.98,13.64
2026-04-05 02:00,COR-02,238.01,237.89,69.99,13.6
2026-04-05 03:00,COR-02,239.0,242.2,71.71,13.97
2026-04-05 04:00,COR-02,250.57,238.37,67.56,13.9
2026-04-05 05:00,COR-02,262.38,242.92,71.61,14.32
2026-04-05 06:00,COR-02,263.61,247.35,73.71,13.85
2026-04-05 07:00,COR-02,264.98,257.42,72.18,13.87
2026-04-05 08:00,COR-02,242.62,234.03,72.6,13.92
2026-04-05 09:00,COR-02,252.24,229.76,69.48,14.39
2026-04-05 10:00,COR-02,234.51,224.89,69.79,13.33
2026-04-05 11:00,COR-02,237.1,209.42,68.6,12.68
2026-04-05 12:00,COR-02,231.42,208.51,68.9,12.3
2026-04-05 13:00,COR-02,204.57,229.24,61.57,12.63
2026-04-05 14:00,COR-02,205.02,206.55,62.46,13.04
2026-04-05 15:00,COR-02,206.23,202.32,57.54,11.16
2026-04-05 16:00,COR-02,190.37,178.49,66.3,11.74
2026-04-05 17:00,COR-02,185.5,191.49,60.88,11.57
2026-04-05 18:00,COR-02,213.19,182.79,57.69,11.78
2026-04-05 19:00,COR-02,193.24,174.76,58.15,11.19
2026-04-05 20:00,COR-02,209.55,216.21,61.2,12.39
2026-04-05 21:00,COR-02,204.04,206.26,58.64,12.05
2026-04-05 22:00,COR-02,216.16,203.06,61.65,12.46
2026-04-05 23:00,COR-02,216.6,218.37,66.94,11.56
2026-04-06 00:00,COR-02,231.9,203.31,63.25,12.9
2026-04-06 01:00,COR-02,222.62,207.56,67.63,13.92
2026-04-06 02:00,COR-02,211.79,217.55,66.75,13.38
2026-04-06 03:00,COR-02,220.11,242.44,67.23,13.92
2026-04-06 04:00,COR-02,264.78,237.92,72.22,14.12
2026-04-06 05:00,COR-02,242.72,254.3,68.29,14.71
2026-04-06 06:00,COR-02,266.31,235.49,68.57,14.71
2026-04-06 07:00,COR-02,261.26,251.91,67.68,14.32
2026-04-06 08:00,COR-02,240.79,245.29,68.07,14.79
2026-04-06 09:00,COR-02,241.35,240.37,71.97,13.59
2026-04-06 10:00,COR-02,245.91,239.4,67.27,13.49
2026-04-06 11:00,COR-02,239.95,232.9,72.53,12.88
2026-04-06 12:00,COR-02,228.35,238.58,65.18,12.7
2026-04-06 13:00,COR-02,217.42,210.74,64.79,12.78
2026-04-06 14:00,COR-02,202.61,195.12,64.86,11.99
2026-04-06 15:00,COR-02,196.65,194.61,57.72,11.98
2026-04-06 16:00,COR-02,217.53,202.1,60.1,11.76
2026-04-06 17:00,COR-02,183.53,194.5,57.4,12.51
2026-04-06 18:00,COR-02,192.0,189.52,55.0,11.94
2026-04-06 19:00,COR-02,190.33,200.1,57.26,12.37
2026-04-06 20:00,COR-02,166.77,211.8,60.83,12.56
2026-04-06 21:00,COR-02,213.75,195.33,64.98,12.45
2026-04-06 22:00,COR-02,194.54,208.19,62.78,13.0
2026-04-06 23:00,COR-02,206.51,198.73,64.24,12.45
2026-04-07 00:00,COR-02,219.16,219.66,68.39,13.56
2026-04-07 01:00,COR-02,236.55,219.72,69.3,13.06
2026-04-07 02:00,COR-02,233.56,224.89,69.75,14.03
2026-04-07 03:00,COR-02,243.45,242.28,71.09,13.71
2026-04-07 04:00,COR-02,250.93,249.23,69.53,13.49
2026-04-07 05:00,COR-02,281.17,248.11,66.89,14.48
2026-04-07 06:00,COR-02,262.43,254.89,73.06,13.81
2026-04-07 07:00,COR-02,267.84,231.28,72.74,14.62
2026-04-07 08:00,COR-02,251.2,254.67,71.62,14.29
2026-04-07 09:00,COR-02,227.32,231.3,70.42,13.49
2026-04-07 10:00,COR-02,227.04,226.61,67.75,13.37
2026-04-07 11:00,COR-02,215.6,210.03,72.53,13.29
2026-04-07 12:00,COR-02,211.35,219.3,65.27,12.62
2026-04-07 13:00,COR-02,211.49,221.68,64.4,13.29
2026-04-07 14:00,COR-02,195.89,203.88,65.68,11.94
2026-04-07 15:00,COR-02,190.8,212.0,61.9,11.06
2026-04-07 16:00,COR-02,216.29,190.94,61.85,12.14
2026-04-07 17:00,COR-02,210.7,186.85,60.37,11.52
2026-04-07 18:00,COR-02,199.45,172.8,60.96,12.16
2026-04-07 19:00,COR-02,194.62,184.1,60.31,12.26
2026-04-07 20:00,COR-02,196.56,217.38,56.67,11.33
2026-04-07 21:00,COR-02,219.56,211.12,59.57,12.14
2026-04-07 22:00,COR-02,211.82,201.53,64.23,12.13
2026-04-07 23:00,COR-02,223.6,200.15,63.74,12.63
2026-04-08 00:00,COR-02,227.16,215.46,65.65,12.31
2026-04-08 01:00,COR-02,227.44,232.02,68.97,13.35
2026-04-08 02:00,COR-02,242.6,236.33,69.68,13.85
2026-04-08 03:00,COR-02,250.69,248.87,71.45,12.98
2026-04-08 04:00,COR-02,246.05,260.42,71.59,13.65
2026-04-08 05:00,COR-02,264.81,240.67,74.19,14.46
2026-04-08 06:00,COR-02,246.2,250.89,69.87,15.48
2026-04-08 07:00,COR-02,258.34,245.16,73.33,15.52
2026-04-08 08:00,COR-02,262.69,240.67,70.14,13.79
2026-04-08 09:00,COR-02,265.52,240.11,68.83,13.81
2026-04-08 10:00,COR-02,246.0,231.89,63.61,13.78
2026-04-08 11:00,COR-02,228.84,235.65,68.13,13.51
2026-04-08 12:00,COR-02,228.5,228.37,65.06,12.58
2026-04-08 13:00,COR-02,206.55,217.38,66.62,12.57
2026-04-08 14:00,COR-02,215.56,225.99,60.8,12.35
2026-04-08 15:00,COR-02,211.24,223.9,63.3,12.77
2026-04-08 16:00,COR-02,182.4,207.28,54.61,12.32
2026-04-08 17:00,COR-02,202.21,209.65,60.12,11.3
2026-04-08 18:00,COR-02,211.91,210.18,61.27,13.38
2026-04-08 19:00,COR-02,188.99,181.5,60.71,11.07
2026-04-08 20:00,COR-02,212.4,196.4,58.49,11.99
2026-04-08 21:00,COR-02,219.49,199.87,63.95,11.82
2026-04-08 22:00,COR-02,215.83,206.16,65.07,12.31
2026-04-08 23:00,COR-02,207.54,219.39,63.79,12.39
2026-04-09 00:00,COR-02,221.9,217.39,64.01,12.33
2026-04-09 01:00,COR-02,231.9,235.96,61.27,12.82
2026-04-09 02:00,COR-02,227.88,245.29,66.17,13.85
2026-04-09 03:00,COR-02,242.85,216.09,73.61,14.48
2026-04-09 04:00,COR-02,248.58,248.16,68.84,14.28
2026-04-09 05:00,COR-02,255.53,235.43,70.46,14.58
2026-04-09 06:00,COR-02,266.99,230.23,72.65,14.63
2026-04-09 07:00,COR-02,272.73,236.89,67.96,14.07
2026-04-09 08:00,COR-02,268.27,233.72,71.01,13.77
2026-04-09 09:00,COR-02,254.52,242.88,66.47,14.49
2026-04-09 10:00,COR-02,255.82,227.58,70.51,14.22
2026-04-09 11:00,COR-02,234.97,212.46,65.72,13.33
2026-04-09 12:00,COR-02,229.89,207.03,66.08,12.66
2026-04-09 13:00,COR-02,206.88,217.2,60.91,13.17
2026-04-09 14:00,COR-02,227.27,199.14,60.63,12.09
2026-04-09 15:00,COR-02,196.57,208.05,59.81,12.06
2026-04-09 16:00,COR-02,202.29,208.47,59.38,11.48
2026-04-09 17:00,COR-02,189.95,199.79,59.66,11.92
2026-04-09 18:00,COR-02,203.69,194.47,56.21,11.79
2026-04-09 19:00,COR-02,194.88,218.19,62.16,11.92
2026-04-09 20:00,COR-02,213.62,199.43,61.48,11.72
2026-04-09 21:00,COR-02,214.18,226.9,62.37,12.47
2026-04-09 22:00,COR-02,207.23,188.04,62.66,12.29
2026-04-09 23:00,COR-02,228.11,210.46,65.55,11.65
2026-04-10 00:00,COR-02,238.12,208.04,62.67,13.43
2026-04-10 01:00,COR-02,248.8,218.38,72.23,13.74
2026-04-10 02:00,COR-02,255.36,221.13,64.93,12.94
2026-04-10 03:00,COR-02,242.27,212.11,72.07,14.12
2026-04-10 04:00,COR-02,273.18,232.81,71.19,15.16
2026-04-10 05:00,COR-02,241.83,251.52,76.79,13.89
2026-04-10 06:00,COR-02,244.01,248.12,70.87,14.6
2026-04-10 07:00,COR-02,252.03,235.85,68.62,14.24
2026-04-10 08:00,COR-02,254.75,241.89,68.71,14.19
2026-04-10 09:00,COR-02,239.62,238.82,68.97,14.3
2026-04-10 10:00,COR-02,228.38,222.67,67.32,12.83
2026-04-10 11:00,COR-02,234.21,220.9,70.96,13.42
2026-04-10 12:00,COR-02,226.77,213.7,66.58,14.4
2026-04-10 13:00,COR-02,209.47,206.94,68.49,12.39
2026-04-10 14:00,COR-02,210.88,196.94,61.23,11.63
2026-04-10 15:00,COR-02,212.25,189.44,61.67,11.02
2026-04-10 16:00,COR-02,188.51,196.96,56.05,11.42
2026-04-10 17:00,COR-02,191.16,198.7,57.26,11.64
2026-04-10 18:00,COR-02,166.3,211.5,54.49,11.49
2026-04-10 19:00,COR-02,171.74,193.43,62.58,11.58
2026-04-10 20:00,COR-02,177.07,200.28,62.52,11.83
2026-04-10 21:00,COR-02,211.92,191.59,55.11,13.2
2026-04-10 22:00,COR-02,196.42,208.14,59.96,11.77
2026-04-10 23:00,COR-02,227.91,223.59,68.51,12.39
2026-04-11 00:00,COR-02,197.91,234.04,66.75,13.58
2026-04-11 01:00,COR-02,221.73,234.86,64.67,13.49
2026-04-11 02:00,COR-02,255.04,233.2,67.3,13.57
2026-04-11 03:00,COR-02,244.09,236.07,69.28,13.78
2026-04-11 04:00,COR-02,258.47,253.38,69.31,13.53
2026-04-11 05:00,COR-02,256.42,250.69,68.32,13.5
2026-04-11 06:00,COR-02,264.2,232.01,69.12,13.6
2026-04-11 07:00,COR-02,266.46,249.61,71.28,13.64
2026-04-11 08:00,COR-02,270.2,220.69,70.53,13.82
2026-04-11 09:00,COR-02,232.84,244.85,71.05,14.08
2026-04-11 10:00,COR-02,246.99,238.8,65.84,13.64
2026-04-11 11:00,COR-02,238.9,234.42,65.89,12.93
2026-04-11 12:00,COR-02,227.3,232.28,66.61,13.9
2026-04-11 13:00,COR-02,221.31,209.24,63.86,12.84
2026-04-11 14:00,COR-02,205.09,207.89,58.58,13.29
2026-04-11 15:00,COR-02,192.38,205.53,60.54,12.05
2026-04-11 16:00,COR-02,181.93,199.73,61.03,11.64
2026-04-11 17:00,COR-02,201.42,204.03,62.44,12.51
2026-04-11 18:00,COR-02,181.04,199.11,54.84,12.61
2026-04-11 19:00,COR-02,208.23,209.39,59.29,11.3
2026-04-11 20:00,COR-02,193.62,199.13,54.67,12.5
2026-04-11 21:00,COR-02,198.44,205.42,62.18,12.35
2026-04-11 22:00,COR-02,228.17,195.52,62.58,12.54
2026-04-11 23:00,COR-02,219.25,192.0,62.84,12.47
2026-04-12 00:00,COR-02,234.28,214.21,62.89,13.27
2026-04-12 01:00,COR-02,234.18,228.59,68.67,12.41
2026-04-12 02:00,COR-02,242.92,218.72,67.48,12.55
2026-04-12 03:00,COR-02,246.21,254.18,67.81,14.3
2026-04-12 04:00,COR-02,239.83,223.43,71.57,13.77
2026-04-12 05:00,COR-02,231.94,247.89,71.91,14.02
2026-04-12 06:00,COR-02,276.97,241.53,70.66,14.09
2026-04-12 07:00,COR-02,241.47,241.84,70.59,14.21
2026-04-12 08:00,COR-02,255.58,234.17,69.9,14.6
2026-04-12 09:00,COR-02,283.39,225.95,68.8,13.55
2026-04-12 10:00,COR-02,223.8,241.81,69.85,13.93
2026-04-12 11:00,COR-02,232.18,229.78,64.94,13.24
2026-04-12 12:00,COR-02,233.31,233.88,63.97,13.25
2026-04-12 13:00,COR-02,189.23,208.54,66.18,13.17
2026-04-12 14:00,COR-02,219.04,215.12,61.92,12.76
2026-04-12 15:00,COR-02,205.4,216.09,60.69,11.98
2026-04-12 16:00,COR-02,213.56,222.42,56.42,11.88
2026-04-12 17:00,COR-02,189.15,198.06,58.96,12.49
2026-04-12 18:00,COR-02,188.2,196.13,58.84,12.33
2026-04-12 19:00,COR-02,175.66,189.62,58.28,11.44
2026-04-12 20:00,COR-02,216.37,202.72,60.92,11.97
2026-04-12 21:00,COR-02,210.07,201.47,62.87,12.13
2026-04-12 22:00,COR-02,205.7,200.21,63.5,12.57
2026-04-12 23:00,COR-02,196.54,210.16,62.45,12.63
2026-04-13 00:00,COR-02,216.46,217.51,61.79,13.11
2026-04-13 01:00,COR-02,190.25,233.76,70.09,12.36
2026-04-13 02:00,COR-02,257.7,229.24,72.23,12.94
2026-04-13 03:00,COR-02,246.24,261.38,68.09,13.44
2026-04-13 04:00,COR-02,260.15,235.78,68.28,13.91
2026-04-13 05:00,COR-02,258.7,240.32,71.7,14.09
2026-04-13 06:00,COR-02,252.65,241.01,71.56,14.58
2026-04-13 07:00,COR-02,268.34,241.15,76.54,14.67
2026-04-13 08:00,COR-02,232.84,248.93,69.19,14.27
2026-04-13 09:00,COR-02,230.95,238.38,70.93,13.64
2026-04-13 10:00,COR-02,228.88,234.06,68.27,14.07
2026-04-13 11:00,COR-02,223.51,238.04,62.31,13.35
2026-04-13 12:00,COR-02,211.32,208.08,63.39,12.81
2026-04-13 13:00,COR-02,228.93,206.11,58.81,13.06
2026-04-13 14:00,COR-02,224.86,230.7,60.86,12.04
2026-04-13 15:00,COR-02,206.96,207.13,58.72,13.04
2026-04-13 16:00,COR-02,191.94,171.88,61.91,13.6
2026-04-13 17:00,COR-02,214.58,191.12,56.58,10.44
2026-04-13 18:00,COR-02,202.23,186.08,59.92,12.96
2026-04-13 19:00,COR-02,198.87,199.7,66.55,11.87
2026-04-13 20:00,COR-02,177.3,199.9,58.73,11.86
2026-04-13 21:00,COR-02,185.0,207.91,62.52,12.27
2026-04-13 22:00,COR-02,217.62,199.65,63.86,11.8
2026-04-13 23:00,COR-02,236.28,214.07,65.4,12.27
2026-04-14 00:00,COR-02,226.87,223.45,60.45,13.1
2026-04-14 01:00,COR-02,233.97,206.99,69.61,12.42
2026-04-14 02:00,COR-02,228.47,219.23,67.21,13.42
2026-04-14 03:00,COR-02,252.84,223.79,69.71,13.24
2026-04-14 04:00,COR-02,259.16,247.18,68.49,14.75
2026-04-14 05:00,COR-02,251.55,249.92,65.3,14.59
2026-04-14 06:00,COR-02,240.33,245.38,74.12,14.21
2026-04-14 07:00,COR-02,278.66,235.58,69.66,13.62
2026-04-14 08:00,COR-02,217.61,238.18,70.34,13.43
2026-04-14 09:00,COR-02,242.93,220.2,69.88,13.4
2026-04-14 10:00,COR-02,237.05,220.47,66.07,14.47
2026-04-14 11:00,COR-02,250.47,222.65,66.8,13.19
2026-04-14 12:00,COR-02,219.76,225.69,61.66,13.65
2026-04-14 13:00,COR-02,190.45,221.17,63.14,13.07
2026-04-14 14:00,COR-02,202.42,205.19,62.28,12.51
2026-04-14 15:00,COR-02,222.07,193.24,64.12,11.46
2026-04-14 16:00,COR-02,185.96,202.51,60.41,11.01
2026-04-14 17:00,COR-02,197.74,188.59,60.83,11.68
2026-04-14 18:00,COR-02,201.92,205.34,60.96,11.1
2026-04-14 19:00,COR-02,182.25,202.49,60.61,11.8
2026-04-14 20:00,COR-02,205.46,214.41,56.56,12.03
2026-04-14 21:00,COR-02,199.14,203.16,57.99,12.28
2026-04-14 22:00,COR-02,201.43,196.79,63.55,12.33
2026-04-14 23:00,COR-02,214.66,209.51,60.84,12.36
2026-04-15 00:00,COR-02,231.88,218.33,63.24,13.17
2026-04-15 01:00,COR-02,224.09,213.91,64.1,13.01
2026-04-15 02:00,COR-02,233.92,219.54,67.04,13.77
2026-04-15 03:00,COR-02,238.77,213.73,67.55,13.65
2026-04-15 04:00,COR-02,252.6,245.05,70.01,14.81
2026-04-15 05:00,COR-02,275.77,253.02,69.85,13.83
2026-04-15 06:00,COR-02,268.0,244.17,67.09,13.96
2026-04-15 07:00,COR-02,226.6,242.46,73.95,14.16
2026-04-15 08:00,COR-02,248.12,232.03,64.97,14.18
2026-04-15 09:00,COR-02,256.41,247.83,72.13,13.78
2026-04-15 10:00,COR-02,241.09,234.84,68.91,13.75
2026-04-15 11:00,COR-02,227.77,218.15,67.38,13.95
2026-04-15 12:00,COR-02,228.41,249.67,67.23,12.99
2026-04-15 13:00,COR-02,214.94,216.71,67.97,12.83
2026-04-15 14:00,COR-02,201.89,204.83,57.58,12.23
2026-04-15 15:00,COR-02,217.99,204.76,59.35,11.84
2026-04-15 16:00,COR-02,194.23,175.9,54.58,12.75
2026-04-15 17:00,COR-02,170.0,177.32,60.01,12.83
2026-04-15 18:00,COR-02,196.81,195.8,58.93,11.89
2026-04-15 19:00,COR-02,179.36,204.91,56.81,12.52
2026-04-15 20:00,COR-02,196.44,198.54,55.85,11.36
2026-04-15 21:00,COR-02,189.25,185.25,63.7,11.97
2026-04-15 22:00,COR-02,214.97,214.24,62.6,12.65
2026-04-15 23:00,COR-02,215.42,217.54,62.13,12.31
2026-04-16 00:00,COR-02,229.05,223.02,66.11,12.81
2026-04-16 01:00,COR-02,221.31,225.7,63.54,13.09
2026-04-16 02:00,COR-02,231.32,242.12,67.97,13.41
2026-04-16 03:00,COR-02,274.7,233.68,67.13,13.37
2026-04-16 04:00,COR-02,254.09,236.72,73.43,14.01
2026-04-16 05:00,COR-02,233.4,239.35,75.73,14.65
2026-04-16 06:00,COR-02,278.65,258.57,74.22,14.05
2026-04-16 07:00,COR-02,236.81,237.79,68.84,14.21
2026-04-16 08:00,COR-02,250.16,216.12,73.08,14.47
2026-04-16 09:00,COR-02,273.1,232.48,69.03,14.29
2026-04-16 10:00,COR-02,232.95,231.62,67.87,13.86
2026-04-16 11:00,COR-02,220.18,224.57,65.93,13.66
2026-04-16 12:00,COR-02,219.6,214.86,64.49,12.92
2026-04-16 13:00,COR-02,224.48,214.77,60.12,12.21
2026-04-16 14:00,COR-02,226.96,215.59,60.37,12.13
2026-04-16 15:00,COR-02,229.25,204.08,65.12,11.48
2026-04-16 16:00,COR-02,191.18,202.79,58.71,12.82
2026-04-16 17:00,COR-02,192.33,195.89,58.75,11.56
2026-04-16 18:00,COR-02,190.64,204.5,61.32,11.14
2026-04-16 19:00,COR-02,195.73,187.21,58.37,11.47
2026-04-16 20:00,COR-02,214.86,201.72,62.78,11.26
2026-04-16 21:00,COR-02,202.84,209.79,61.93,11.35
2026-04-16 22:00,COR-02,203.83,224.09,63.45,11.68
2026-04-16 23:00,COR-02,215.94,208.35,63.65,12.72
2026-04-17 00:00,COR-02,229.6,218.6,63.27,13.29
2026-04-17 01:00,COR-02,234.77,234.74,69.24,13.82
2026-04-17 02:00,COR-02,233.79,234.85,68.55,13.11
2026-04-17 03:00,COR-02,249.22,251.6,69.71,13.37
2026-04-17 04:00,COR-02,255.17,250.19,66.14,13.72
2026-04-17 05:00,COR-02,262.24,235.11,74.88,13.6
2026-04-17 06:00,COR-02,249.74,225.27,72.43,15.11
2026-04-17 07:00,COR-02,249.79,230.02,72.96,14.88
2026-04-17 08:00,COR-02,250.93,253.85,72.97,14.21
2026-04-17 09:00,COR-02,228.89,246.56,75.04,13.67
2026-04-17 10:00,COR-02,242.58,219.67,66.29,13.87
2026-04-17 11:00,COR-02,226.28,241.23,66.48,12.62
2026-04-17 12:00,COR-02,237.91,237.72,64.15,13.37
2026-04-17 13:00,COR-02,203.36,231.19,60.84,12.83
2026-04-17 14:00,COR-02,214.64,214.77,60.53,12.21
2026-04-17 15:00,COR-02,203.52,210.01,63.04,11.73
2026-04-17 16:00,COR-02,193.09,198.98,61.98,11.36
2026-04-17 17:00,COR-02,190.99,202.8,57.62,11.73
2026-04-17 18:00,COR-02,204.53,187.65,61.26,11.88
2026-04-17 19:00,COR-02,219.63,190.62,57.79,11.85
2026-04-17 20:00,COR-02,202.82,214.35,54.3,12.18
2026-04-17 21:00,COR-02,187.95,201.57,64.95,12.43
2026-04-17 22:00,COR-02,216.72,207.53,65.2,11.99
2026-04-17 23:00,COR-02,211.79,206.29,68.6,12.16
2026-04-18 00:00,COR-02,239.91,217.26,61.5,12.92
2026-04-18 01:00,COR-02,223.14,231.59,65.94,13.29
2026-04-18 02:00,COR-02,260.17,242.34,66.22,13.57
2026-04-18 03:00,COR-02,231.99,226.19,69.95,13.28
2026-04-18 04:00,COR-02,227.82,235.3,68.69,13.59
2026-04-18 05:00,COR-02,266.82,239.52,70.91,14.25
2026-04-18 06:00,COR-02,244.52,274.05,70.1,14.0
2026-04-18 07:00,COR-02,269.09,247.86,76.7,13.8
2026-04-18 08:00,COR-02,250.02,238.99,70.64,13.46
2026-04-18 09:00,COR-02,254.74,246.93,69.91,14.49
2026-04-18 10:00,COR-02,225.47,225.98,69.09,11.51
2026-04-18 11:00,COR-02,232.13,209.46,68.72,13.16
2026-04-18 12:00,COR-02,214.34,221.11,64.42,12.52
2026-04-18 13:00,COR-02,219.65,221.48,67.3,12.66
2026-04-18 14:00,COR-02,210.82,205.02,58.52,13.16
2026-04-18 15:00,COR-02,206.17,214.69,58.32,13.25
2026-04-18 16:00,COR-02,194.34,198.12,64.41,11.59
2026-04-18 17:00,COR-02,191.22,204.85,56.34,11.69
2026-04-18 18:00,COR-02,189.75,194.62,57.8,11.33
2026-04-18 19:00,COR-02,179.91,196.48,58.71,12.45
2026-04-18 20:00,COR-02,209.93,197.83,59.63,11.81
2026-04-18 21:00,COR-02,200.17,177.57,64.87,11.33
2026-04-18 22:00,COR-02,199.26,205.81,61.38,11.52
2026-04-18 23:00,COR-02,198.86,210.93,63.02,12.81
2026-04-19 00:00,COR-02,226.68,209.58,61.87,13.82
2026-04-19 01:00,COR-02,244.32,217.03,71.71,13.24
2026-04-19 02:00,COR-02,254.15,231.14,71.84,13.65
2026-04-19 03:00,COR-02,240.31,221.96,66.23,13.93
2026-04-19 04:00,COR-02,271.72,246.58,70.97,14.17
2026-04-19 05:00,COR-02,225.32,253.83,70.97,14.31
2026-04-19 06:00,COR-02,260.11,254.85,64.35,13.43
2026-04-19 07:00,COR-02,260.19,244.04,70.51,13.41
2026-04-19 08:00,COR-02,244.65,238.7,72.45,13.78
2026-04-19 09:00,COR-02,275.82,251.18,68.25,13.63
2026-04-19 10:00,COR-02,215.56,216.91,71.45,13.37
2026-04-19 11:00,COR-02,244.08,239.02,66.5,13.39
2026-04-19 12:00,COR-02,222.73,226.54,57.73,12.57
2026-04-19 13:00,COR-02,222.44,220.7,62.84,12.0
2026-04-19 14:00,COR-02,195.72,198.28,61.62,13.05
2026-04-19 15:00,COR-02,211.48,224.49,63.02,12.51
2026-04-19 16:00,COR-02,204.61,195.0,57.9,11.88
2026-04-19 17:00,COR-02,198.34,189.75,60.03,10.93
2026-04-19 18:00,COR-02,204.78,192.23,62.52,12.9
2026-04-19 19:00,COR-02,183.91,211.79,62.01,11.43
2026-04-19 20:00,COR-02,211.55,192.24,59.01,11.83
2026-04-19 21:00,COR-02,182.5,208.24,54.12,13.25
2026-04-19 22:00,COR-02,225.57,212.56,61.34,12.16
2026-04-19 23:00,COR-02,215.65,222.2,63.83,11.93
2026-04-20 00:00,COR-02,225.07,223.64,67.9,12.78
2026-04-20 01:00,COR-02,234.69,240.7,67.77,13.43
2026-04-20 02:00,COR-02,233.01,242.95,70.21,14.62
2026-04-20 03:00,COR-02,265.41,233.99,71.2,13.5
2026-04-20 04:00,COR-02,256.87,244.09,71.96,14.25
2026-04-20 05:00,COR-02,243.35,260.15,71.65,13.23
2026-04-20 06:00,COR-02,247.98,254.82,71.11,14.46
2026-04-20 07:00,COR-02,242.43,258.74,75.49,13.09
2026-04-20 08:00,COR-02,249.96,248.9,67.33,15.0
2026-04-20 09:00,COR-02,229.48,235.09,66.56,13.89
2026-04-20 10:00,COR-02,260.75,241.09,68.76,13.29
2026-04-20 11:00,COR-02,240.47,221.25,63.55,13.48
2026-04-20 12:00,COR-02,225.49,224.13,65.14,12.35
2026-04-20 13:00,COR-02,241.35,195.76,65.11,12.34
2026-04-20 14:00,COR-02,226.11,213.03,61.28,12.8
2026-04-20 15:00,COR-02,198.89,203.0,55.13,12.13
2026-04-20 16:00,COR-02,222.99,193.19,58.45,11.92
2026-04-20 17:00,COR-02,226.51,208.95,62.55,10.88
2026-04-20 18:00,COR-02,187.67,198.01,56.01,12.1
2026-04-20 19:00,COR-02,214.21,211.91,60.79,12.45
2026-04-20 20:00,COR-02,213.37,191.37,65.28,10.88
2026-04-20 21:00,COR-02,220.93,205.8,63.17,12.27
2026-04-20 22:00,COR-02,205.09,208.24,59.41,12.16
2026-04-20 23:00,COR-02,207.25,195.99,63.28,12.93
2026-04-21 00:00,COR-02,221.06,228.28,68.82,13.54
2026-04-21 01:00,COR-02,222.96,213.62,65.75,12.91
2026-04-21 02:00,COR-02,229.91,243.28,68.2,14.62
2026-04-21 03:00,COR-02,228.43,253.27,68.25,13.25
2026-04-21 04:00,COR-02,230.49,248.03,68.86,14.3
2026-04-21 05:00,COR-02,265.21,234.81,73.22,13.75
2026-04-21 06:00,COR-02,253.1,252.23,72.17,14.78
2026-04-21 07:00,COR-02,259.07,239.21,74.73,14.63
2026-04-21 08:00,COR-02,266.3,237.81,72.85,13.35
2026-04-21 09:00,COR-02,244.52,216.69,65.38,13.6
2026-04-21 10:00,COR-02,272.71,231.5,65.7,14.85
2026-04-21 11:00,COR-02,252.38,230.87,70.36,12.15
2026-04-21 12:00,COR-02,234.84,201.65,64.26,12.67
2026-04-21 13:00,COR-02,223.07,198.8,61.08,12.01
2026-04-21 14:00,COR-02,222.62,216.1,61.35,12.91
2026-04-21 15:00,COR-02,183.59,201.24,61.02,12.72
2026-04-21 16:00,COR-02,197.35,184.3,60.3,12.2
2026-04-21 17:00,COR-02,188.95,191.65,60.97,12.03
2026-04-21 18:00,COR-02,194.31,203.15,61.44,11.89
2026-04-21 19:00,COR-02,180.1,186.55,61.82,12.22
2026-04-21 20:00,COR-02,193.36,199.99,57.81,12.66
2026-04-21 21:00,COR-02,210.87,186.83,61.47,11.94
2026-04-21 22:00,COR-02,199.72,202.61,60.66,12.34
2026-04-21 23:00,COR-02,214.71,205.79,58.95,12.79
2026-04-22 00:00,COR-02,230.03,232.87,62.15,12.34
2026-04-22 01:00,COR-02,227.71,236.53,67.45,13.94
2026-04-22 02:00,COR-02,225.13,248.62,67.68,13.37
2026-04-22 03:00,COR-02,255.67,246.41,68.68,14.41
2026-04-22 04:00,COR-02,262.11,240.53,68.42,14.46
2026-04-22 05:00,COR-02,249.36,238.74,73.14,13.63
2026-04-22 06:00,COR-02,273.11,240.59,70.21,13.83
2026-04-22 07:00,COR-02,240.37,247.71,68.0,14.44
2026-04-22 08:00,COR-02,253.47,251.55,71.7,13.52
2026-04-22 09:00,COR-02,262.67,227.98,70.07,13.21
2026-04-22 10:00,COR-02,266.05,234.74,64.84,13.6
2026-04-22 11:00,COR-02,236.25,235.82,66.83,12.29
2026-04-22 12:00,COR-02,242.99,246.43,63.57,13.5
2026-04-22 13:00,COR-02,202.4,209.93,58.0,12.7
2026-04-22 14:00,COR-02,212.39,210.33,66.45,11.61
2026-04-22 15:00,COR-02,209.56,185.12,63.09,11.41
2026-04-22 16:00,COR-02,203.04,196.1,58.51,12.03
2026-04-22 17:00,COR-02,182.12,205.35,57.77,11.41
2026-04-22 18:00,COR-02,190.51,201.32,58.32,11.19
2026-04-22 19:00,COR-02,208.85,202.86,60.92,11.13
2026-04-22 20:00,COR-02,194.21,191.19,59.69,11.64
2026-04-22 21:00,COR-02,188.81,201.62,61.05,12.49
2026-04-22 22:00,COR-02,203.5,210.88,61.02,12.46
2026-04-22 23:00,COR-02,231.88,204.81,66.35,13.23
2026-04-23 00:00,COR-02,222.18,218.04,60.21,12.66
2026-04-23 01:00,COR-02,229.13,224.43,65.32,13.45
2026-04-23 02:00,COR-02,246.73,209.99,67.23,12.8
2026-04-23 03:00,COR-02,260.83,222.97,74.42,14.37
2026-04-23 04:00,COR-02,233.27,257.43,71.37,14.65
2026-04-23 05:00,COR-02,248.29,235.11,70.54,13.77
2026-04-23 06:00,COR-02,284.62,255.07,72.66,14.73
2026-04-23 07:00,COR-02,265.76,238.07,64.26,14.88
2026-04-23 08:00,COR-02,257.91,258.32,71.23,14.92
2026-04-23 09:00,COR-02,256.89,241.09,66.92,14.17
2026-04-23 10:00,COR-02,230.24,240.8,63.79,13.64
2026-04-23 11:00,COR-02,239.48,214.42,59.29,12.97
2026-04-23 12:00,COR-02,225.89,220.09,66.57,12.71
2026-04-23 13:00,COR-02,207.77,204.02,62.95,13.15
2026-04-23 14:00,COR-02,197.76,217.57,58.21,11.88
2026-04-23 15:00,COR-02,209.73,198.16,63.1,12.66
2026-04-23 16:00,COR-02,205.88,209.66,58.73,13.05
2026-04-23 17:00,COR-02,202.99,207.03,59.82,12.21
2026-04-23 18:00,COR-02,184.25,199.12,59.27,12.35
2026-04-23 19:00,COR-02,199.6,196.06,57.67,12.33
2026-04-23 20:00,COR-02,188.94,211.35,60.78,12.44
2026-04-23 21:00,COR-02,208.21,182.06,60.64,11.94
2026-04-23 22:00,COR-02,204.84,222.57,64.07,12.22
2026-04-23 23:00,COR-02,213.89,223.93,67.24,12.41
2026-04-24 00:00,COR-02,239.07,215.8,64.54,12.7
2026-04-24 01:00,COR-02,239.43,235.51,68.99,13.44
2026-04-24 02:00,COR-02,242.18,236.45,69.69,14.11
2026-04-24 03:00,COR-02,253.05,227.98,66.87,14.04
2026-04-24 04:00,COR-02,234.54,253.26,70.44,13.94
2026-04-24 05:00,COR-02,259.76,253.76,68.7,14.65
2026-04-24 06:00,COR-02,254.48,254.72,67.95,14.28
2026-04-24 07:00,COR-02,256.42,241.14,70.87,15.19
2026-04-24 08:00,COR-02,239.31,243.21,71.19,14.3
2026-04-24 09:00,COR-02,218.2,245.4,67.52,13.54
2026-04-24 10:00,COR-02,229.14,221.41,69.67,14.03
2026-04-24 11:00,COR-02,213.21,212.87,66.49,12.43
2026-04-24 12:00,COR-02,250.67,214.07,65.59,13.14
2026-04-24 13:00,COR-02,192.05,212.76,60.88,12.71
2026-04-24 14:00,COR-02,184.32,201.83,64.31,12.26
2026-04-24 15:00,COR-02,211.13,192.32,60.21,12.19
2026-04-24 16:00,COR-02,204.16,207.6,58.65,12.92
2026-04-24 17:00,COR-02,203.65,192.1,59.74,11.93
2026-04-24 18:00,COR-02,194.7,202.41,57.52,11.27
2026-04-24 19:00,COR-02,204.64,212.71,64.6,11.83
2026-04-24 20:00,COR-02,200.67,215.96,62.71,11.77
2026-04-24 21:00,COR-02,223.71,197.98,56.69,12.32
2026-04-24 22:00,COR-02,205.03,206.64,61.86,12.44
2026-04-24 23:00,COR-02,194.85,224.82,63.14,12.66
2026-04-25 00:00,COR-02,212.26,227.92,66.36,12.5
2026-04-25 01:00,COR-02,227.4,234.89,68.72,13.08
2026-04-25 02:00,COR-02,229.04,236.37,67.39,13.2
2026-04-25 03:00,COR-02,258.03,234.13,73.58,13.96
2026-04-25 04:00,COR-02,239.52,232.09,71.82,13.61
2026-04-25 05:00,COR-02,238.81,233.72,70.46,14.37
2026-04-25 06:00,COR-02,254.42,259.79,72.02,14.84
2026-04-25 07:00,COR-02,249.3,227.98,70.37,13.85
2026-04-25 08:00,COR-02,253.97,242.09,68.31,14.85
2026-04-25 09:00,COR-02,235.53,220.13,65.24,13.53
2026-04-25 10:00,COR-02,238.49,225.63,65.51,12.88
2026-04-25 11:00,COR-02,256.44,222.73,61.79,13.18
2026-04-25 12:00,COR-02,215.2,232.22,60.85,13.58
2026-04-25 13:00,COR-02,235.45,223.57,64.61,12.27
2026-04-25 14:00,COR-02,202.08,210.25,64.12,11.79
2026-04-25 15:00,COR-02,194.47,206.65,59.47,11.5
2026-04-25 16:00,COR-02,191.58,202.23,62.27,12.34
2026-04-25 17:00,COR-02,185.07,196.22,61.19,13.02
2026-04-25 18:00,COR-02,209.07,177.94,61.08,12.36
2026-04-25 19:00,COR-02,178.25,200.97,59.4,11.39
2026-04-25 20:00,COR-02,196.92,193.95,59.53,12.33
2026-04-25 21:00,COR-02,189.85,200.92,56.57,11.97
2026-04-25 22:00,COR-02,204.56,199.06,64.3,12.5
2026-04-25 23:00,COR-02,228.81,215.78,61.62,12.5
2026-04-26 00:00,COR-02,237.44,215.63,65.82,13.01
2026-04-26 01:00,COR-02,238.65,209.43,70.04,12.47
2026-04-26 02:00,COR-02,219.83,236.58,64.94,14.56
2026-04-26 03:00,COR-02,243.51,239.86,71.82,13.33
2026-04-26 04:00,COR-02,229.1,238.24,66.88,14.54
2026-04-26 05:00,COR-02,256.6,244.42,70.79,13.95
2026-04-26 06:00,COR-02,241.11,241.15,71.04,14.1
2026-04-26 07:00,COR-02,254.78,252.14,70.15,13.23
2026-04-26 08:00,COR-02,238.5,233.56,65.73,13.51
2026-04-26 09:00,COR-02,223.28,238.07,64.95,14.17
2026-04-26 10:00,COR-02,206.46,244.64,67.08,13.54
2026-04-26 11:00,COR-02,215.58,225.56,65.94,13.4
2026-04-26 12:00,COR-02,229.17,233.88,60.6,12.92
2026-04-26 13:00,COR-02,223.73,196.4,61.33,12.6
2026-04-26 14:00,COR-02,224.43,204.38,56.02,12.01
2026-04-26 15:00,COR-02,203.01,196.79,63.28,12.05
2026-04-26 16:00,COR-02,186.97,185.01,57.37,11.61
2026-04-26 17:00,COR-02,190.96,189.96,58.92,11.37
2026-04-26 18:00,COR-02,202.76,185.04,64.94,12.13
2026-04-26 19:00,COR-02,194.27,207.26,58.65,12.22
2026-04-26 20:00,COR-02,207.51,190.41,62.74,12.2
2026-04-26 21:00,COR-02,191.61,200.97,59.66,12.4
2026-04-26 22:00,COR-02,201.15,203.37,62.39,12.69
2026-04-26 23:00,COR-02,215.69,214.59,61.85,12.58
2026-04-27 00:00,COR-02,234.81,211.01,64.17,12.79
2026-04-27 01:00,COR-02,244.34,217.49,64.51,14.08
2026-04-27 02:00,COR-02,264.57,226.08,68.64,13.81
2026-04-27 03:00,COR-02,231.12,247.65,71.59,13.19
2026-04-27 04:00,COR-02,223.85,249.79,71.41,13.24
2026-04-27 05:00,COR-02,251.51,262.44,71.45,14.07
2026-04-27 06:00,COR-02,262.32,250.44,70.71,15.41
2026-04-27 07:00,COR-02,259.34,242.82,69.22,14.24
2026-04-27 08:00,COR-02,254.54,242.53,71.0,14.65
2026-04-27 09:00,COR-02,267.37,239.73,69.2,13.85
2026-04-27 10:00,COR-02,252.57,225.75,65.79,13.17
2026-04-27 11:00,COR-02,201.66,221.09,64.69,13.0
2026-04-27 12:00,COR-02,215.16,229.66,64.24,13.38
2026-04-27 13:00,COR-02,226.19,216.52,65.11,12.08
2026-04-27 14:00,COR-02,218.99,200.06,56.45,11.49
2026-04-27 15:00,COR-02,213.61,192.54,61.9,12.22
2026-04-27 16:00,COR-02,201.61,213.63,59.21,12.15
2026-04-27 17:00,COR-02,193.84,197.39,63.24,11.84
2026-04-27 18:00,COR-02,188.53,182.72,57.6,11.12
2026-04-27 19:00,COR-02,197.92,204.85,61.54,12.09
2026-04-27 20:00,COR-02,204.95,220.17,62.01,11.5
2026-04-27 21:00,COR-02,194.57,198.81,60.8,11.45
2026-04-27 22:00,COR-02,205.71,214.19,59.63,12.62
2026-04-27 23:00,COR-02,216.42,220.19,65.13,12.25
2026-04-28 00:00,COR-02,248.94,193.58,67.63,12.84
2026-04-28 01:00,COR-02,233.61,213.15,67.09,14.09
2026-04-28 02:00,COR-02,245.82,244.04,69.71,14.01
2026-04-28 03:00,COR-02,246.59,226.48,67.92,13.85
2026-04-28 04:00,COR-02,269.45,236.14,70.2,13.18
2026-04-28 05:00,COR-02,253.24,256.86,67.25,14.46
2026-04-28 06:00,COR-02,292.24,239.44,68.82,15.44
2026-04-28 07:00,COR-02,232.4,230.9,72.28,13.84
2026-04-28 08:00,COR-02,240.09,243.49,69.99,14.48
2026-04-28 09:00,COR-02,244.7,236.09,71.89,14.45
2026-04-28 10:00,COR-02,241.88,227.39,71.34,13.79
2026-04-28 11:00,COR-02,237.49,214.01,59.65,12.83
2026-04-28 12:00,COR-02,235.08,231.93,66.21,12.86
2026-04-28 13:00,COR-02,245.55,211.38,64.54,12.19
2026-04-28 14:00,COR-02,209.44,202.95,61.65,13.03
2026-04-28 15:00,COR-02,187.42,203.63,56.74,11.32
2026-04-28 16:00,COR-02,187.2,202.22,57.59,12.82
2026-04-28 17:00,COR-02,205.09,179.19,62.56,11.54
2026-04-28 18:00,COR-02,184.62,194.14,64.04,11.81
2026-04-28 19:00,COR-02,195.69,214.39,60.49,12.21
2026-04-28 20:00,COR-02,198.04,192.47,62.92,12.09
2026-04-28 21:00,COR-02,173.63,192.94,62.16,11.91
2026-04-28 22:00,COR-02,208.72,202.88,64.28,11.99
2026-04-28 23:00,COR-02,214.35,220.7,58.63,12.73
2026-04-29 00:00,COR-02,231.67,210.94,67.09,13.77
2026-04-29 01:00,COR-02,212.95,219.55,62.07,13.14
2026-04-29 02:00,COR-02,248.67,248.59,63.94,12.77
2026-04-29 03:00,COR-02,250.75,234.51,67.22,13.55
2026-04-29 04:00,COR-02,243.89,229.31,67.94,14.15
2026-04-29 05:00,COR-02,230.71,258.55,71.57,13.35
2026-04-29 06:00,COR-02,251.43,264.14,76.04,14.75
2026-04-29 07:00,COR-02,253.3,250.25,74.92,14.45
2026-04-29 08:00,COR-02,250.08,253.55,75.38,13.72
2026-04-29 09:00,COR-02,262.83,258.7,66.24,13.92
2026-04-29 10:00,COR-02,249.66,221.95,66.91,14.42
2026-04-29 11:00,COR-02,234.75,223.64,63.28,13.8
2026-04-29 12:00,COR-02,245.59,239.45,61.88,13.51
2026-04-29 13:00,COR-02,249.49,222.34,63.36,13.13
2026-04-29 14:00,COR-02,215.1,218.53,59.56,12.49
2026-04-29 15:00,COR-02,201.28,208.06,55.88,11.86
2026-04-29 16:00,COR-02,204.86,208.51,61.47,12.78
2026-04-29 17:00,COR-02,193.08,194.34,56.21,11.68
2026-04-29 18:00,COR-02,181.81,195.25,57.96,11.97
2026-04-29 19:00,COR-02,185.95,195.58,60.47,11.73
2026-04-29 20:00,COR-02,190.77,195.62,59.94,12.46
2026-04-29 21:00,COR-02,218.14,211.51,58.42,11.28
2026-04-29 22:00,COR-02,211.9,211.85,57.39,11.98
2026-04-29 23:00,COR-02,226.29,220.31,63.97,13.05
2026-04-30 00:00,COR-02,216.46,208.23,59.23,13.53
2026-04-30 01:00,COR-02,243.64,214.72,67.69,13.39
2026-04-30 02:00,COR-02,237.37,254.5,70.24,14.07
2026-04-30 03:00,COR-02,215.28,217.24,69.02,14.64
2026-04-30 04:00,COR-02,247.18,248.58,70.97,14.47
2026-04-30 05:00,COR-02,265.38,252.35,72.39,12.71
2026-04-30 06:00,COR-02,273.93,246.47,71.23,14.15
2026-04-30 07:00,COR-02,257.23,238.39,69.81,14.61
2026-04-30 08:00,COR-02,237.62,230.35,69.0,13.71
2026-04-30 09:00,COR-02,252.77,232.32,69.21,14.63
2026-04-30 10:00,COR-02,246.58,231.82,68.1,14.05
2026-04-30 11:00,COR-02,225.39,223.47,69.33,13.7
2026-04-30 12:00,COR-02,210.25,213.0,64.85,13.21
2026-04-30 13:00,COR-02,215.66,237.37,61.0,13.08
2026-04-30 14:00,COR-02,207.45,203.9,62.86,12.21
2026-04-30 15:00,COR-02,205.93,189.37,56.67,11.61
2026-04-30 16:00,COR-02,197.21,203.92,58.67,11.75
2026-04-30 17:00,COR-02,227.53,208.33,57.67,11.87
2026-04-30 18:00,COR-02,200.66,181.5,57.34,11.98
2026-04-30 19:00,COR-02,197.83,195.94,59.07,12.02
2026-04-30 20:00,COR-02,224.71,215.14,60.3,12.01
2026-04-30 21:00,COR-02,195.52,205.77,64.1,12.47
2026-04-30 22:00,COR-02,202.54,209.31,62.28,11.73
2026-04-30 23:00,COR-02,218.18,219.04,60.49,12.62
2026-05-01 00:00,COR-02,215.34,211.55,67.99,12.96
2026-05-01 01:00,COR-02,223.71,232.74,66.35,13.08
2026-05-01 02:00,COR-02,223.19,229.62,71.84,13.32
2026-05-01 03:00,COR-02,271.98,246.56,68.96,13.58
2026-05-01 04:00,COR-02,251.13,239.32,68.64,14.15
2026-05-01 05:00,COR-02,260.8,235.79,70.01,14.47
2026-05-01 06:00,COR-02,257.58,223.67,72.66,14.29
2026-05-01 07:00,COR-02,268.09,250.25,67.34,14.2
2026-05-01 08:00,COR-02,237.79,248.62,73.58,14.23
2026-05-01 09:00,COR-02,232.44,249.29,67.43,14.58
2026-05-01 10:00,COR-02,217.32,227.67,66.66,13.62
2026-05-01 11:00,COR-02,238.76,226.66,68.58,13.67
2026-05-01 12:00,COR-02,238.07,211.29,63.93,12.88
2026-05-01 13:00,COR-02,207.4,219.83,61.19,13.35
2026-05-01 14:00,COR-02,224.38,211.85,60.73,12.53
2026-05-01 15:00,COR-02,197.61,210.32,62.31,13.11
2026-05-01 16:00,COR-02,216.82,197.45,58.12,11.65
2026-05-01 17:00,COR-02,181.3,190.89,56.44,12.17
2026-05-01 18:00,COR-02,201.5,199.19,52.57,11.96
2026-05-01 19:00,COR-02,177.81,183.73,54.21,11.85
2026-05-01 20:00,COR-02,202.88,186.82,61.17,12.09
2026-05-01 21:00,COR-02,209.08,199.66,61.2,10.93
2026-05-01 22:00,COR-02,217.14,200.63,63.57,11.82
2026-05-01 23:00,COR-02,227.07,205.36,63.7,12.17
2026-05-02 00:00,COR-02,232.93,211.66,63.73,12.55
2026-05-02 01:00,COR-02,227.89,214.84,68.85,13.3
2026-05-02 02:00,COR-02,228.36,235.94,66.76,14.12
2026-05-02 03:00,COR-02,252.03,234.69,65.59,14.53
2026-05-02 04:00,COR-02,269.06,242.36,69.53,15.19
2026-05-02 05:00,COR-02,265.64,252.67,73.43,14.17
2026-05-02 06:00,COR-02,261.77,228.52,69.83,13.83
2026-05-02 07:00,COR-02,271.62,223.49,73.17,14.06
2026-05-02 08:00,COR-02,262.43,224.97,68.85,13.9
2026-05-02 09:00,COR-02,279.17,229.9,68.19,13.9
2026-05-02 10:00,COR-02,226.74,230.32,71.03,13.48
2026-05-02 11:00,COR-02,240.37,224.17,67.56,13.17
2026-05-02 12:00,COR-02,206.59,226.16,65.59,12.53
2026-05-02 13:00,COR-02,213.53,215.81,63.7,12.61
2026-05-02 14:00,COR-02,224.1,206.26,61.03,12.9
2026-05-02 15:00,COR-02,199.4,198.57,61.08,12.34
2026-05-02 16:00,COR-02,189.27,199.35,62.79,12.09
2026-05-02 17:00,COR-02,206.62,195.6,58.25,11.42
2026-05-02 18:00,COR-02,199.91,197.02,57.8,11.63
2026-05-02 19:00,COR-02,200.13,197.56,59.65,10.5
2026-05-02 20:00,COR-02,208.14,187.57,56.16,11.36
2026-05-02 21:00,COR-02,219.48,201.21,58.05,11.06
2026-05-02 22:00,COR-02,204.9,215.14,62.11,12.26
2026-05-02 23:00,COR-02,211.46,229.59,59.25,12.22
2026-05-03 00:00,COR-02,230.11,214.59,65.93,12.75
2026-05-03 01:00,COR-02,255.78,230.36,68.17,13.34
2026-05-03 02:00,COR-02,233.25,234.76,69.07,14.23
2026-05-03 03:00,COR-02,231.64,246.38,71.69,13.66
2026-05-03 04:00,COR-02,239.39,252.71,69.2,14.21
2026-05-03 05:00,COR-02,280.38,265.42,67.21,14.93
2026-05-03 06:00,COR-02,258.07,228.35,70.89,14.37
2026-05-03 07:00,COR-02,280.23,245.66,67.83,14.0
2026-05-03 08:00,COR-02,265.46,248.61,68.11,14.67
2026-05-03 09:00,COR-02,236.32,259.76,66.42,14.74
2026-05-03 10:00,COR-02,244.94,230.21,74.42,13.01
2026-05-03 11:00,COR-02,223.94,214.62,65.78,13.16
2026-05-03 12:00,COR-02,196.65,225.24,65.75,14.01
2026-05-03 13:00,COR-02,213.35,201.99,61.53,12.65
2026-05-03 14:00,COR-02,195.95,208.66,66.26,12.67
2026-05-03 15:00,COR-02,187.72,219.06,58.74,11.58
2026-05-03 16:00,COR-02,188.87,209.43,59.79,12.44
2026-05-03 17:00,COR-02,185.5,189.91,56.02,11.29
2026-05-03 18:00,COR-02,185.12,189.98,57.98,11.56
2026-05-03 19:00,COR-02,192.18,200.08,56.46,11.82
2026-05-03 20:00,COR-02,207.38,204.38,61.86,11.84
2026-05-03 21:00,COR-02,200.96,209.54,59.77,12.38
2026-05-03 22:00,COR-02,220.61,220.54,63.51,12.63
2026-05-03 23:00,COR-02,212.97,212.35,63.05,13.02
2026-05-04 00:00,COR-02,215.79,219.97,63.41,12.97
2026-05-04 01:00,COR-02,220.09,215.47,64.99,13.98
2026-05-04 02:00,COR-02,240.4,237.22,68.37,14.16
2026-05-04 03:00,COR-02,261.12,243.28,67.55,14.33
2026-05-04 04:00,COR-02,245.26,249.84,73.07,15.16
2026-05-04 05:00,COR-02,239.87,267.23,71.42,14.42
2026-05-04 06:00,COR-02,264.03,250.18,68.79,14.14
2026-05-04 07:00,COR-02,265.46,247.87,70.13,13.21
2026-05-04 08:00,COR-02,259.11,231.53,68.96,13.02
2026-05-04 09:00,COR-02,232.47,231.47,66.59,13.64
2026-05-04 10:00,COR-02,241.89,232.74,66.94,13.97
2026-05-04 11:00,COR-02,233.78,233.55,64.46,13.81
2026-05-04 12:00,COR-02,235.44,208.8,68.09,12.62
2026-05-04 13:00,COR-02,217.23,212.46,58.97,13.27
2026-05-04 14:00,COR-02,224.9,213.04,65.99,12.15
2026-05-04 15:00,COR-02,192.26,210.54,60.48,11.77
2026-05-04 16:00,COR-02,223.81,216.49,63.63,11.86
2026-05-04 17:00,COR-02,193.52,196.51,58.07,11.9
2026-05-04 18:00,COR-02,204.12,186.4,62.23,12.14
2026-05-04 19:00,COR-02,183.69,209.2,62.6,11.61
2026-05-04 20:00,COR-02,218.72,191.19,62.72,11.75
2026-05-04 21:00,COR-02,187.39,207.21,59.48,10.99
2026-05-04 22:00,COR-02,176.14,206.92,64.07,12.64
2026-05-04 23:00,COR-02,202.93,212.97,62.2,12.96
2026-05-05 00:00,COR-02,255.93,234.25,59.05,13.38
2026-05-05 01:00,COR-02,235.62,235.33,62.49,13.14
2026-05-05 02:00,COR-02,233.99,233.8,70.04,13.29
2026-05-05 03:00,COR-02,225.79,228.2,70.61,15.02
2026-05-05 04:00,COR-02,266.22,235.64,73.92,13.93
2026-05-05 05:00,COR-02,256.65,249.99,69.88,14.61
2026-05-05 06:00,COR-02,274.19,241.49,71.58,13.27
2026-05-05 07:00,COR-02,261.81,233.91,68.92,14.55
2026-05-05 08:00,COR-02,259.73,243.36,70.92,13.81
2026-05-05 09:00,COR-02,244.94,246.54,68.59,13.86
2026-05-05 10:00,COR-02,236.44,217.02,67.47,13.63
2026-05-05 11:00,COR-02,257.94,212.14,66.45,13.6
2026-05-05 12:00,COR-02,223.89,234.42,67.27,13.39
2026-05-05 13:00,COR-02,204.03,208.42,60.77,13.7
2026-05-05 14:00,COR-02,224.16,224.28,65.91,12.34
2026-05-05 15:00,COR-02,196.68,190.55,56.64,12.46
2026-05-05 16:00,COR-02,219.71,213.7,61.93,12.17
2026-05-05 17:00,COR-02,170.91,210.77,59.6,11.62
2026-05-05 18:00,COR-02,184.57,184.19,57.68,11.67
2026-05-05 19:00,COR-02,212.19,192.93,54.89,11.62
2026-05-05 20:00,COR-02,205.02,198.01,57.78,11.54
2026-05-05 21:00,COR-02,226.8,204.67,58.34,12.16
2026-05-05 22:00,COR-02,205.01,206.03,64.16,12.71
2026-05-05 23:00,COR-02,210.68,210.84,67.68,13.37
2026-05-06 00:00,COR-02,227.37,222.64,62.71,13.01
2026-05-06 01:00,COR-02,221.58,216.44,71.49,12.58
2026-05-06 02:00,COR-02,247.31,223.76,69.71,13.33
2026-05-06 03:00,COR-02,245.57,234.65,70.59,14.13
2026-05-06 04:00,COR-02,262.55,256.29,68.03,14.81
2026-05-06 05:00,COR-02,236.09,240.34,71.91,13.69
2026-05-06 06:00,COR-02,275.63,241.93,72.46,14.62
2026-05-06 07:00,COR-02,250.84,241.04,73.15,14.58
2026-05-06 08:00,COR-02,249.64,244.23,69.56,14.55
2026-05-06 09:00,COR-02,267.09,243.17,65.0,13.62
2026-05-06 10:00,COR-02,239.84,230.38,68.46,13.37
2026-05-06 11:00,COR-02,248.01,236.13,67.42,13.22
2026-05-06 12:00,COR-02,212.85,221.73,66.17,12.51
2026-05-06 13:00,COR-02,229.35,219.29,59.86,12.15
2026-05-06 14:00,COR-02,211.37,226.66,63.12,12.42
2026-05-06 15:00,COR-02,188.0,205.72,59.01,11.86
2026-05-06 16:00,COR-02,197.1,218.78,63.86,12.44
2026-05-06 17:00,COR-02,181.48,182.32,59.83,11.83
2026-05-06 18:00,COR-02,178.39,205.1,51.86,11.87
2026-05-06 19:00,COR-02,195.36,209.32,61.45,12.19
2026-05-06 20:00,COR-02,197.54,218.25,61.33,12.02
2026-05-06 21:00,COR-02,212.25,205.44,55.72,11.78
2026-05-06 22:00,COR-02,212.17,212.29,57.62,12.41
2026-05-06 23:00,COR-02,236.17,203.01,62.4,13.05
2026-05-07 00:00,COR-02,231.66,224.83,63.04,12.94
2026-05-07 01:00,COR-02,241.02,232.17,65.25,12.78
2026-05-07 02:00,COR-02,231.18,234.84,66.91,13.62
2026-05-07 03:00,COR-02,253.06,247.71,70.15,15.2
2026-05-07 04:00,COR-02,243.54,234.4,73.65,13.55
2026-05-07 05:00,COR-02,276.09,242.18,74.41,14.33
2026-05-07 06:00,COR-02,231.76,228.09,72.77,13.96
2026-05-07 07:00,COR-02,252.67,259.13,73.16,14.41
2026-05-07 08:00,COR-02,280.87,236.09,74.09,13.43
2026-05-07 09:00,COR-02,230.01,231.26,67.11,13.41
2026-05-07 10:00,COR-02,239.66,258.54,69.01,13.63
2026-05-07 11:00,COR-02,225.84,218.04,69.12,12.7
2026-05-07 12:00,COR-02,207.43,228.14,61.65,12.57
2026-05-07 13:00,COR-02,249.25,205.77,60.33,12.91
2026-05-07 14:00,COR-02,220.05,212.72,62.65,11.91
2026-05-07 15:00,COR-02,202.54,221.23,61.41,12.53
2026-05-07 16:00,COR-02,196.28,196.53,60.61,11.45
2026-05-07 17:00,COR-02,205.98,197.4,59.51,12.25
2026-05-07 18:00,COR-02,196.01,173.72,53.74,11.1
2026-05-07 19:00,COR-02,213.25,171.9,60.87,10.5
2026-05-07 20:00,COR-02,190.51,198.57,63.08,11.95
2026-05-07 21:00,COR-02,200.26,183.51,58.72,12.52
2026-05-07 22:00,COR-02,197.95,201.86,55.59,11.92
2026-05-07 23:00,COR-02,213.27,210.49,65.01,12.24
2026-05-08 00:00,COR-02,215.76,219.06,62.05,13.77
2026-05-08 01:00,COR-02,238.92,226.68,67.98,13.43
2026-05-08 02:00,COR-02,237.99,211.6,66.96,13.18
2026-05-08 03:00,COR-02,238.75,239.86,62.93,14.33
2026-05-08 04:00,COR-02,238.11,220.05,72.87,14.32
2026-05-08 05:00,COR-02,256.21,238.39,71.3,14.16
2026-05-08 06:00,COR-02,275.65,248.98,73.19,13.97
2026-05-08 07:00,COR-02,243.35,241.31,73.45,13.17
2026-05-08 08:00,COR-02,260.39,250.12,70.79,14.34
2026-05-08 09:00,COR-02,245.92,242.37,70.05,13.59
2026-05-08 10:00,COR-02,233.04,241.51,69.91,13.6
2026-05-08 11:00,COR-02,220.57,222.12,65.35,13.6
2026-05-08 12:00,COR-02,214.0,223.54,65.13,13.46
2026-05-08 13:00,COR-02,224.63,195.63,63.12,13.36
2026-05-08 14:00,COR-02,215.37,218.5,59.7,12.48
2026-05-08 15:00,COR-02,209.74,207.29,57.2,11.32
2026-05-08 16:00,COR-02,191.71,212.44,57.38,12.39
2026-05-08 17:00,COR-02,203.29,201.57,60.41,12.23
2026-05-08 18:00,COR-02,202.17,194.6,56.74,11.39
2026-05-08 19:00,COR-02,166.88,193.59,58.77,12.06
2026-05-08 20:00,COR-02,202.85,215.3,59.11,12.5
2026-05-08 21:00,COR-02,197.34,207.06,63.74,10.97
2026-05-08 22:00,COR-02,232.47,189.85,68.01,12.12
2026-05-08 23:00,COR-02,243.86,206.64,59.73,13.36
2026-05-09 00:00,COR-02,235.5,224.32,61.06,12.95
2026-05-09 01:00,COR-02,244.38,217.78,66.19,13.9
2026-05-09 02:00,COR-02,222.38,235.66,69.61,13.67
2026-05-09 03:00,COR-02,227.68,227.25,67.2,13.1
2026-05-09 04:00,COR-02,237.05,229.93,66.94,13.56
2026-05-09 05:00,COR-02,260.87,246.0,67.87,14.06
2026-05-09 06:00,COR-02,262.92,237.16,65.7,13.96
2026-05-09 07:00,COR-02,263.36,241.11,72.87,13.71
2026-05-09 08:00,COR-02,262.86,248.02,71.06,14.14
2026-05-09 09:00,COR-02,279.09,224.84,64.69,13.92
2026-05-09 10:00,COR-02,255.07,226.94,65.86,13.63
2026-05-09 11:00,COR-02,233.67,237.71,65.42,13.04
2026-05-09 12:00,COR-02,241.0,242.38,65.04,13.14
2026-05-09 13:00,COR-02,217.77,216.21,64.08,13.3
2026-05-09 14:00,COR-02,214.3,204.96,63.25,12.47
2026-05-09 15:00,COR-02,193.41,204.75,63.13,12.86
2026-05-09 16:00,COR-02,171.76,201.93,57.64,11.25
2026-05-09 17:00,COR-02,190.27,197.25,61.16,11.96
2026-05-09 18:00,COR-02,211.8,197.39,57.85,11.14
2026-05-09 19:00,COR-02,196.22,205.13,58.38,12.06
2026-05-09 20:00,COR-02,203.23,212.81,59.76,12.07
2026-05-09 21:00,COR-02,203.04,216.27,62.57,13.2
2026-05-09 22:00,COR-02,202.37,210.05,62.82,12.17
2026-05-09 23:00,COR-02,220.19,213.71,61.86,11.8
2026-05-10 00:00,COR-02,223.62,225.99,63.49,12.73
2026-05-10 01:00,COR-02,232.02,237.88,62.56,13.06
2026-05-10 02:00,COR-02,247.12,227.94,67.42,13.65
2026-05-10 03:00,COR-02,228.9,244.95,69.36,13.79
2026-05-10 04:00,COR-02,273.92,223.92,69.45,13.66
2026-05-10 05:00,COR-02,245.63,249.16,72.33,13.86
2026-05-10 06:00,COR-02,255.08,243.95,69.27,13.82
2026-05-10 07:00,COR-02,257.7,219.85,70.88,14.12
2026-05-10 08:00,COR-02,259.14,248.81,67.0,14.1
2026-05-10 09:00,COR-02,272.22,227.33,66.51,13.95
2026-05-10 10:00,COR-02,264.17,250.13,64.95,13.91
2026-05-10 11:00,COR-02,253.03,242.52,67.52,12.73
2026-05-10 12:00,COR-02,223.69,197.52,62.75,13.19
2026-05-10 13:00,COR-02,221.35,222.9,60.26,11.77
2026-05-10 14:00,COR-02,221.83,205.81,63.3,12.47
2026-05-10 15:00,COR-02,196.56,200.94,60.68,11.65
2026-05-10 16:00,COR-02,189.55,200.3,60.45,11.3
2026-05-10 17:00,COR-02,203.81,210.64,62.28,12.32
2026-05-10 18:00,COR-02,201.7,198.2,54.84,11.45
2026-05-10 19:00,COR-02,187.87,197.69,60.5,11.52
2026-05-10 20:00,COR-02,181.14,207.59,60.94,11.89
2026-05-10 21:00,COR-02,210.37,201.84,59.59,12.49
2026-05-10 22:00,COR-02,224.18,199.14,61.93,12.88
2026-05-10 23:00,COR-02,205.3,199.53,61.73,12.07
2026-05-11 00:00,COR-02,233.45,227.76,67.29,13.34
2026-05-11 01:00,COR-02,241.61,219.16,66.82,13.32
2026-05-11 02:00,COR-02,253.37,204.32,66.61,14.34
2026-05-11 03:00,COR-02,225.74,230.82,67.07,13.59
2026-05-11 04:00,COR-02,238.9,235.17,71.27,13.69
2026-05-11 05:00,COR-02,270.94,254.11,69.07,14.49
2026-05-11 06:00,COR-02,242.22,254.62,71.46,13.78
2026-05-11 07:00,COR-02,239.0,250.64,66.93,13.88
2026-05-11 08:00,COR-02,249.79,228.35,67.03,14.05
2026-05-11 09:00,COR-02,251.96,239.05,67.86,14.55
2026-05-11 10:00,COR-02,240.47,229.01,69.23,14.33
2026-05-11 11:00,COR-02,242.6,214.13,65.52,12.84
2026-05-11 12:00,COR-02,234.37,216.84,63.08,12.52
2026-05-11 13:00,COR-02,212.16,201.12,65.48,12.55
2026-05-11 14:00,COR-02,203.02,223.47,60.96,12.58
2026-05-11 15:00,COR-02,198.2,197.8,66.42,12.97
2026-05-11 16:00,COR-02,196.94,189.53,60.0,11.79
2026-05-11 17:00,COR-02,203.54,204.22,61.46,11.35
2026-05-11 18:00,COR-02,174.09,199.23,61.83,11.48
2026-05-11 19:00,COR-02,179.27,206.14,58.22,11.47
2026-05-11 20:00,COR-02,196.08,202.5,59.32,12.49
2026-05-11 21:00,COR-02,219.54,201.04,62.58,11.77
2026-05-11 22:00,COR-02,198.23,225.19,60.14,11.48
2026-05-11 23:00,COR-02,207.91,219.02,61.26,13.65
2026-05-12 00:00,COR-02,227.68,214.08,64.26,12.8
2026-05-12 01:00,COR-02,242.57,214.76,68.33,13.38
2026-05-12 02:00,COR-02,245.55,237.97,68.57,13.26
2026-05-12 03:00,COR-02,241.04,247.11,72.88,14.08
2026-05-12 04:00,COR-02,243.79,248.05,69.42,13.64
2026-05-12 05:00,COR-02,249.34,243.5,73.8,13.32
2026-05-12 06:00,COR-02,270.18,254.11,66.9,14.37
2026-05-12 07:00,COR-02,228.64,247.74,68.3,13.16
2026-05-12 08:00,COR-02,264.89,239.7,70.66,14.91
2026-05-12 09:00,COR-02,241.36,225.08,72.17,14.0
2026-05-12 10:00,COR-02,249.57,241.08,67.95,13.53
2026-05-12 11:00,COR-02,234.25,222.77,63.9,12.83
2026-05-12 12:00,COR-02,232.8,230.87,63.86,12.93
2026-05-12 13:00,COR-02,231.65,227.16,66.36,12.6
2026-05-12 14:00,COR-02,185.66,232.43,58.92,11.54
2026-05-12 15:00,COR-02,214.77,203.92,59.66,12.15
2026-05-12 16:00,COR-02,191.05,197.68,56.18,11.63
2026-05-12 17:00,COR-02,198.16,196.52,58.74,12.13
2026-05-12 18:00,COR-02,217.51,203.28,61.79,11.1
2026-05-12 19:00,COR-02,207.19,197.22,56.64,12.72
2026-05-12 20:00,COR-02,182.22,194.59,60.01,11.52
2026-05-12 21:00,COR-02,203.62,191.01,63.88,11.88
2026-05-12 22:00,COR-02,208.59,214.25,67.84,12.99
2026-05-12 23:00,COR-02,223.51,204.51,65.93,12.32
2026-05-13 00:00,COR-02,206.01,213.18,65.84,13.69
2026-05-13 01:00,COR-02,242.38,225.04,69.18,12.53
2026-05-13 02:00,COR-02,263.27,217.42,69.84,13.6
2026-05-13 03:00,COR-02,226.68,231.27,72.08,13.67
2026-05-13 04:00,COR-02,217.13,235.29,68.44,13.54
2026-05-13 05:00,COR-02,242.53,232.1,69.42,14.0
2026-05-13 06:00,COR-02,244.91,239.16,68.2,14.46
2026-05-13 07:00,COR-02,250.9,244.32,68.64,14.19
2026-05-13 08:00,COR-02,251.06,231.9,71.03,13.64
2026-05-13 09:00,COR-02,244.8,244.66,68.83,14.26
2026-05-13 10:00,COR-02,237.24,242.85,71.86,13.03
2026-05-13 11:00,COR-02,209.7,205.74,66.99,13.12
2026-05-13 12:00,COR-02,227.46,222.76,65.59,12.41
2026-05-13 13:00,COR-02,233.51,233.12,65.89,11.94
2026-05-13 14:00,COR-02,212.47,203.84,61.28,12.08
2026-05-13 15:00,COR-02,212.99,210.75,64.55,11.55
2026-05-13 16:00,COR-02,190.87,205.42,62.04,12.98
2026-05-13 17:00,COR-02,190.8,203.58,59.33,12.22
2026-05-13 18:00,COR-02,195.38,188.97,59.86,12.02
2026-05-13 19:00,COR-02,199.01,192.37,56.51,11.83
2026-05-13 20:00,COR-02,198.64,193.88,58.16,12.81
2026-05-13 21:00,COR-02,201.5,189.78,60.26,12.84
2026-05-13 22:00,COR-02,224.03,221.68,61.74,11.84
2026-05-13 23:00,COR-02,213.08,212.31,65.51,12.84
2026-05-14 00:00,COR-02,220.0,222.92,65.66,13.54
2026-05-14 01:00,COR-02,227.92,218.97,63.28,13.27
2026-05-14 02:00,COR-02,237.4,216.78,69.09,13.15
2026-05-14 03:00,COR-02,242.38,245.85,73.64,14.43
2026-05-14 04:00,COR-02,257.36,238.78,72.4,13.53
2026-05-14 05:00,COR-02,248.69,241.02,70.36,14.24
2026-05-14 06:00,COR-02,264.12,235.49,71.05,13.97
2026-05-14 07:00,COR-02,246.44,237.46,71.9,15.09
2026-05-14 08:00,COR-02,246.24,249.96,70.9,14.35
2026-05-14 09:00,COR-02,246.07,239.95,73.46,13.81
2026-05-14 10:00,COR-02,215.0,230.86,67.38,13.27
2026-05-14 11:00,COR-02,241.41,241.76,64.08,13.75
2026-05-14 12:00,COR-02,233.85,218.44,63.05,13.0
2026-05-14 13:00,COR-02,213.04,188.62,59.84,12.25
2026-05-14 14:00,COR-02,243.72,216.31,60.83,11.53
2026-05-14 15:00,COR-02,201.15,202.7,58.89,12.15
2026-05-14 16:00,COR-02,205.55,196.24,56.95,11.33
2026-05-14 17:00,COR-02,180.1,186.47,61.95,12.03
2026-05-14 18:00,COR-02,188.34,183.56,60.16,11.39
2026-05-14 19:00,COR-02,184.95,207.02,59.11,11.09
2026-05-14 20:00,COR-02,203.73,191.3,58.62,11.23
2026-05-14 21:00,COR-02,208.73,199.46,55.24,11.63
2026-05-14 22:00,COR-02,226.02,198.78,59.06,11.9
2026-05-14 23:00,COR-02,203.79,220.74,64.1,12.74
2026-05-15 00:00,COR-02,240.64,240.74,62.09,13.43
2026-05-15 01:00,COR-02,226.8,223.12,64.33,13.04
2026-05-15 02:00,COR-02,213.37,243.87,66.02,13.28
2026-05-15 03:00,COR-02,258.39,243.35,71.79,13.49
2026-05-15 04:00,COR-02,234.31,252.71,65.82,13.07
2026-05-15 05:00,COR-02,269.04,242.98,76.76,13.93
2026-05-15 06:00,COR-02,264.36,237.93,77.35,13.28
2026-05-15 07:00,COR-02,247.3,242.34,70.8,14.84
2026-05-15 08:00,COR-02,264.61,241.83,72.77,14.57
2026-05-15 09:00,COR-02,242.47,244.93,71.6,13.51
2026-05-15 10:00,COR-02,248.15,221.76,67.89,13.59
2026-05-15 11:00,COR-02,248.9,248.73,63.96,13.69
2026-05-15 12:00,COR-02,218.65,219.07,64.4,12.8
2026-05-15 13:00,COR-02,201.39,210.36,61.67,12.6
2026-05-15 14:00,COR-02,214.22,221.15,59.65,11.22
2026-05-15 15:00,COR-02,211.61,213.8,57.69,12.35
2026-05-15 16:00,COR-02,196.8,179.46,59.32,12.0
2026-05-15 17:00,COR-02,200.83,188.01,57.63,11.44
2026-05-15 18:00,COR-02,186.97,199.29,58.91,11.71
2026-05-15 19:00,COR-02,197.68,194.35,56.4,10.49
2026-05-15 20:00,COR-02,223.93,201.69,59.41,12.16
2026-05-15 21:00,COR-02,183.91,209.07,64.05,12.16
2026-05-15 22:00,COR-02,214.0,208.78,59.19,12.29
2026-05-15 23:00,COR-02,205.17,203.93,64.61,11.96
