timestamp,asset_id,discharge_pressure,flow_rate,bearing_temperature,vibration,motor_current
2026-04-01 00:00,CWP-01,6.49,502.05,59.01,2.22,141.6
2026-04-01 01:00,CWP-01,7.06,529.19,61.35,2.89,163.52
2026-04-01 02:00,CWP-01,6.93,565.23,64.13,3.08,156.25
2026-04-01 03:00,CWP-01,6.98,505.17,66.42,2.9,159.83
2026-04-01 04:00,CWP-01,7.46,546.69,62.51,3.28,159.79
2026-04-01 05:00,CWP-01,7.2,540.22,65.5,3.04,170.66
2026-04-01 06:00,CWP-01,7.24,563.88,65.28,2.9,161.27
2026-04-01 07:00,CWP-01,7.42,540.21,64.98,2.88,168.14
2026-04-01 08:00,CWP-01,7.3,522.63,59.08,2.94,150.99
2026-04-01 09:00,CWP-01,7.08,523.72,64.03,3.0,160.24
2026-04-01 10:00,CWP-01,6.61,509.25,60.96,2.76,155.96
2026-04-01 11:00,CWP-01,6.66,509.87,60.67,2.46,150.31
2026-04-01 12:00,CWP-01,6.0,495.98,60.0,2.95,145.59
2026-04-01 13:00,CWP-01,6.26,497.65,54.92,2.03,150.1
2026-04-01 14:00,CWP-01,6.09,497.9,56.74,2.47,145.14
2026-04-01 15:00,CWP-01,5.98,435.54,56.27,2.62,126.56
2026-04-01 16:00,CWP-01,5.78,477.11,56.15,1.98,139.62
2026-04-01 17:00,CWP-01,5.93,483.91,53.41,2.16,133.58
2026-04-01 18:00,CWP-01,5.79,422.66,53.57,2.4,128.45
2026-04-01 19:00,CWP-01,5.96,445.19,55.68,1.89,131.47
2026-04-01 20:00,CWP-01,6.23,472.37,52.97,2.16,146.25
2026-04-01 21:00,CWP-01,5.68,482.88,54.41,2.49,136.58
2026-04-01 22:00,CWP-01,6.34,465.5,53.8,2.72,148.47
2026-04-01 23:00,CWP-01,6.71,516.26,54.72,2.63,144.0
2026-04-02 00:00,CWP-01,6.91,527.24,59.88,2.5,162.12
2026-04-02 01:00,CWP-01,6.3,493.54,60.74,2.73,150.88
2026-04-02 02:00,CWP-01,6.81,539.22,63.19,2.96,164.21
2026-04-02 03:00,CWP-01,6.96,511.94,60.73,3.17,161.59
2026-04-02 04:00,CWP-01,6.97,537.17,65.55,3.03,170.51
2026-04-02 05:00,CWP-01,7.22,535.74,61.03,3.12,154.2
2026-04-02 06:00,CWP-01,7.27,595.45,67.87,2.95,168.25
2026-04-02 07:00,CWP-01,7.29,561.1,64.86,2.92,148.84
2026-04-02 08:00,CWP-01,7.5,515.33,62.82,2.8,175.42
2026-04-02 09:00,CWP-01,7.18,522.97,64.41,2.84,160.09
2026-04-02 10:00,CWP-01,6.82,504.39,59.25,2.81,147.73
2026-04-02 11:00,CWP-01,6.62,522.96,64.72,3.02,164.97
2026-04-02 12:00,CWP-01,6.41,484.82,60.59,2.68,155.16
2026-04-02 13:00,CWP-01,6.61,509.83,59.97,2.41,158.26
2026-04-02 14:00,CWP-01,6.14,465.62,54.16,2.4,148.71
2026-04-02 15:00,CWP-01,5.66,485.97,55.21,2.37,139.63
2026-04-02 16:00,CWP-01,6.01,445.79,51.55,1.89,141.37
2026-04-02 17:00,CWP-01,5.98,424.12,55.34,2.0,124.43
2026-04-02 18:00,CWP-01,6.23,449.43,55.88,2.5,133.41
2026-04-02 19:00,CWP-01,5.76,478.53,55.63,2.01,140.34
2026-04-02 20:00,CWP-01,6.12,456.98,56.85,2.33,138.26
2026-04-02 21:00,CWP-01,5.64,460.33,55.84,2.37,138.09
2026-04-02 22:00,CWP-01,6.25,434.49,59.5,2.49,126.16
2026-04-02 23:00,CWP-01,6.45,495.04,59.0,2.46,155.11
2026-04-03 00:00,CWP-01,6.84,496.17,63.14,2.71,148.92
2026-04-03 01:00,CWP-01,6.63,529.99,58.1,2.68,150.55
2026-04-03 02:00,CWP-01,6.99,571.97,58.65,2.89,176.79
2026-04-03 03:00,CWP-01,6.6,502.47,60.57,2.97,157.27
2026-04-03 04:00,CWP-01,7.09,558.59,65.55,3.0,181.84
2026-04-03 05:00,CWP-01,7.33,563.0,64.7,3.03,162.29
2026-04-03 06:00,CWP-01,7.32,546.53,62.29,3.15,167.53
2026-04-03 07:00,CWP-01,7.05,565.34,63.34,3.08,173.55
2026-04-03 08:00,CWP-01,7.0,570.75,64.68,3.28,150.67
2026-04-03 09:00,CWP-01,6.92,531.74,63.95,2.61,158.48
2026-04-03 10:00,CWP-01,7.09,504.85,60.32,3.01,157.89
2026-04-03 11:00,CWP-01,6.56,552.14,63.75,2.93,154.83
2026-04-03 12:00,CWP-01,7.16,492.19,60.23,2.73,153.68
2026-04-03 13:00,CWP-01,6.26,459.87,61.18,2.63,137.31
2026-04-03 14:00,CWP-01,6.33,459.29,53.95,2.5,130.49
2026-04-03 15:00,CWP-01,6.02,451.25,57.25,2.12,130.52
2026-04-03 16:00,CWP-01,5.89,463.28,53.07,2.31,138.33
2026-04-03 17:00,CWP-01,6.15,479.57,55.27,2.41,132.1
2026-04-03 18:00,CWP-01,5.78,470.83,51.97,1.95,131.07
2026-04-03 19:00,CWP-01,5.98,451.98,55.5,1.89,123.1
2026-04-03 20:00,CWP-01,6.17,446.01,54.97,2.07,145.06
2026-04-03 21:00,CWP-01,6.43,466.62,59.2,2.13,138.24
2026-04-03 22:00,CWP-01,6.13,538.86,56.25,2.41,149.93
2026-04-03 23:00,CWP-01,6.02,483.48,59.06,2.65,142.09
2026-04-04 00:00,CWP-01,6.37,526.61,59.08,2.57,141.91
2026-04-04 01:00,CWP-01,6.73,542.1,59.82,2.75,143.94
2026-04-04 02:00,CWP-01,6.44,515.12,62.64,2.72,154.93
2026-04-04 03:00,CWP-01,6.76,521.72,67.25,2.75,174.84
2026-04-04 04:00,CWP-01,6.98,532.96,63.78,2.66,165.98
2026-04-04 05:00,CWP-01,7.41,567.39,64.04,3.12,164.1
2026-04-04 06:00,CWP-01,6.91,537.96,63.31,3.15,165.61
2026-04-04 07:00,CWP-01,6.79,524.07,65.1,3.07,164.62
2026-04-04 08:00,CWP-01,6.96,528.87,64.69,3.3,177.22
2026-04-04 09:00,CWP-01,6.91,561.51,64.34,3.23,167.27
2026-04-04 10:00,CWP-01,6.87,530.1,64.13,2.87,153.38
2026-04-04 11:00,CWP-01,6.33,529.12,58.61,2.84,154.14
2026-04-04 12:00,CWP-01,6.45,509.86,59.81,2.92,149.95
2026-04-04 13:00,CWP-01,6.32,490.45,58.89,2.39,153.63
2026-04-04 14:00,CWP-01,6.33,454.33,58.1,2.37,148.96
2026-04-04 15:00,CWP-01,6.32,452.12,57.5,2.57,136.66
2026-04-04 16:00,CWP-01,6.06,445.91,52.4,2.48,136.61
2026-04-04 17:00,CWP-01,5.86,448.93,53.62,1.89,131.98
2026-04-04 18:00,CWP-01,5.95,421.04,51.47,2.07,147.14
2026-04-04 19:00,CWP-01,5.8,445.07,57.13,1.76,137.83
2026-04-04 20:00,CWP-01,5.97,459.62,54.49,2.42,140.98
2026-04-04 21:00,CWP-01,6.21,472.98,58.99,2.41,130.26
2026-04-04 22:00,CWP-01,6.02,468.47,53.64,2.41,146.21
2026-04-04 23:00,CWP-01,6.46,492.33,55.6,2.53,160.49
2026-04-05 00:00,CWP-01,5.79,488.99,63.11,2.92,157.36
2026-04-05 01:00,CWP-01,6.5,490.84,59.91,2.75,149.73
2026-04-05 02:00,CWP-01,6.5,518.98,62.74,2.9,164.39
2026-04-05 03:00,CWP-01,6.65,554.32,64.49,3.15,169.37
2026-04-05 04:00,CWP-01,7.34,537.69,64.69,3.37,175.77
2026-04-05 05:00,CWP-01,7.38,548.48,64.83,3.31,163.55
2026-04-05 06:00,CWP-01,6.98,555.85,67.18,2.77,165.95
2026-04-05 07:00,CWP-01,6.73,542.77,66.15,3.23,156.19
2026-04-05 08:00,CWP-01,7.06,531.72,66.72,3.19,170.48
2026-04-05 09:00,CWP-01,6.69,554.12,60.78,2.76,158.88
2026-04-05 10:00,CWP-01,6.52,511.67,63.76,2.8,158.88
2026-04-05 11:00,CWP-01,6.98,501.56,66.65,2.74,153.59
2026-04-05 12:00,CWP-01,6.52,513.73,64.29,2.99,148.52
2026-04-05 13:00,CWP-01,6.75,494.33,56.37,2.41,151.5
2026-04-05 14:00,CWP-01,6.79,509.56,54.69,2.33,147.47
2026-04-05 15:00,CWP-01,6.23,480.82,52.39,2.4,129.35
2026-04-05 16:00,CWP-01,5.63,424.14,55.24,2.22,132.79
2026-04-05 17:00,CWP-01,5.68,455.99,53.45,2.25,140.04
2026-04-05 18:00,CWP-01,6.03,443.87,54.33,2.01,138.16
2026-04-05 19:00,CWP-01,6.14,460.35,53.31,2.12,124.09
2026-04-05 20:00,CWP-01,5.79,480.41,52.5,2.17,143.44
2026-04-05 21:00,CWP-01,6.12,464.26,58.71,2.36,130.33
2026-04-05 22:00,CWP-01,6.57,509.45,56.39,2.13,144.32
2026-04-05 23:00,CWP-01,6.0,463.64,59.09,2.64,144.32
2026-04-06 00:00,CWP-01,6.72,509.32,55.66,2.25,155.37
2026-04-06 01:00,CWP-01,6.83,518.62,59.8,3.04,156.42
2026-04-06 02:00,CWP-01,6.52,521.83,62.49,3.01,168.2
2026-04-06 03:00,CWP-01,6.8,544.11,61.48,2.85,160.92
2026-04-06 04:00,CWP-01,7.0,532.41,63.94,2.96,170.41
2026-04-06 05:00,CWP-01,7.11,525.45,64.7,2.94,158.03
2026-04-06 06:00,CWP-01,7.24,559.17,65.62,2.96,153.73
2026-04-06 07:00,CWP-01,7.0,495.59,64.8,2.96,167.43
2026-04-06 08:00,CWP-01,7.29,522.15,65.11,2.93,163.38
2026-04-06 09:00,CWP-01,7.03,524.29,67.78,2.81,158.68
2026-04-06 10:00,CWP-01,6.3,544.58,61.03,3.07,158.7
2026-04-06 11:00,CWP-01,6.88,496.23,57.9,2.81,156.36
2026-04-06 12:00,CWP-01,6.38,504.9,63.2,2.7,146.37
2026-04-06 13:00,CWP-01,6.38,465.82,59.63,2.5,146.07
2026-04-06 14:00,CWP-01,5.97,474.26,59.68,2.43,143.16
2026-04-06 15:00,CWP-01,5.84,453.04,59.04,2.08,133.94
2026-04-06 16:00,CWP-01,5.87,464.14,54.15,2.1,142.59
2026-04-06 17:00,CWP-01,5.53,446.03,53.23,2.4,139.58
2026-04-06 18:00,CWP-01,5.72,433.57,55.49,2.52,123.42
2026-04-06 19:00,CWP-01,5.5,443.38,56.0,2.23,121.52
2026-04-06 20:00,CWP-01,6.35,434.73,57.81,2.19,141.1
2026-04-06 21:00,CWP-01,5.94,459.78,58.33,2.16,138.46
2026-04-06 22:00,CWP-01,6.5,453.25,57.72,2.14,141.39
2026-04-06 23:00,CWP-01,6.32,493.6,59.12,2.42,148.21
2026-04-07 00:00,CWP-01,6.73,512.63,59.88,2.86,149.79
2026-04-07 01:00,CWP-01,6.65,502.33,62.08,2.75,147.7
2026-04-07 02:00,CWP-01,6.56,522.75,65.77,3.15,160.89
2026-04-07 03:00,CWP-01,7.07,575.2,63.35,2.75,164.24
2026-04-07 04:00,CWP-01,6.91,539.42,66.62,2.92,166.65
2026-04-07 05:00,CWP-01,7.41,539.9,64.49,3.29,164.83
2026-04-07 06:00,CWP-01,6.97,544.91,61.31,2.98,179.19
2026-04-07 07:00,CWP-01,7.34,545.35,64.11,2.81,166.47
2026-04-07 08:00,CWP-01,7.03,563.71,63.85,2.92,164.84
2026-04-07 09:00,CWP-01,7.03,504.65,65.6,2.92,164.55
2026-04-07 10:00,CWP-01,6.96,493.24,60.36,3.02,154.71
2026-04-07 11:00,CWP-01,6.89,495.36,58.78,3.16,159.61
2026-04-07 12:00,CWP-01,6.98,508.67,59.76,2.46,143.49
2026-04-07 13:00,CWP-01,6.59,516.37,59.47,2.29,149.89
2026-04-07 14:00,CWP-01,5.83,486.58,56.48,2.56,142.64
2026-04-07 15:00,CWP-01,5.87,492.55,57.61,2.22,135.54
2026-04-07 16:00,CWP-01,5.7,435.81,57.73,2.35,135.52
2026-04-07 17:00,CWP-01,5.67,466.5,53.09,2.46,122.76
2026-04-07 18:00,CWP-01,5.72,460.12,54.55,2.0,129.07
2026-04-07 19:00,CWP-01,6.0,467.12,55.83,2.36,142.56
2026-04-07 20:00,CWP-01,5.88,440.67,54.03,2.04,136.28
2026-04-07 21:00,CWP-01,6.25,472.34,55.19,2.23,140.62
2026-04-07 22:00,CWP-01,5.98,481.58,57.57,2.15,132.96
2026-04-07 23:00,CWP-01,6.74,485.08,55.14,2.49,149.21
2026-04-08 00:00,CWP-01,5.77,498.23,62.03,2.29,163.6
2026-04-08 01:00,CWP-01,6.73,496.49,61.71,2.53,159.01
2026-04-08 02:00,CWP-01,7.48,515.27,59.08,2.81,161.44
2026-04-08 03:00,CWP-01,7.03,550.99,61.82,2.96,158.36
2026-04-08 04:00,CWP-01,7.21,534.77,65.23,3.22,165.98
2026-04-08 05:00,CWP-01,7.77,570.32,64.84,2.87,172.71
2026-04-08 06:00,CWP-01,7.0,568.87,65.68,3.15,169.88
2026-04-08 07:00,CWP-01,6.83,582.44,65.63,3.14,178.59
2026-04-08 08:00,CWP-01,7.06,543.1,64.98,3.12,170.91
2026-04-08 09:00,CWP-01,7.08,547.2,61.5,2.95,160.38
2026-04-08 10:00,CWP-01,6.5,568.7,63.52,2.86,162.48
2026-04-08 11:00,CWP-01,6.57,506.66,62.85,2.72,166.21
2026-04-08 12:00,CWP-01,6.45,488.45,57.68,2.57,155.61
2026-04-08 13:00,CWP-01,6.47,450.18,60.42,2.45,155.99
2026-04-08 14:00,CWP-01,6.1,453.08,59.1,2.48,135.51
2026-04-08 15:00,CWP-01,6.33,488.57,52.82,2.19,119.18
2026-04-08 16:00,CWP-01,6.0,467.55,54.0,2.2,129.54
2026-04-08 17:00,CWP-01,6.47,410.8,54.68,1.92,131.46
2026-04-08 18:00,CWP-01,5.86,469.17,54.22,2.41,120.4
2026-04-08 19:00,CWP-01,6.12,444.7,57.43,2.19,138.23
2026-04-08 20:00,CWP-01,5.98,452.32,53.89,2.36,123.86
2026-04-08 21:00,CWP-01,6.3,497.72,55.1,2.38,133.52
2026-04-08 22:00,CWP-01,6.55,476.48,59.1,2.67,143.65
2026-04-08 23:00,CWP-01,6.23,465.53,60.89,2.72,145.29
2026-04-09 00:00,CWP-01,6.45,536.49,60.11,2.62,153.36
2026-04-09 01:00,CWP-01,6.44,562.87,60.59,2.68,156.6
2026-04-09 02:00,CWP-01,6.64,493.52,64.2,3.0,158.43
2026-04-09 03:00,CWP-01,6.43,545.66,61.25,2.92,155.43
2026-04-09 04:00,CWP-01,7.22,527.19,62.02,2.9,173.24
2026-04-09 05:00,CWP-01,7.24,551.07,66.71,3.0,153.09
2026-04-09 06:00,CWP-01,7.18,546.75,68.93,3.13,172.47
2026-04-09 07:00,CWP-01,6.97,531.25,61.84,3.0,169.34
2026-04-09 08:00,CWP-01,6.96,561.38,64.07,3.05,155.79
2026-04-09 09:00,CWP-01,7.04,538.37,62.72,2.96,169.71
2026-04-09 10:00,CWP-01,6.89,567.49,64.44,2.81,162.7
2026-04-09 11:00,CWP-01,6.72,507.95,54.84,2.63,162.86
2026-04-09 12:00,CWP-01,6.14,484.54,61.96,2.93,155.47
2026-04-09 13:00,CWP-01,6.12,486.47,57.31,2.21,142.18
2026-04-09 14:00,CWP-01,5.74,479.05,57.96,2.24,136.84
2026-04-09 15:00,CWP-01,6.48,492.71,56.84,2.11,141.5
2026-04-09 16:00,CWP-01,5.94,437.59,54.01,2.11,131.52
2026-04-09 17:00,CWP-01,6.35,421.88,54.89,2.14,128.75
2026-04-09 18:00,CWP-01,5.9,448.01,50.55,2.32,140.66
2026-04-09 19:00,CWP-01,5.81,413.38,57.46,1.95,134.41
2026-04-09 20:00,CWP-01,5.58,451.42,55.01,2.36,136.81
2026-04-09 21:00,CWP-01,6.18,488.31,54.84,2.2,119.92
2026-04-09 22:00,CWP-01,5.51,475.87,60.15,2.59,140.28
2026-04-09 23:00,CWP-01,6.38,460.53,56.4,2.36,155.09
2026-04-10 00:00,CWP-01,6.83,501.98,61.26,2.71,162.61
2026-04-10 01:00,CWP-01,6.55,479.28,62.08,2.77,150.33
2026-04-10 02:00,CWP-01,6.42,525.32,62.51,2.98,162.51
2026-04-10 03:00,CWP-01,6.82,505.86,65.66,2.86,168.15
2026-04-10 04:00,CWP-01,7.06,511.82,66.25,3.29,179.24
2026-04-10 05:00,CWP-01,6.98,526.86,69.39,2.85,172.89
2026-04-10 06:00,CWP-01,7.38,518.24,66.18,2.96,165.04
2026-04-10 07:00,CWP-01,7.21,566.35,67.88,3.16,175.4
2026-04-10 08:00,CWP-01,7.46,552.3,63.01,2.83,155.42
2026-04-10 09:00,CWP-01,6.78,510.35,63.51,3.07,172.94
2026-04-10 10:00,CWP-01,7.63,501.77,60.73,2.96,157.18
2026-04-10 11:00,CWP-01,6.79,536.95,60.48,2.78,144.35
2026-04-10 12:00,CWP-01,5.99,510.84,57.63,2.8,144.61
2026-04-10 13:00,CWP-01,6.04,489.59,58.33,2.51,137.96
2026-04-10 14:00,CWP-01,6.63,494.78,59.03,2.17,151.18
2026-04-10 15:00,CWP-01,6.44,459.06,56.84,2.27,123.84
2026-04-10 16:00,CWP-01,6.28,490.68,55.4,2.35,142.71
2026-04-10 17:00,CWP-01,6.18,432.44,51.52,2.14,134.01
2026-04-10 18:00,CWP-01,5.87,452.61,57.13,2.29,142.35
2026-04-10 19:00,CWP-01,6.16,417.1,54.08,2.19,125.53
2026-04-10 20:00,CWP-01,6.34,450.29,56.35,2.19,133.24
2026-04-10 21:00,CWP-01,6.06,463.21,54.19,2.13,125.95
2026-04-10 22:00,CWP-01,6.37,466.43,54.37,2.39,134.76
2026-04-10 23:00,CWP-01,6.29,509.17,55.5,2.75,133.44
2026-04-11 00:00,CWP-01,6.4,468.03,63.6,2.73,143.04
2026-04-11 01:00,CWP-01,7.01,534.97,61.26,2.44,151.52
2026-04-11 02:00,CWP-01,6.9,543.72,61.36,3.0,160.51
2026-04-11 03:00,CWP-01,6.56,560.07,58.1,3.3,173.34
2026-04-11 04:00,CWP-01,6.71,543.77,65.24,3.28,158.07
2026-04-11 05:00,CWP-01,7.05,522.68,66.93,3.26,160.69
2026-04-11 06:00,CWP-01,7.53,561.44,64.32,3.24,160.39
2026-04-11 07:00,CWP-01,6.71,555.18,68.6,3.2,174.12
2026-04-11 08:00,CWP-01,7.32,553.76,66.85,2.96,163.25
2026-04-11 09:00,CWP-01,6.61,512.02,64.01,2.88,165.04
2026-04-11 10:00,CWP-01,6.68,553.42,63.13,2.9,153.93
2026-04-11 11:00,CWP-01,6.65,503.16,62.8,2.74,145.58
2026-04-11 12:00,CWP-01,6.68,494.05,60.07,2.49,151.79
2026-04-11 13:00,CWP-01,6.29,506.15,60.7,2.57,147.01
2026-04-11 14:00,CWP-01,5.98,508.38,61.51,2.51,153.48
2026-04-11 15:00,CWP-01,5.82,455.72,57.05,2.59,138.56
2026-04-11 16:00,CWP-01,5.81,475.87,56.21,2.33,127.38
2026-04-11 17:00,CWP-01,6.45,466.62,57.32,2.18,131.53
2026-04-11 18:00,CWP-01,5.79,449.11,56.88,2.47,123.44
2026-04-11 19:00,CWP-01,6.0,447.3,59.05,2.12,131.75
2026-04-11 20:00,CWP-01,5.91,441.81,55.2,2.56,134.76
2026-04-11 21:00,CWP-01,5.95,462.34,59.13,2.44,132.48
2026-04-11 22:00,CWP-01,6.04,452.03,57.44,2.45,137.63
2026-04-11 23:00,CWP-01,6.12,511.26,59.95,2.31,148.14
2026-04-12 00:00,CWP-01,6.84,467.01,59.46,2.92,146.73
2026-04-12 01:00,CWP-01,6.46,526.02,59.84,2.68,150.29
2026-04-12 02:00,CWP-01,6.81,500.38,63.06,2.68,159.19
2026-04-12 03:00,CWP-01,7.19,525.2,64.95,2.9,162.08
2026-04-12 04:00,CWP-01,7.2,548.45,65.97,2.96,166.45
2026-04-12 05:00,CWP-01,7.04,541.21,63.92,3.02,175.87
2026-04-12 06:00,CWP-01,7.2,554.64,67.31,2.96,181.21
2026-04-12 07:00,CWP-01,7.23,538.02,64.34,3.04,179.61
2026-04-12 08:00,CWP-01,6.91,564.18,62.73,2.92,171.67
2026-04-12 09:00,CWP-01,7.38,515.34,65.65,2.62,172.84
2026-04-12 10:00,CWP-01,7.05,532.06,63.65,2.74,164.84
2026-04-12 11:00,CWP-01,6.6,498.25,56.01,2.44,145.45
2026-04-12 12:00,CWP-01,6.45,476.31,58.32,2.86,143.78
2026-04-12 13:00,CWP-01,6.48,484.9,60.09,2.44,139.0
2026-04-12 14:00,CWP-01,5.74,472.8,58.23,2.54,141.02
2026-04-12 15:00,CWP-01,6.54,491.65,52.99,2.34,143.8
2026-04-12 16:00,CWP-01,6.07,446.69,55.22,2.34,127.52
2026-04-12 17:00,CWP-01,5.98,425.6,57.35,2.07,129.51
2026-04-12 18:00,CWP-01,5.8,466.83,51.0,2.23,135.35
2026-04-12 19:00,CWP-01,6.31,510.95,53.89,1.96,131.52
2026-04-12 20:00,CWP-01,6.27,476.84,56.68,2.21,135.44
2026-04-12 21:00,CWP-01,5.34,501.73,55.68,2.13,137.17
2026-04-12 22:00,CWP-01,6.05,460.45,59.96,2.69,141.93
2026-04-12 23:00,CWP-01,5.79,494.84,62.33,2.51,150.79
2026-04-13 00:00,CWP-01,6.42,494.86,60.48,2.76,153.85
2026-04-13 01:00,CWP-01,6.47,525.2,64.2,2.66,155.74
2026-04-13 02:00,CWP-01,6.62,535.7,65.82,2.91,170.99
2026-04-13 03:00,CWP-01,6.86,542.99,64.69,2.92,151.73
2026-04-13 04:00,CWP-01,6.75,536.69,64.19,2.92,168.63
2026-04-13 05:00,CWP-01,6.99,548.93,65.06,3.35,175.16
2026-04-13 06:00,CWP-01,7.35,518.75,62.3,3.57,161.76
2026-04-13 07:00,CWP-01,7.16,507.23,62.42,3.16,162.39
2026-04-13 08:00,CWP-01,7.58,561.85,67.18,2.89,171.6
2026-04-13 09:00,CWP-01,6.6,550.55,61.8,2.82,161.28
2026-04-13 10:00,CWP-01,6.87,531.91,62.8,2.79,157.46
2026-04-13 11:00,CWP-01,6.39,522.36,61.07,2.61,149.6
2026-04-13 12:00,CWP-01,6.3,518.48,62.79,2.65,160.42
2026-04-13 13:00,CWP-01,5.9,481.36,60.43,2.58,141.98
2026-04-13 14:00,CWP-01,6.44,488.85,56.26,2.47,137.19
2026-04-13 15:00,CWP-01,5.81,480.04,56.34,2.38,130.4
2026-04-13 16:00,CWP-01,5.83,442.39,57.22,2.22,142.96
2026-04-13 17:00,CWP-01,5.71,453.43,57.18,2.1,130.09
2026-04-13 18:00,CWP-01,5.58,418.01,55.53,2.19,121.85
2026-04-13 19:00,CWP-01,6.08,430.52,54.82,2.28,134.73
2026-04-13 20:00,CWP-01,6.04,463.83,57.11,2.29,118.68
2026-04-13 21:00,CWP-01,6.38,462.9,58.58,2.32,136.2
2026-04-13 22:00,CWP-01,6.13,471.08,56.86,2.11,140.9
2026-04-13 23:00,CWP-01,6.35,509.09,56.37,2.73,138.83
2026-04-14 00:00,CWP-01,6.54,498.24,61.97,2.54,145.22
2026-04-14 01:00,CWP-01,6.31,499.21,58.04,2.86,152.29
2026-04-14 02:00,CWP-01,6.58,536.91,64.84,2.82,159.82
2026-04-14 03:00,CWP-01,7.01,525.41,62.56,3.08,168.6
2026-04-14 04:00,CWP-01,6.7,547.06,62.39,3.23,164.42
2026-04-14 05:00,CWP-01,6.74,567.39,64.87,3.08,161.5
2026-04-14 06:00,CWP-01,6.97,532.79,62.69,3.22,182.35
2026-04-14 07:00,CWP-01,6.98,593.21,65.37,3.24,156.42
2026-04-14 08:00,CWP-01,7.38,520.83,63.25,3.28,163.42
2026-04-14 09:00,CWP-01,7.41,506.0,63.94,3.25,151.09
2026-04-14 10:00,CWP-01,6.62,559.37,64.65,2.64,164.96
2026-04-14 11:00,CWP-01,6.39,486.0,62.05,2.56,150.22
2026-04-14 12:00,CWP-01,6.47,518.0,62.07,2.78,148.75
2026-04-14 13:00,CWP-01,6.29,478.64,61.56,2.65,159.02
2026-04-14 14:00,CWP-01,6.3,500.65,57.5,2.57,145.41
2026-04-14 15:00,CWP-01,6.14,487.48,56.34,2.43,134.9
2026-04-14 16:00,CWP-01,5.78,445.73,56.02,2.26,137.27
2026-04-14 17:00,CWP-01,5.91,494.21,54.11,2.01,134.29
2026-04-14 18:00,CWP-01,5.25,497.26,56.32,1.78,124.15
2026-04-14 19:00,CWP-01,6.01,417.51,53.4,2.08,137.54
2026-04-14 20:00,CWP-01,6.15,482.45,57.49,2.06,137.09
2026-04-14 21:00,CWP-01,6.26,472.24,50.17,2.37,139.48
2026-04-14 22:00,CWP-01,6.19,483.83,56.37,2.41,144.07
2026-04-14 23:00,CWP-01,6.09,487.95,57.45,2.31,155.09
2026-04-15 00:00,CWP-01,6.33,479.57,60.06,2.76,145.84
2026-04-15 01:00,CWP-01,6.39,518.53,62.99,2.29,158.77
2026-04-15 02:00,CWP-01,7.03,483.49,61.73,2.7,162.53
2026-04-15 03:00,CWP-01,6.56,583.93,61.16,2.67,168.27
2026-04-15 04:00,CWP-01,7.01,578.29,62.61,3.03,172.52
2026-04-15 05:00,CWP-01,6.95,528.07,65.53,2.75,162.77
2026-04-15 06:00,CWP-01,7.68,572.17,62.35,2.94,170.59
2026-04-15 07:00,CWP-01,7.24,558.61,60.01,3.13,174.46
2026-04-15 08:00,CWP-01,6.95,545.37,63.07,3.3,157.99
2026-04-15 09:00,CWP-01,6.71,516.77,60.5,3.04,166.9
2026-04-15 10:00,CWP-01,6.87,511.9,60.58,2.79,155.77
2026-04-15 11:00,CWP-01,6.91,481.16,59.56,2.69,157.36
2026-04-15 12:00,CWP-01,6.66,501.92,60.95,2.78,152.37
2026-04-15 13:00,CWP-01,6.18,484.43,61.69,2.25,147.0
2026-04-15 14:00,CWP-01,6.5,494.4,56.47,2.46,141.57
2026-04-15 15:00,CWP-01,6.14,441.88,56.62,2.34,137.26
2026-04-15 16:00,CWP-01,5.82,458.78,53.44,2.35,146.1
2026-04-15 17:00,CWP-01,5.9,446.68,52.6,2.49,125.76
2026-04-15 18:00,CWP-01,6.2,464.64,53.48,2.43,127.1
2026-04-15 19:00,CWP-01,5.49,447.63,56.59,2.03,127.31
2026-04-15 20:00,CWP-01,5.86,466.14,58.6,2.04,120.84
2026-04-15 21:00,CWP-01,6.36,476.14,55.67,2.04,133.5
2026-04-15 22:00,CWP-01,6.37,497.27,57.31,2.94,139.95
2026-04-15 23:00,CWP-01,6.42,450.2,62.17,2.61,153.89
2026-04-16 00:00,CWP-01,7.22,504.1,57.71,2.64,158.56
2026-04-16 01:00,CWP-01,6.86,553.25,64.27,3.04,152.25
2026-04-16 02:00,CWP-01,6.87,537.44,60.05,2.71,157.5
2026-04-16 03:00,CWP-01,6.88,517.86,62.88,3.02,175.11
2026-04-16 04:00,CWP-01,6.79,531.17,60.82,2.91,166.51
2026-04-16 05:00,CWP-01,7.3,534.63,62.49,2.88,172.36
2026-04-16 06:00,CWP-01,7.14,524.0,66.14,3.01,166.45
2026-04-16 07:00,CWP-01,6.85,546.16,61.76,2.93,163.66
2026-04-16 08:00,CWP-01,7.31,539.24,66.46,2.87,161.12
2026-04-16 09:00,CWP-01,6.95,552.97,59.11,2.86,168.01
2026-04-16 10:00,CWP-01,6.86,521.99,62.73,2.84,149.68
2026-04-16 11:00,CWP-01,6.47,449.68,64.19,2.5,152.77
2026-04-16 12:00,CWP-01,6.4,503.2,61.5,2.44,154.45
2026-04-16 13:00,CWP-01,6.54,460.38,59.91,2.96,141.59
2026-04-16 14:00,CWP-01,6.42,471.13,57.9,2.54,147.67
2026-04-16 15:00,CWP-01,5.88,472.06,57.66,2.45,150.51
2026-04-16 16:00,CWP-01,5.94,498.23,53.41,2.29,130.99
2026-04-16 17:00,CWP-01,5.63,461.28,54.09,2.55,130.2
2026-04-16 18:00,CWP-01,5.44,413.3,58.12,2.13,131.64
2026-04-16 19:00,CWP-01,6.16,461.63,56.61,2.38,138.81
2026-04-16 20:00,CWP-01,5.99,435.77,57.42,2.47,143.9
2026-04-16 21:00,CWP-01,5.84,459.0,58.77,2.54,145.84
2026-04-16 22:00,CWP-01,6.2,494.32,58.02,2.67,134.78
2026-04-16 23:00,CWP-01,6.31,492.74,60.38,2.66,148.73
2026-04-17 00:00,CWP-01,6.74,504.51,64.26,2.37,150.66
2026-04-17 01:00,CWP-01,6.86,499.65,61.73,2.65,155.85
2026-04-17 02:00,CWP-01,6.82,516.07,65.18,2.62,151.31
2026-04-17 03:00,CWP-01,7.38,548.23,60.14,2.98,155.24
2026-04-17 04:00,CWP-01,6.68,577.32,61.56,3.09,156.02
2026-04-17 05:00,CWP-01,6.96,536.47,65.23,3.15,166.56
2026-04-17 06:00,CWP-01,7.22,551.77,65.46,3.38,161.75
2026-04-17 07:00,CWP-01,7.04,569.28,64.15,3.1,167.14
2026-04-17 08:00,CWP-01,6.86,524.28,64.65,3.15,158.72
2026-04-17 09:00,CWP-01,7.18,544.04,60.35,2.89,167.13
2026-04-17 10:00,CWP-01,6.55,539.78,61.29,2.67,176.17
2026-04-17 11:00,CWP-01,6.79,537.23,59.9,2.76,154.01
2026-04-17 12:00,CWP-01,6.63,500.93,63.68,2.65,147.36
2026-04-17 13:00,CWP-01,6.49,502.95,58.06,2.49,144.06
2026-04-17 14:00,CWP-01,6.12,478.14,56.82,2.17,142.69
2026-04-17 15:00,CWP-01,5.91,470.17,60.06,2.16,141.9
2026-04-17 16:00,CWP-01,5.61,456.7,52.07,2.44,132.49
2026-04-17 17:00,CWP-01,5.86,481.83,58.9,1.94,124.62
2026-04-17 18:00,CWP-01,6.25,445.71,56.49,2.05,131.89
2026-04-17 19:00,CWP-01,5.75,479.63,57.71,2.25,131.78
2026-04-17 20:00,CWP-01,6.0,451.36,58.11,2.26,120.67
2026-04-17 21:00,CWP-01,5.87,479.04,55.87,2.35,132.11
2026-04-17 22:00,CWP-01,6.64,496.78,55.18,2.23,143.03
2026-04-17 23:00,CWP-01,6.54,499.09,60.9,2.42,134.52
2026-04-18 00:00,CWP-01,6.88,508.51,59.46,2.43,156.06
2026-04-18 01:00,CWP-01,6.99,523.22,58.29,2.24,155.29
2026-04-18 02:00,CWP-01,6.89,536.52,60.62,2.64,149.98
2026-04-18 03:00,CWP-01,7.03,539.04,65.47,3.14,161.05
2026-04-18 04:00,CWP-01,7.43,519.65,65.35,3.19,170.66
2026-04-18 05:00,CWP-01,7.31,562.29,61.85,2.83,164.98
2026-04-18 06:00,CWP-01,7.17,557.98,65.25,2.84,171.6
2026-04-18 07:00,CWP-01,6.97,591.34,63.79,3.02,167.02
2026-04-18 08:00,CWP-01,6.72,559.57,62.74,3.08,160.03
2026-04-18 09:00,CWP-01,7.29,509.37,64.33,3.1,158.44
2026-04-18 10:00,CWP-01,6.75,518.45,65.52,2.98,162.37
2026-04-18 11:00,CWP-01,6.81,525.79,60.88,2.75,147.62
2026-04-18 12:00,CWP-01,6.38,512.41,58.52,2.55,157.94
2026-04-18 13:00,CWP-01,6.57,447.16,61.4,2.46,144.77
2026-04-18 14:00,CWP-01,5.99,420.49,59.58,2.32,145.64
2026-04-18 15:00,CWP-01,6.09,441.88,58.84,2.36,139.27
2026-04-18 16:00,CWP-01,5.62,444.77,59.33,2.56,127.05
2026-04-18 17:00,CWP-01,5.97,485.82,53.28,2.39,128.05
2026-04-18 18:00,CWP-01,6.07,458.15,52.94,2.43,140.78
2026-04-18 19:00,CWP-01,5.42,472.46,55.92,2.16,142.47
2026-04-18 20:00,CWP-01,5.75,471.11,54.94,2.27,147.9
2026-04-18 21:00,CWP-01,5.74,448.94,58.08,2.26,135.95
2026-04-18 22:00,CWP-01,6.17,472.28,55.7,2.5,156.72
2026-04-18 23:00,CWP-01,6.19,498.27,61.5,2.69,147.53
2026-04-19 00:00,CWP-01,6.2,481.52,59.43,2.41,141.97
2026-04-19 01:00,CWP-01,6.24,492.47,63.61,2.71,157.97
2026-04-19 02:00,CWP-01,6.52,522.01,64.61,3.1,155.39
2026-04-19 03:00,CWP-01,7.05,500.52,61.64,3.21,173.1
2026-04-19 04:00,CWP-01,7.21,559.05,67.26,2.97,171.64
2026-04-19 05:00,CWP-01,7.39,515.54,62.65,3.22,171.13
2026-04-19 06:00,CWP-01,7.26,554.8,66.78,3.17,188.32
2026-04-19 07:00,CWP-01,7.14,563.94,63.69,3.18,170.79
2026-04-19 08:00,CWP-01,6.92,533.94,66.77,3.03,160.96
2026-04-19 09:00,CWP-01,6.62,512.82,67.43,3.06,162.74
2026-04-19 10:00,CWP-01,6.91,548.18,61.08,2.95,151.76
2026-04-19 11:00,CWP-01,6.99,507.86,63.67,2.69,160.48
2026-04-19 12:00,CWP-01,6.34,490.58,59.11,2.43,153.88
2026-04-19 13:00,CWP-01,6.22,455.96,57.38,2.36,143.96
2026-04-19 14:00,CWP-01,6.31,521.94,59.32,2.42,147.42
2026-04-19 15:00,CWP-01,6.06,445.66,56.32,2.34,138.2
2026-04-19 16:00,CWP-01,5.74,433.28,50.92,2.18,129.94
2026-04-19 17:00,CWP-01,5.86,512.23,54.58,2.04,134.9
2026-04-19 18:00,CWP-01,5.72,451.4,56.91,2.48,137.04
2026-04-19 19:00,CWP-01,6.21,398.07,57.05,2.15,130.25
2026-04-19 20:00,CWP-01,5.74,458.92,56.5,2.13,124.85
2026-04-19 21:00,CWP-01,6.21,506.33,59.73,2.43,140.6
2026-04-19 22:00,CWP-01,6.09,450.18,57.23,2.37,133.75
2026-04-19 23:00,CWP-01,6.51,495.21,61.43,2.86,149.39
2026-04-20 00:00,CWP-01,6.31,524.89,59.76,2.56,155.89
2026-04-20 01:00,CWP-01,6.68,520.51,59.73,2.44,151.5
2026-04-20 02:00,CWP-01,6.98,534.82,62.23,3.26,160.46
2026-04-20 03:00,CWP-01,7.11,561.87,63.54,3.04,156.8
2026-04-20 04:00,CWP-01,7.33,568.52,60.02,3.05,156.61
2026-04-20 05:00,CWP-01,7.28,536.01,66.67,3.14,173.57
2026-04-20 06:00,CWP-01,6.99,572.41,66.31,2.79,173.25
2026-04-20 07:00,CWP-01,7.3,525.02,66.8,2.98,167.93
2026-04-20 08:00,CWP-01,7.2,532.55,66.97,3.07,165.8
2026-04-20 09:00,CWP-01,7.11,544.42,64.54,3.19,163.11
2026-04-20 10:00,CWP-01,6.99,486.29,64.9,2.68,149.95
2026-04-20 11:00,CWP-01,6.18,485.78,60.34,2.88,146.38
2026-04-20 12:00,CWP-01,6.57,454.71,62.37,2.58,141.72
2026-04-20 13:00,CWP-01,6.79,468.1,60.68,2.52,144.11
2026-04-20 14:00,CWP-01,6.12,449.48,58.35,2.14,131.06
2026-04-20 15:00,CWP-01,6.03,464.0,56.61,2.63,139.78
2026-04-20 16:00,CWP-01,6.01,459.8,54.99,1.83,131.22
2026-04-20 17:00,CWP-01,6.07,434.07,59.14,2.23,124.35
2026-04-20 18:00,CWP-01,5.7,418.83,54.54,1.89,125.12
2026-04-20 19:00,CWP-01,5.94,442.33,54.77,2.25,130.11
2026-04-20 20:00,CWP-01,6.01,457.1,54.94,2.3,136.07
2026-04-20 21:00,CWP-01,5.72,456.44,60.81,2.31,149.58
2026-04-20 22:00,CWP-01,5.72,459.58,55.9,2.31,146.04
2026-04-20 23:00,CWP-01,6.43,488.74,59.17,2.33,145.84
2026-04-21 00:00,CWP-01,6.79,523.68,58.7,2.6,155.18
2026-04-21 01:00,CWP-01,6.92,538.8,60.45,2.5,144.84
2026-04-21 02:00,CWP-01,7.26,540.78,61.57,2.48,147.52
2026-04-21 03:00,CWP-01,6.69,589.99,65.29,3.09,168.56
2026-04-21 04:00,CWP-01,6.91,528.34,67.46,2.92,165.44
2026-04-21 05:00,CWP-01,7.47,571.22,62.26,3.23,156.4
2026-04-21 06:00,CWP-01,7.02,553.47,66.5,3.11,165.24
2026-04-21 07:00,CWP-01,7.75,547.26,64.27,3.07,166.83
2026-04-21 08:00,CWP-01,6.68,521.91,62.38,2.83,159.51
2026-04-21 09:00,CWP-01,6.98,533.53,60.46,3.2,155.8
2026-04-21 10:00,CWP-01,7.0,505.65,61.65,2.83,164.88
2026-04-21 11:00,CWP-01,6.79,512.2,59.87,2.38,154.34
2026-04-21 12:00,CWP-01,6.45,508.08,62.62,2.89,143.2
2026-04-21 13:00,CWP-01,5.94,480.64,58.46,2.57,135.21
2026-04-21 14:00,CWP-01,6.62,467.75,57.32,2.54,146.8
2026-04-21 15:00,CWP-01,6.2,455.9,59.93,2.35,134.22
2026-04-21 16:00,CWP-01,5.94,440.05,56.96,2.06,140.26
2026-04-21 17:00,CWP-01,6.08,408.79,54.57,2.22,129.97
2026-04-21 18:00,CWP-01,6.24,427.4,55.05,1.91,130.1
2026-04-21 19:00,CWP-01,6.27,457.0,57.3,2.58,133.24
2026-04-21 20:00,CWP-01,6.15,517.98,59.56,2.24,142.28
2026-04-21 21:00,CWP-01,6.46,463.14,54.68,2.4,155.72
2026-04-21 22:00,CWP-01,6.17,478.66,55.8,2.23,142.12
2026-04-21 23:00,CWP-01,5.62,481.26,57.3,2.28,134.42
2026-04-22 00:00,CWP-01,6.89,499.31,64.03,2.9,145.58
2026-04-22 01:00,CWP-01,6.76,539.17,60.82,2.81,157.19
2026-04-22 02:00,CWP-01,6.87,517.17,63.88,2.64,158.34
2026-04-22 03:00,CWP-01,6.89,568.35,64.0,3.0,159.92
2026-04-22 04:00,CWP-01,6.82,539.38,64.53,3.15,174.18
2026-04-22 05:00,CWP-01,7.17,558.22,64.66,3.45,180.44
2026-04-22 06:00,CWP-01,6.88,523.24,65.39,3.1,162.33
2026-04-22 07:00,CWP-01,7.35,570.39,63.46,3.28,167.07
2026-04-22 08:00,CWP-01,7.09,526.74,62.42,3.05,163.71
2026-04-22 09:00,CWP-01,6.99,540.25,65.23,3.0,167.58
2026-04-22 10:00,CWP-01,6.67,527.84,61.87,3.05,159.22
2026-04-22 11:00,CWP-01,6.28,476.66,62.38,2.97,151.14
2026-04-22 12:00,CWP-01,6.38,483.99,57.45,2.66,154.7
2026-04-22 13:00,CWP-01,6.23,495.5,60.45,2.7,136.81
2026-04-22 14:00,CWP-01,5.82,460.2,54.32,2.6,150.05
2026-04-22 15:00,CWP-01,6.35,465.77,55.84,2.22,129.27
2026-04-22 16:00,CWP-01,5.51,451.93,55.77,2.25,132.56
2026-04-22 17:00,CWP-01,6.16,452.12,57.9,2.31,135.13
2026-04-22 18:00,CWP-01,5.76,446.31,56.01,2.44,127.32
2026-04-22 19:00,CWP-01,5.67,426.41,52.85,2.25,143.29
2026-04-22 20:00,CWP-01,6.26,437.4,55.54,2.22,131.76
2026-04-22 21:00,CWP-01,5.9,472.48,56.27,2.55,135.48
2026-04-22 22:00,CWP-01,6.85,480.4,54.67,2.34,135.3
2026-04-22 23:00,CWP-01,6.84,467.48,58.64,2.67,143.69
2026-04-23 00:00,CWP-01,6.16,507.45,60.4,2.89,147.65
2026-04-23 01:00,CWP-01,6.49,503.73,59.52,2.65,160.29
2026-04-23 02:00,CWP-01,6.63,489.08,63.04,3.17,131.91
2026-04-23 03:00,CWP-01,6.69,548.13,63.01,2.81,165.89
2026-04-23 04:00,CWP-01,6.97,547.86,64.01,3.17,163.97
2026-04-23 05:00,CWP-01,6.97,551.72,64.32,3.34,172.79
2026-04-23 06:00,CWP-01,7.17,548.68,69.39,3.0,170.89
2026-04-23 07:00,CWP-01,7.18,544.59,60.65,3.25,164.49
2026-04-23 08:00,CWP-01,6.84,559.31,61.3,3.04,153.73
2026-04-23 09:00,CWP-01,6.52,542.09,62.84,2.87,162.87
2026-04-23 10:00,CWP-01,7.23,537.95,60.91,2.77,152.05
2026-04-23 11:00,CWP-01,6.92,491.12,61.01,3.05,149.73
2026-04-23 12:00,CWP-01,6.53,481.42,60.52,2.7,139.87
2026-04-23 13:00,CWP-01,6.72,514.93,62.64,2.68,141.71
2026-04-23 14:00,CWP-01,5.95,460.07,59.03,2.6,149.24
2026-04-23 15:00,CWP-01,5.93,466.24,55.87,1.99,146.06
2026-04-23 16:00,CWP-01,6.08,446.92,52.9,2.29,124.01
2026-04-23 17:00,CWP-01,5.6,430.73,56.26,2.28,146.24
2026-04-23 18:00,CWP-01,6.09,433.52,55.74,2.09,125.83
2026-04-23 19:00,CWP-01,6.14,469.11,55.05,2.14,142.69
2026-04-23 20:00,CWP-01,5.8,485.35,54.01,2.6,135.96
2026-04-23 21:00,CWP-01,6.49,468.28,57.18,2.43,134.4
2026-04-23 22:00,CWP-01,6.37,482.33,56.76,2.64,137.95
2026-04-23 23:00,CWP-01,6.31,477.5,62.35,2.6,135.42
2026-04-24 00:00,CWP-01,6.69,461.93,56.49,2.79,159.43
2026-04-24 01:00,CWP-01,6.66,511.96,60.81,2.84,159.83
2026-04-24 02:00,CWP-01,7.44,510.29,62.7,2.53,152.54
2026-04-24 03:00,CWP-01,7.06,512.87,66.1,2.75,161.47
2026-04-24 04:00,CWP-01,6.89,530.54,67.82,3.11,164.75
2026-04-24 05:00,CWP-01,6.99,541.75,64.58,3.14,169.84
2026-04-24 06:00,CWP-01,7.34,554.57,64.63,2.88,164.87
2026-04-24 07:00,CWP-01,7.08,541.4,65.03,2.96,178.98
2026-04-24 08:00,CWP-01,7.1,586.31,65.62,2.95,170.7
2026-04-24 09:00,CWP-01,6.74,512.13,64.27,3.07,172.7
2026-04-24 10:00,CWP-01,6.65,583.69,59.84,2.68,165.79
2026-04-24 11:00,CWP-01,6.82,515.44,63.41,2.72,151.98
2026-04-24 12:00,CWP-01,6.54,510.74,57.86,2.76,139.17
2026-04-24 13:00,CWP-01,6.22,505.04,59.16,2.4,154.54
2026-04-24 14:00,CWP-01,6.18,483.97,60.39,2.25,132.65
2026-04-24 15:00,CWP-01,6.03,477.26,60.69,2.38,137.51
2026-04-24 16:00,CWP-01,6.65,459.31,54.87,2.35,128.26
2026-04-24 17:00,CWP-01,5.91,467.7,53.75,2.15,131.6
2026-04-24 18:00,CWP-01,5.84,457.76,54.24,2.2,134.03
2026-04-24 19:00,CWP-01,5.73,457.21,55.09,2.3,141.53
2026-04-24 20:00,CWP-01,6.12,482.52,55.63,2.55,142.8
2026-04-24 21:00,CWP-01,6.17,476.2,56.92,2.26,141.74
2026-04-24 22:00,CWP-01,6.45,491.26,56.96,2.47,146.1
2026-04-24 23:00,CWP-01,6.23,497.17,62.4,2.22,129.38
2026-04-25 00:00,CWP-01,6.66,505.5,60.91,2.57,163.41
2026-04-25 01:00,CWP-01,6.62,497.06,58.74,2.79,160.25
2026-04-25 02:00,CWP-01,6.83,521.83,61.66,2.92,159.36
2026-04-25 03:00,CWP-01,6.99,526.41,62.96,2.8,176.01
2026-04-25 04:00,CWP-01,6.74,512.35,65.62,3.0,162.31
2026-04-25 05:00,CWP-01,7.0,539.4,64.54,2.62,179.08
2026-04-25 06:00,CWP-01,7.09,561.78,65.34,3.18,164.73
2026-04-25 07:00,CWP-01,7.18,579.34,63.57,3.1,174.93
2026-04-25 08:00,CWP-01,7.0,561.05,65.56,2.97,166.81
2026-04-25 09:00,CWP-01,7.0,533.16,64.41,2.87,170.83
2026-04-25 10:00,CWP-01,6.44,511.46,63.9,2.94,154.29
2026-04-25 11:00,CWP-01,6.46,518.74,63.12,2.87,169.6
2026-04-25 12:00,CWP-01,6.92,502.7,62.11,2.35,154.58
2026-04-25 13:00,CWP-01,6.54,483.84,57.54,2.39,157.17
2026-04-25 14:00,CWP-01,6.31,475.87,59.12,2.58,140.6
2026-04-25 15:00,CWP-01,5.83,463.46,54.54,2.6,134.2
2026-04-25 16:00,CWP-01,5.6,441.55,57.14,2.19,140.31
2026-04-25 17:00,CWP-01,5.93,448.95,57.03,1.95,122.25
2026-04-25 18:00,CWP-01,5.87,446.5,55.07,2.38,135.12
2026-04-25 19:00,CWP-01,5.46,447.02,58.49,1.9,126.17
2026-04-25 20:00,CWP-01,5.69,471.81,58.04,2.21,138.63
2026-04-25 21:00,CWP-01,5.8,443.87,55.59,2.36,141.28
2026-04-25 22:00,CWP-01,5.89,461.29,56.73,2.23,136.99
2026-04-25 23:00,CWP-01,6.32,522.54,59.73,2.6,132.19
2026-04-26 00:00,CWP-01,6.29,492.47,59.99,2.87,132.68
2026-04-26 01:00,CWP-01,6.53,487.47,63.31,2.84,143.58
2026-04-26 02:00,CWP-01,7.39,513.04,60.11,2.85,150.08
2026-04-26 03:00,CWP-01,7.11,543.44,62.83,2.94,161.61
2026-04-26 04:00,CWP-01,7.04,556.08,61.36,2.52,175.61
2026-04-26 05:00,CWP-01,7.56,515.17,64.77,2.97,168.3
2026-04-26 06:00,CWP-01,7.25,549.34,63.09,3.11,175.33
2026-04-26 07:00,CWP-01,7.48,538.01,66.68,3.43,170.16
2026-04-26 08:00,CWP-01,6.99,519.29,65.2,2.96,170.76
2026-04-26 09:00,CWP-01,6.94,533.5,62.73,3.15,153.44
2026-04-26 10:00,CWP-01,6.73,547.92,61.99,2.77,153.16
2026-04-26 11:00,CWP-01,6.28,481.98,59.29,3.0,162.91
2026-04-26 12:00,CWP-01,6.81,523.46,60.68,2.58,146.63
2026-04-26 13:00,CWP-01,6.34,467.83,58.68,2.81,144.96
2026-04-26 14:00,CWP-01,6.52,450.78,57.47,2.43,141.69
2026-04-26 15:00,CWP-01,5.89,484.27,57.53,2.34,139.13
2026-04-26 16:00,CWP-01,6.22,474.03,56.28,2.0,126.11
2026-04-26 17:00,CWP-01,5.71,478.85,50.92,2.15,132.58
2026-04-26 18:00,CWP-01,6.15,446.74,55.55,2.42,113.79
2026-04-26 19:00,CWP-01,5.84,438.42,55.5,2.32,126.39
2026-04-26 20:00,CWP-01,5.41,494.87,55.14,2.34,138.41
2026-04-26 21:00,CWP-01,5.92,455.52,55.68,2.36,128.62
2026-04-26 22:00,CWP-01,6.5,483.08,61.19,2.39,137.31
2026-04-26 23:00,CWP-01,6.55,439.1,60.42,2.56,149.28
2026-04-27 00:00,CWP-01,6.41,474.41,60.95,2.81,151.36
2026-04-27 01:00,CWP-01,6.47,535.41,59.8,2.74,142.67
2026-04-27 02:00,CWP-01,6.87,529.55,59.28,2.88,157.18
2026-04-27 03:00,CWP-01,6.68,566.98,59.95,3.04,170.73
2026-04-27 04:00,CWP-01,6.97,570.32,66.68,2.96,164.41
2026-04-27 05:00,CWP-01,7.46,558.3,66.03,3.46,170.56
2026-04-27 06:00,CWP-01,6.86,566.55,64.31,2.96,169.85
2026-04-27 07:00,CWP-01,7.08,529.31,61.81,3.45,167.07
2026-04-27 08:00,CWP-01,6.89,564.22,67.65,3.34,170.75
2026-04-27 09:00,CWP-01,7.2,544.48,63.11,2.92,153.46
2026-04-27 10:00,CWP-01,6.78,499.54,61.05,3.26,152.7
2026-04-27 11:00,CWP-01,6.61,518.5,59.63,2.53,161.48
2026-04-27 12:00,CWP-01,6.11,511.4,61.98,2.6,144.29
2026-04-27 13:00,CWP-01,6.48,505.97,59.68,2.49,148.27
2026-04-27 14:00,CWP-01,6.27,491.41,58.44,2.06,133.55
2026-04-27 15:00,CWP-01,6.11,492.68,56.89,2.43,135.74
2026-04-27 16:00,CWP-01,5.89,452.11,52.96,2.15,127.82
2026-04-27 17:00,CWP-01,5.95,433.46,57.3,2.28,135.91
2026-04-27 18:00,CWP-01,5.81,426.28,55.65,2.41,124.36
2026-04-27 19:00,CWP-01,6.18,482.5,55.87,2.37,138.17
2026-04-27 20:00,CWP-01,5.98,445.77,55.46,2.38,126.92
2026-04-27 21:00,CWP-01,6.34,456.2,53.88,2.03,128.66
2026-04-27 22:00,CWP-01,6.44,478.95,58.03,2.12,131.65
2026-04-27 23:00,CWP-01,6.25,477.44,55.89,2.76,146.37
2026-04-28 00:00,CWP-01,6.49,473.25,62.26,2.54,141.04
2026-04-28 01:00,CWP-01,6.78,537.53,59.12,2.6,158.83
2026-04-28 02:00,CWP-01,6.48,512.2,62.49,2.82,157.38
2026-04-28 03:00,CWP-01,6.9,509.94,62.8,3.18,166.61
2026-04-28 04:00,CWP-01,7.58,550.81,65.17,3.26,164.79
2026-04-28 05:00,CWP-01,7.1,515.74,63.36,3.14,172.44
2026-04-28 06:00,CWP-01,7.02,550.21,61.49,2.87,174.32
2026-04-28 07:00,CWP-01,7.58,519.96,64.08,2.99,171.47
2026-04-28 08:00,CWP-01,7.01,563.02,64.05,3.05,160.73
2026-04-28 09:00,CWP-01,7.21,535.44,63.04,2.74,173.31
2026-04-28 10:00,CWP-01,6.93,528.22,63.06,3.03,144.7
2026-04-28 11:00,CWP-01,6.74,524.17,60.33,2.94,153.3
2026-04-28 12:00,CWP-01,6.49,489.9,60.3,2.61,165.51
2026-04-28 13:00,CWP-01,6.11,466.5,62.35,2.91,138.7
2026-04-28 14:00,CWP-01,6.14,479.65,55.65,2.4,148.81
2026-04-28 15:00,CWP-01,6.29,443.66,56.67,2.07,145.07
2026-04-28 16:00,CWP-01,6.09,452.3,58.22,2.23,135.01
2026-04-28 17:00,CWP-01,5.98,448.7,55.28,2.6,139.36
2026-04-28 18:00,CWP-01,6.03,446.25,56.54,2.25,135.62
2026-04-28 19:00,CWP-01,6.13,429.67,58.31,2.31,140.55
2026-04-28 20:00,CWP-01,6.03,441.86,57.84,2.16,129.95
2026-04-28 21:00,CWP-01,5.98,490.72,54.93,1.97,137.35
2026-04-28 22:00,CWP-01,6.06,473.86,56.8,2.54,135.51
2026-04-28 23:00,CWP-01,6.41,468.93,55.86,2.43,147.84
2026-04-29 00:00,CWP-01,6.92,516.06,58.96,2.96,148.73
2026-04-29 01:00,CWP-01,6.76,526.58,59.61,2.8,150.27
2026-04-29 02:00,CWP-01,7.09,521.78,64.12,2.97,164.78
2026-04-29 03:00,CWP-01,6.33,505.23,64.51,2.84,159.57
2026-04-29 04:00,CWP-01,6.74,562.02,63.56,2.98,173.23
2026-04-29 05:00,CWP-01,7.18,530.35,61.85,3.46,152.68
2026-04-29 06:00,CWP-01,6.99,558.09,68.02,3.07,175.6
2026-04-29 07:00,CWP-01,7.04,553.15,63.99,2.93,158.57
2026-04-29 08:00,CWP-01,7.33,559.52,64.58,2.95,155.72
2026-04-29 09:00,CWP-01,6.48,560.37,66.48,2.85,164.28
2026-04-29 10:00,CWP-01,6.62,510.63,63.54,2.78,152.91
2026-04-29 11:00,CWP-01,6.61,473.36,60.88,2.69,157.89
2026-04-29 12:00,CWP-01,6.33,480.52,59.98,2.39,148.91
2026-04-29 13:00,CWP-01,6.07,448.49,57.55,2.69,131.16
2026-04-29 14:00,CWP-01,6.32,493.7,56.54,2.25,141.42
2026-04-29 15:00,CWP-01,5.96,463.86,57.47,2.61,149.82
2026-04-29 16:00,CWP-01,6.19,468.11,54.14,2.03,131.63
2026-04-29 17:00,CWP-01,6.4,433.08,53.23,2.08,143.74
2026-04-29 18:00,CWP-01,5.84,456.03,53.85,2.16,136.53
2026-04-29 19:00,CWP-01,5.95,456.16,52.63,2.07,142.45
2026-04-29 20:00,CWP-01,5.57,467.06,57.07,2.4,141.21
2026-04-29 21:00,CWP-01,6.14,458.53,57.09,2.31,141.18
2026-04-29 22:00,CWP-01,6.12,485.02,55.93,2.45,152.92
2026-04-29 23:00,CWP-01,6.4,493.92,59.26,2.5,155.07
2026-04-30 00:00,CWP-01,6.74,471.38,57.42,3.02,143.19
2026-04-30 01:00,CWP-01,6.73,529.36,60.34,2.62,161.96
2026-04-30 02:00,CWP-01,6.38,513.98,62.26,2.78,151.67
2026-04-30 03:00,CWP-01,6.73,530.94,63.98,3.04,154.46
2026-04-30 04:00,CWP-01,6.56,547.68,64.72,3.03,154.47
2026-04-30 05:00,CWP-01,7.62,513.15,61.1,3.16,164.97
2026-04-30 06:00,CWP-01,6.86,544.01,64.92,2.94,164.2
2026-04-30 07:00,CWP-01,7.04,520.44,66.65,3.28,175.81
2026-04-30 08:00,CWP-01,7.22,573.13,63.43,2.92,164.36
2026-04-30 09:00,CWP-01,6.98,531.77,63.86,2.91,175.26
2026-04-30 10:00,CWP-01,6.74,507.12,64.19,2.92,159.93
2026-04-30 11:00,CWP-01,6.62,541.08,61.29,2.83,163.0
2026-04-30 12:00,CWP-01,6.42,521.22,58.71,2.55,160.82
2026-04-30 13:00,CWP-01,6.52,491.32,59.87,2.24,156.61
2026-04-30 14:00,CWP-01,6.47,502.81,59.76,2.14,140.81
2026-04-30 15:00,CWP-01,5.79,435.79,55.39,2.17,139.32
2026-04-30 16:00,CWP-01,6.36,464.86,55.02,2.23,123.76
2026-04-30 17:00,CWP-01,5.97,446.44,52.48,2.42,136.48
2026-04-30 18:00,CWP-01,5.58,457.72,52.6,2.42,132.83
2026-04-30 19:00,CWP-01,5.92,433.61,57.16,2.18,133.9
2026-04-30 20:00,CWP-01,5.79,445.44,56.17,2.29,132.51
2026-04-30 21:00,CWP-01,5.94,460.53,55.4,2.19,151.85
2026-04-30 22:00,CWP-01,5.87,450.96,59.06,2.35,146.94
2026-04-30 23:00,CWP-01,6.46,497.96,59.86,2.31,151.6
2026-05-01 00:00,CWP-01,7.11,508.21,63.46,2.76,153.48
2026-05-01 01:00,CWP-01,6.2,479.51,62.22,2.6,156.98
2026-05-01 02:00,CWP-01,6.77,536.01,63.45,2.73,145.38
2026-05-01 03:00,CWP-01,7.2,545.21,60.54,3.1,167.83
2026-05-01 04:00,CWP-01,6.76,553.14,63.47,2.82,155.51
2026-05-01 05:00,CWP-01,7.13,513.07,62.89,3.0,170.12
2026-05-01 06:00,CWP-01,6.8,542.0,64.73,2.82,160.55
2026-05-01 07:00,CWP-01,7.03,563.72,64.0,3.17,171.53
2026-05-01 08:00,CWP-01,6.83,548.13,66.34,2.79,152.52
2026-05-01 09:00,CWP-01,6.68,514.32,60.45,3.0,161.74
2026-05-01 10:00,CWP-01,7.04,526.54,65.39,3.1,163.19
2026-05-01 11:00,CWP-01,6.71,501.63,62.7,2.55,147.28
2026-05-01 12:00,CWP-01,6.49,471.48,61.75,2.57,157.64
2026-05-01 13:00,CWP-01,6.08,483.21,60.66,2.19,148.01
2026-05-01 14:00,CWP-01,6.16,468.03,58.88,2.67,151.45
2026-05-01 15:00,CWP-01,6.22,499.65,56.21,2.3,139.52
2026-05-01 16:00,CWP-01,5.98,421.75,55.53,2.22,145.13
2026-05-01 17:00,CWP-01,6.11,448.22,52.77,2.24,141.43
2026-05-01 18:00,CWP-01,5.89,474.89,58.7,2.08,138.43
2026-05-01 19:00,CWP-01,6.35,432.24,53.79,2.26,129.64
2026-05-01 20:00,CWP-01,6.28,436.11,56.09,2.16,134.3
2026-05-01 21:00,CWP-01,5.75,437.56,59.34,2.4,127.05
2026-05-01 22:00,CWP-01,6.12,477.49,56.27,2.22,138.58
2026-05-01 23:00,CWP-01,6.19,467.13,60.58,2.59,144.07
2026-05-02 00:00,CWP-01,6.65,462.41,60.13,3.07,152.88
2026-05-02 01:00,CWP-01,6.37,524.8,58.14,2.65,152.92
2026-05-02 02:00,CWP-01,6.82,503.74,64.43,2.84,159.32
2026-05-02 03:00,CWP-01,7.37,513.64,61.75,3.19,156.08
2026-05-02 04:00,CWP-01,6.86,518.36,63.32,3.06,175.34
2026-05-02 05:00,CWP-01,7.11,578.72,63.7,2.76,182.46
2026-05-02 06:00,CWP-01,7.29,524.49,63.24,3.18,178.12
2026-05-02 07:00,CWP-01,6.98,541.85,67.35,3.0,164.46
2026-05-02 08:00,CWP-01,6.86,502.58,63.26,2.96,162.28
2026-05-02 09:00,CWP-01,6.6,545.59,62.56,3.13,155.44
2026-05-02 10:00,CWP-01,6.42,543.97,61.87,2.65,144.58
2026-05-02 11:00,CWP-01,7.22,519.44,62.51,2.95,150.11
2026-05-02 12:00,CWP-01,6.55,496.1,61.0,2.87,137.83
2026-05-02 13:00,CWP-01,6.03,470.42,61.32,2.27,154.57
2026-05-02 14:00,CWP-01,6.21,478.36,55.07,2.47,145.92
2026-05-02 15:00,CWP-01,6.56,465.17,53.11,2.08,141.21
2026-05-02 16:00,CWP-01,6.02,432.69,58.1,2.72,135.09
2026-05-02 17:00,CWP-01,5.86,451.1,55.7,2.17,145.12
2026-05-02 18:00,CWP-01,6.21,449.58,58.51,2.3,134.24
2026-05-02 19:00,CWP-01,5.65,428.61,55.79,2.07,140.33
2026-05-02 20:00,CWP-01,5.93,506.49,57.36,2.57,133.32
2026-05-02 21:00,CWP-01,5.85,437.56,58.24,2.48,138.41
2026-05-02 22:00,CWP-01,6.24,478.86,57.7,2.24,133.93
2026-05-02 23:00,CWP-01,6.12,459.35,56.94,2.31,146.12
2026-05-03 00:00,CWP-01,7.08,497.11,60.97,2.72,148.11
2026-05-03 01:00,CWP-01,6.7,515.92,67.33,2.7,162.07
2026-05-03 02:00,CWP-01,6.57,518.28,60.93,2.82,149.44
2026-05-03 03:00,CWP-01,6.99,524.37,64.86,2.72,169.89
2026-05-03 04:00,CWP-01,7.08,537.35,65.67,3.04,164.13
2026-05-03 05:00,CWP-01,7.28,544.86,65.4,3.18,156.8
2026-05-03 06:00,CWP-01,7.35,564.25,67.63,3.09,164.56
2026-05-03 07:00,CWP-01,7.17,555.58,64.64,3.59,180.97
2026-05-03 08:00,CWP-01,6.71,557.86,68.49,3.28,152.79
2026-05-03 09:00,CWP-01,7.08,586.99,68.04,2.96,165.4
2026-05-03 10:00,CWP-01,6.89,519.22,61.6,2.71,154.22
2026-05-03 11:00,CWP-01,7.06,518.86,62.36,3.04,164.6
2026-05-03 12:00,CWP-01,6.46,479.32,63.22,2.51,154.38
2026-05-03 13:00,CWP-01,6.71,515.8,55.88,2.61,134.55
2026-05-03 14:00,CWP-01,6.22,477.8,56.83,2.65,135.88
2026-05-03 15:00,CWP-01,5.76,455.4,55.03,2.36,144.25
2026-05-03 16:00,CWP-01,5.45,456.79,55.32,1.92,131.17
2026-05-03 17:00,CWP-01,5.52,420.39,55.77,2.4,135.58
2026-05-03 18:00,CWP-01,5.75,446.98,53.42,2.07,138.1
2026-05-03 19:00,CWP-01,6.26,440.96,53.53,2.33,130.58
2026-05-03 20:00,CWP-01,5.5,465.96,52.1,2.27,121.91
2026-05-03 21:00,CWP-01,6.43,480.99,53.7,2.42,135.27
2026-05-03 22:00,CWP-01,6.16,446.31,56.02,2.32,142.1
2026-05-03 23:00,CWP-01,6.12,478.82,58.19,2.73,147.38
2026-05-04 00:00,CWP-01,6.4,525.77,60.31,2.81,149.86
2026-05-04 01:00,CWP-01,6.61,515.42,62.55,2.67,156.07
2026-05-04 02:00,CWP-01,7.0,520.18,64.14,2.6,168.59
2026-05-04 03:00,CWP-01,6.88,549.51,60.37,3.07,159.72
2026-05-04 04:00,CWP-01,6.94,547.09,61.68,3.12,179.44
2026-05-04 05:00,CWP-01,7.12,563.07,66.89,3.09,158.45
2026-05-04 06:00,CWP-01,6.76,578.05,65.08,3.38,165.28
2026-05-04 07:00,CWP-01,7.12,530.53,65.83,3.04,162.75
2026-05-04 08:00,CWP-01,6.77,551.21,62.3,2.98,165.57
2026-05-04 09:00,CWP-01,6.94,557.05,65.1,2.89,156.15
2026-05-04 10:00,CWP-01,7.01,490.04,64.98,2.81,156.69
2026-05-04 11:00,CWP-01,6.66,510.39,61.53,2.77,161.97
2026-05-04 12:00,CWP-01,6.26,517.56,57.67,2.95,147.06
2026-05-04 13:00,CWP-01,5.93,486.44,61.38,2.58,138.7
2026-05-04 14:00,CWP-01,6.16,456.89,58.7,2.2,125.01
2026-05-04 15:00,CWP-01,6.05,468.26,55.18,2.52,128.5
2026-05-04 16:00,CWP-01,6.07,456.33,55.19,2.5,130.81
2026-05-04 17:00,CWP-01,6.19,437.58,56.8,1.75,136.04
2026-05-04 18:00,CWP-01,6.08,432.22,55.28,2.21,137.65
2026-05-04 19:00,CWP-01,5.78,482.16,55.94,2.55,125.24
2026-05-04 20:00,CWP-01,6.02,483.17,58.36,2.19,141.13
2026-05-04 21:00,CWP-01,5.77,480.4,56.29,2.24,138.95
2026-05-04 22:00,CWP-01,6.14,476.61,56.64,2.53,138.35
2026-05-04 23:00,CWP-01,6.19,486.49,54.14,2.49,140.76
2026-05-05 00:00,CWP-01,6.12,498.72,60.41,2.84,149.2
2026-05-05 01:00,CWP-01,6.78,495.96,57.82,2.59,148.72
2026-05-05 02:00,CWP-01,6.85,542.0,63.48,3.06,162.35
2026-05-05 03:00,CWP-01,6.47,555.77,62.42,3.04,155.0
2026-05-05 04:00,CWP-01,7.16,578.67,65.68,3.06,172.47
2026-05-05 05:00,CWP-01,6.88,585.48,63.06,2.99,167.69
2026-05-05 06:00,CWP-01,7.24,572.14,65.52,2.87,162.93
2026-05-05 07:00,CWP-01,7.19,532.03,63.51,2.93,171.68
2026-05-05 08:00,CWP-01,7.16,535.05,67.05,2.85,173.72
2026-05-05 09:00,CWP-01,7.0,583.65,61.48,2.83,149.36
2026-05-05 10:00,CWP-01,6.55,531.93,60.41,2.77,152.26
2026-05-05 11:00,CWP-01,6.72,521.91,62.42,2.7,143.53
2026-05-05 12:00,CWP-01,6.34,517.53,61.16,2.89,152.16
2026-05-05 13:00,CWP-01,6.63,496.82,58.24,2.58,161.95
2026-05-05 14:00,CWP-01,6.35,479.61,56.41,2.62,141.42
2026-05-05 15:00,CWP-01,5.55,505.87,56.64,2.48,155.43
2026-05-05 16:00,CWP-01,6.14,467.76,59.24,2.02,146.11
2026-05-05 17:00,CWP-01,6.03,413.84,51.68,1.89,127.8
2026-05-05 18:00,CWP-01,5.48,442.73,53.66,2.36,148.8
2026-05-05 19:00,CWP-01,6.18,454.25,53.97,2.01,143.12
2026-05-05 20:00,CWP-01,6.05,467.63,55.92,2.08,119.26
2026-05-05 21:00,CWP-01,6.23,457.29,56.64,2.18,137.73
2026-05-05 22:00,CWP-01,5.85,518.67,57.46,2.46,147.24
2026-05-05 23:00,CWP-01,6.31,502.5,58.65,2.28,151.03
2026-05-06 00:00,CWP-01,6.79,525.91,57.72,2.79,145.52
2026-05-06 01:00,CWP-01,6.53,533.66,62.19,2.85,152.71
2026-05-06 02:00,CWP-01,6.78,521.2,63.47,2.76,153.99
2026-05-06 03:00,CWP-01,6.52,589.5,59.75,2.78,167.07
2026-05-06 04:00,CWP-01,6.99,537.98,67.34,2.94,172.14
2026-05-06 05:00,CWP-01,7.17,550.36,61.95,2.95,171.05
2026-05-06 06:00,CWP-01,6.89,538.61,62.28,3.11,171.89
2026-05-06 07:00,CWP-01,7.3,541.53,64.89,2.86,155.78
2026-05-06 08:00,CWP-01,6.74,555.14,65.52,2.79,157.29
2026-05-06 09:00,CWP-01,7.12,520.14,62.78,2.87,164.49
2026-05-06 10:00,CWP-01,6.83,504.45,60.63,2.59,163.92
2026-05-06 11:00,CWP-01,6.75,515.18,64.14,2.85,147.32
2026-05-06 12:00,CWP-01,6.45,515.82,60.98,2.66,147.09
2026-05-06 13:00,CWP-01,5.58,497.47,61.13,2.39,146.87
2026-05-06 14:00,CWP-01,6.22,470.62,54.07,2.5,138.97
2026-05-06 15:00,CWP-01,5.85,474.96,55.88,2.37,140.26
2026-05-06 16:00,CWP-01,6.11,464.75,57.91,2.6,126.16
2026-05-06 17:00,CWP-01,6.51,437.62,54.31,2.06,147.65
2026-05-06 18:00,CWP-01,6.51,455.69,54.55,2.07,135.7
2026-05-06 19:00,CWP-01,5.86,432.58,54.75,2.02,136.94
2026-05-06 20:00,CWP-01,5.91,446.52,54.23,2.17,126.34
2026-05-06 21:00,CWP-01,6.36,500.52,54.92,2.47,130.56
2026-05-06 22:00,CWP-01,6.09,460.99,56.91,2.34,149.11
2026-05-06 23:00,CWP-01,6.43,448.32,60.2,2.62,141.55
2026-05-07 00:00,CWP-01,6.11,480.72,61.25,2.74,143.19
2026-05-07 01:00,CWP-01,6.54,549.08,61.29,3.04,145.89
2026-05-07 02:00,CWP-01,6.65,477.77,63.47,2.89,144.96
2026-05-07 03:00,CWP-01,6.55,558.98,62.42,3.05,158.99
2026-05-07 04:00,CWP-01,7.35,584.14,62.5,3.15,165.49
2026-05-07 05:00,CWP-01,6.99,532.86,64.06,2.95,169.07
2026-05-07 06:00,CWP-01,6.94,528.67,62.95,2.99,167.92
2026-05-07 07:00,CWP-01,7.09,556.57,66.24,3.27,167.97
2026-05-07 08:00,CWP-01,6.96,543.47,60.72,3.11,156.23
2026-05-07 09:00,CWP-01,6.62,549.29,62.97,3.01,161.91
2026-05-07 10:00,CWP-01,6.83,542.6,61.42,2.79,156.44
2026-05-07 11:00,CWP-01,6.88,510.35,60.1,2.82,154.2
2026-05-07 12:00,CWP-01,5.54,479.72,58.27,2.42,148.85
2026-05-07 13:00,CWP-01,6.43,456.7,61.59,2.49,141.11
2026-05-07 14:00,CWP-01,6.72,460.11,56.5,2.11,147.16
2026-05-07 15:00,CWP-01,5.76,457.41,55.69,2.24,133.26
2026-05-07 16:00,CWP-01,5.95,489.98,54.12,1.89,131.35
2026-05-07 17:00,CWP-01,6.07,459.75,52.43,2.29,132.32
2026-05-07 18:00,CWP-01,5.76,440.07,56.06,2.27,132.45
2026-05-07 19:00,CWP-01,6.1,417.82,53.01,2.64,137.91
2026-05-07 20:00,CWP-01,5.92,436.35,56.43,2.02,135.24
2026-05-07 21:00,CWP-01,6.26,463.56,58.52,2.54,153.9
2026-05-07 22:00,CWP-01,6.17,402.53,55.01,2.37,142.13
2026-05-07 23:00,CWP-01,6.23,450.8,56.29,2.43,154.86
2026-05-08 00:00,CWP-01,6.68,513.7,59.01,2.82,152.38
2026-05-08 01:00,CWP-01,6.48,515.12,59.49,2.65,153.32
2026-05-08 02:00,CWP-01,6.9,569.23,62.21,2.69,160.44
2026-05-08 03:00,CWP-01,7.08,546.9,60.23,3.31,160.06
2026-05-08 04:00,CWP-01,6.83,518.6,63.86,2.97,171.35
2026-05-08 05:00,CWP-01,7.02,509.78,65.01,2.9,170.8
2026-05-08 06:00,CWP-01,7.51,515.7,66.23,2.84,171.17
2026-05-08 07:00,CWP-01,6.84,523.15,62.77,2.94,162.24
2026-05-08 08:00,CWP-01,6.91,545.25,65.52,3.31,168.37
2026-05-08 09:00,CWP-01,6.91,570.93,62.28,3.26,159.41
2026-05-08 10:00,CWP-01,6.61,554.97,59.29,2.87,148.5
2026-05-08 11:00,CWP-01,6.52,520.6,62.66,2.84,164.75
2026-05-08 12:00,CWP-01,6.79,499.65,61.2,2.43,138.48
2026-05-08 13:00,CWP-01,6.05,513.63,61.31,2.4,148.87
2026-05-08 14:00,CWP-01,5.96,462.51,57.9,2.45,141.78
2026-05-08 15:00,CWP-01,6.15,450.09,55.6,2.3,144.3
2026-05-08 16:00,CWP-01,6.42,469.88,55.74,2.16,139.77
2026-05-08 17:00,CWP-01,5.77,466.13,56.54,2.6,137.61
2026-05-08 18:00,CWP-01,5.77,444.76,53.3,1.91,135.28
2026-05-08 19:00,CWP-01,6.24,419.63,53.59,2.32,129.5
2026-05-08 20:00,CWP-01,5.98,467.55,53.39,2.45,135.65
2026-05-08 21:00,CWP-01,5.99,468.92,55.01,2.5,142.82
2026-05-08 22:00,CWP-01,6.23,467.12,57.36,2.39,142.45
2026-05-08 23:00,CWP-01,6.07,466.17,56.61,2.32,143.98
2026-05-09 00:00,CWP-01,6.63,518.3,62.88,2.52,157.83
2026-05-09 01:00,CWP-01,6.61,526.38,56.2,2.77,150.78
2026-05-09 02:00,CWP-01,6.78,548.08,61.81,2.7,154.79
2026-05-09 03:00,CWP-01,6.62,486.2,62.0,2.82,177.7
2026-05-09 04:00,CWP-01,6.93,565.27,61.43,3.3,171.56
2026-05-09 05:00,CWP-01,6.91,577.07,65.27,3.41,185.98
2026-05-09 06:00,CWP-01,7.34,526.3,63.73,3.33,157.5
2026-05-09 07:00,CWP-01,7.26,546.61,65.45,3.51,170.52
2026-05-09 08:00,CWP-01,7.25,533.89,65.36,3.15,179.11
2026-05-09 09:00,CWP-01,6.46,544.52,63.37,3.03,170.89
2026-05-09 10:00,CWP-01,7.07,548.69,61.3,2.82,164.92
2026-05-09 11:00,CWP-01,6.35,530.72,61.74,2.65,143.66
2026-05-09 12:00,CWP-01,6.45,498.11,59.05,2.64,148.95
2026-05-09 13:00,CWP-01,6.47,458.45,64.44,2.46,135.84
2026-05-09 14:00,CWP-01,5.98,509.58,60.93,2.3,136.53
2026-05-09 15:00,CWP-01,5.92,423.24,56.49,2.59,133.94
2026-05-09 16:00,CWP-01,5.92,455.52,54.42,2.53,127.09
2026-05-09 17:00,CWP-01,5.77,450.33,55.27,2.13,135.17
2026-05-09 18:00,CWP-01,5.93,508.28,54.74,1.93,126.85
2026-05-09 19:00,CWP-01,6.17,469.4,55.58,2.18,140.82
2026-05-09 20:00,CWP-01,6.11,482.05,56.11,2.27,131.4
2026-05-09 21:00,CWP-01,5.92,426.53,54.21,2.1,155.57
2026-05-09 22:00,CWP-01,5.87,498.23,57.64,2.44,138.97
2026-05-09 23:00,CWP-01,6.49,516.78,59.94,2.61,146.88
2026-05-10 00:00,CWP-01,6.09,523.19,60.91,2.87,140.36
2026-05-10 01:00,CWP-01,6.82,528.05,60.59,2.53,157.0
2026-05-10 02:00,CWP-01,6.7,507.87,60.6,3.07,152.27
2026-05-10 03:00,CWP-01,7.09,509.31,61.89,3.11,161.96
2026-05-10 04:00,CWP-01,6.99,521.04,64.43,3.46,164.93
2026-05-10 05:00,CWP-01,7.17,573.05,66.07,2.97,162.77
2026-05-10 06:00,CWP-01,6.9,578.1,66.41,2.82,165.97
2026-05-10 07:00,CWP-01,7.31,535.75,68.71,3.13,171.11
2026-05-10 08:00,CWP-01,6.77,541.85,64.09,2.92,157.56
2026-05-10 09:00,CWP-01,7.23,543.88,60.99,3.15,171.55
2026-05-10 10:00,CWP-01,6.57,523.25,61.52,2.69,161.79
2026-05-10 11:00,CWP-01,6.54,514.41,60.38,2.89,156.79
2026-05-10 12:00,CWP-01,6.66,489.37,61.16,2.61,147.33
2026-05-10 13:00,CWP-01,6.63,488.66,59.36,2.77,135.06
2026-05-10 14:00,CWP-01,6.16,478.92,60.25,2.48,149.35
2026-05-10 15:00,CWP-01,5.71,480.63,59.6,2.39,138.63
2026-05-10 16:00,CWP-01,5.77,469.28,51.73,2.32,142.73
2026-05-10 17:00,CWP-01,6.29,459.97,53.27,2.09,131.98
2026-05-10 18:00,CWP-01,5.59,441.85,55.84,2.31,124.25
2026-05-10 19:00,CWP-01,5.81,414.69,53.71,2.26,138.53
2026-05-10 20:00,CWP-01,5.89,476.4,53.66,2.37,143.29
2026-05-10 21:00,CWP-01,5.94,465.78,56.77,1.97,146.15
2026-05-10 22:00,CWP-01,5.81,482.29,56.62,2.49,139.14
2026-05-10 23:00,CWP-01,6.15,498.75,60.73,2.91,149.06
2026-05-11 00:00,CWP-01,6.72,483.38,54.12,2.58,144.96
2026-05-11 01:00,CWP-01,6.63,501.33,61.81,2.64,159.52
2026-05-11 02:00,CWP-01,6.79,486.56,58.4,2.99,149.59
2026-05-11 03:00,CWP-01,7.09,543.29,60.44,2.6,162.11
2026-05-11 04:00,CWP-01,6.88,511.21,64.79,2.75,179.23
2026-05-11 05:00,CWP-01,6.84,563.81,64.29,3.01,176.94
2026-05-11 06:00,CWP-01,7.01,550.56,63.92,3.22,161.55
2026-05-11 07:00,CWP-01,7.14,573.27,65.82,2.91,172.42
2026-05-11 08:00,CWP-01,7.13,547.79,63.82,2.95,173.75
2026-05-11 09:00,CWP-01,6.97,545.36,63.79,3.24,162.59
2026-05-11 10:00,CWP-01,6.72,510.44,61.72,2.79,153.94
2026-05-11 11:00,CWP-01,6.61,522.77,62.69,2.78,173.58
2026-05-11 12:00,CWP-01,6.57,523.74,59.8,2.6,141.01
2026-05-11 13:00,CWP-01,6.54,473.77,61.9,2.39,139.59
2026-05-11 14:00,CWP-01,5.74,446.32,55.51,2.48,133.95
2026-05-11 15:00,CWP-01,5.92,480.66,57.83,2.03,133.86
2026-05-11 16:00,CWP-01,5.77,466.72,56.62,1.99,126.37
2026-05-11 17:00,CWP-01,5.71,465.26,52.52,2.09,140.87
2026-05-11 18:00,CWP-01,5.77,428.31,57.3,2.02,127.16
2026-05-11 19:00,CWP-01,5.83,470.42,57.5,1.93,151.89
2026-05-11 20:00,CWP-01,5.81,477.56,58.13,2.19,127.4
2026-05-11 21:00,CWP-01,5.92,443.24,59.33,2.37,129.57
2026-05-11 22:00,CWP-01,6.23,450.74,60.69,2.17,149.95
2026-05-11 23:00,CWP-01,6.51,471.96,58.59,2.15,141.54
2026-05-12 00:00,CWP-01,6.4,485.23,63.55,2.64,146.84
2026-05-12 01:00,CWP-01,6.64,494.66,62.17,2.86,161.68
2026-05-12 02:00,CWP-01,7.41,531.59,62.1,2.82,155.62
2026-05-12 03:00,CWP-01,7.48,503.46,62.42,3.4,166.56
2026-05-12 04:00,CWP-01,7.45,553.77,60.12,3.08,167.48
2026-05-12 05:00,CWP-01,7.02,568.98,60.53,3.07,169.96
2026-05-12 06:00,CWP-01,6.91,580.22,64.37,2.82,168.66
2026-05-12 07:00,CWP-01,6.95,549.41,66.5,3.44,171.87
2026-05-12 08:00,CWP-01,6.97,544.95,65.71,3.15,176.0
2026-05-12 09:00,CWP-01,6.9,521.99,65.22,3.04,171.95
2026-05-12 10:00,CWP-01,7.35,493.65,64.55,3.25,163.15
2026-05-12 11:00,CWP-01,7.11,529.32,61.13,2.85,149.9
2026-05-12 12:00,CWP-01,6.5,485.81,57.62,2.52,149.18
2026-05-12 13:00,CWP-01,6.78,462.21,60.77,2.49,156.75
2026-05-12 14:00,CWP-01,5.97,490.2,58.11,2.72,140.52
2026-05-12 15:00,CWP-01,6.02,465.51,53.45,2.21,134.4
2026-05-12 16:00,CWP-01,6.01,456.24,53.62,1.93,127.0
2026-05-12 17:00,CWP-01,5.99,435.6,57.54,2.5,137.18
2026-05-12 18:00,CWP-01,5.75,427.4,54.72,2.51,132.63
2026-05-12 19:00,CWP-01,5.92,452.97,56.52,2.48,123.88
2026-05-12 20:00,CWP-01,6.0,448.19,58.08,2.21,130.39
2026-05-12 21:00,CWP-01,5.48,435.66,54.38,2.56,147.14
2026-05-12 22:00,CWP-01,6.12,464.85,56.83,2.61,129.07
2026-05-12 23:00,CWP-01,5.59,480.91,58.75,2.6,149.52
2026-05-13 00:00,CWP-01,6.43,495.49,59.75,2.33,153.24
2026-05-13 01:00,CWP-01,6.46,528.17,60.62,2.9,157.35
2026-05-13 02:00,CWP-01,7.04,521.97,66.62,2.68,156.26
2026-05-13 03:00,CWP-01,7.14,519.39,63.37,3.23,165.47
2026-05-13 04:00,CWP-01,6.99,551.88,65.11,3.36,159.72
2026-05-13 05:00,CWP-01,7.01,524.44,67.51,3.03,167.82
2026-05-13 06:00,CWP-01,6.88,548.96,65.77,3.09,158.15
2026-05-13 07:00,CWP-01,7.26,567.68,63.12,2.88,158.15
2026-05-13 08:00,CWP-01,6.67,557.37,63.93,3.15,164.6
2026-05-13 09:00,CWP-01,7.14,566.85,60.52,3.12,177.49
2026-05-13 10:00,CWP-01,6.29,518.15,64.68,2.84,152.88
2026-05-13 11:00,CWP-01,6.74,542.66,58.44,2.58,156.83
2026-05-13 12:00,CWP-01,6.27,508.33,57.8,2.82,149.6
2026-05-13 13:00,CWP-01,6.14,463.92,56.99,2.59,144.84
2026-05-13 14:00,CWP-01,6.34,488.47,55.49,2.6,134.7
2026-05-13 15:00,CWP-01,6.47,458.51,57.77,2.33,141.98
2026-05-13 16:00,CWP-01,6.15,445.9,57.51,2.35,141.08
2026-05-13 17:00,CWP-01,5.58,460.78,53.34,2.4,133.43
2026-05-13 18:00,CWP-01,6.58,469.19,53.48,2.16,126.66
2026-05-13 19:00,CWP-01,6.04,470.91,56.84,2.56,122.86
2026-05-13 20:00,CWP-01,5.92,445.09,56.65,2.3,137.96
2026-05-13 21:00,CWP-01,6.03,462.61,54.45,2.53,140.3
2026-05-13 22:00,CWP-01,6.3,490.89,55.33,2.69,131.41
2026-05-13 23:00,CWP-01,6.45,493.05,60.16,2.71,143.09
2026-05-14 00:00,CWP-01,6.54,514.23,65.0,2.51,158.1
2026-05-14 01:00,CWP-01,6.7,525.76,59.0,2.87,157.62
2026-05-14 02:00,CWP-01,6.93,525.59,61.38,2.69,170.91
2026-05-14 03:00,CWP-01,6.76,520.74,62.5,2.91,154.68
2026-05-14 04:00,CWP-01,7.3,545.22,63.47,3.08,166.4
2026-05-14 05:00,CWP-01,7.38,563.02,65.0,3.49,164.28
2026-05-14 06:00,CWP-01,7.48,530.54,62.54,3.25,170.93
2026-05-14 07:00,CWP-01,7.03,560.71,66.97,3.19,167.2
2026-05-14 08:00,CWP-01,6.26,534.8,64.9,3.09,166.51
2026-05-14 09:00,CWP-01,6.62,535.81,59.57,3.04,153.89
2026-05-14 10:00,CWP-01,6.74,518.45,60.97,2.71,160.93
2026-05-14 11:00,CWP-01,6.72,516.99,60.72,2.89,150.96
2026-05-14 12:00,CWP-01,6.25,494.87,60.65,2.37,147.1
2026-05-14 13:00,CWP-01,6.52,479.09,59.53,2.59,141.84
2026-05-14 14:00,CWP-01,6.02,486.04,56.75,2.65,141.23
2026-05-14 15:00,CWP-01,6.05,484.37,55.45,2.23,138.63
2026-05-14 16:00,CWP-01,5.97,487.22,55.15,2.31,138.52
2026-05-14 17:00,CWP-01,5.68,480.21,54.84,2.05,134.93
2026-05-14 18:00,CWP-01,5.65,502.15,56.79,2.17,133.77
2026-05-14 19:00,CWP-01,6.06,429.52,54.72,2.45,141.87
2026-05-14 20:00,CWP-01,6.04,461.69,54.06,2.17,119.31
2026-05-14 21:00,CWP-01,5.99,450.39,57.69,2.3,145.88
2026-05-14 22:00,CWP-01,6.0,471.26,56.37,2.22,144.32
2026-05-14 23:00,CWP-01,6.1,446.87,61.27,2.65,144.02
2026-05-15 00:00,CWP-01,6.41,493.91,56.22,2.59,147.73
2026-05-15 01:00,CWP-01,7.16,506.42,60.03,2.88,141.17
2026-05-15 02:00,CWP-01,6.9,505.91,63.73,2.93,161.92
2026-05-15 03:00,CWP-01,6.77,505.02,63.19,3.08,177.68
2026-05-15 04:00,CWP-01,7.07,515.14,66.58,3.01,158.7
2026-05-15 05:00,CWP-01,7.02,566.99,63.86,2.76,168.67
2026-05-15 06:00,CWP-01,7.15,549.85,62.58,2.82,164.12
2026-05-15 07:00,CWP-01,6.77,576.42,68.21,3.06,171.94
2026-05-15 08:00,CWP-01,7.32,553.87,63.57,2.89,158.81
2026-05-15 09:00,CWP-01,7.16,554.26,60.22,3.01,168.84
2026-05-15 10:00,CWP-01,6.85,521.6,60.7,3.08,162.97
2026-05-15 11:00,CWP-01,6.55,504.54,62.68,2.86,157.22
2026-05-15 12:00,CWP-01,6.24,474.14,59.29,2.47,149.6
2026-05-15 13:00,CWP-01,6.7,484.34,59.21,2.78,136.45
2026-05-15 14:00,CWP-01,6.25,467.12,59.18,2.75,142.69
2026-05-15 15:00,CWP-01,5.9,435.91,57.72,2.16,130.09
2026-05-15 16:00,CWP-01,6.37,429.41,53.88,2.39,135.77
2026-05-15 17:00,CWP-01,5.83,438.73,52.59,2.15,128.16
2026-05-15 18:00,CWP-01,5.71,483.32,51.83,2.14,138.05
2026-05-15 19:00,CWP-01,5.67,486.14,57.54,1.99,134.1
2026-05-15 20:00,CWP-01,5.65,469.33,55.72,1.92,118.46
2026-05-15 21:00,CWP-01,5.95,457.86,58.58,2.65,141.31
2026-05-15 22:00,CWP-01,6.44,450.2,55.41,2.44,147.99
2026-05-15 23:00,CWP-01,6.41,462.6,60.7,2.62,136.84
