timestamp,asset_id,winding_temperature,vibration_de,vibration_nde,bearing_temperature,motor_current
2026-04-01 00:00,HSM-M-06,88.23,2.77,2.73,63.87,1191.37
2026-04-01 01:00,HSM-M-06,82.35,2.63,2.83,71.22,1251.03
2026-04-01 02:00,HSM-M-06,83.58,3.06,3.19,65.29,1293.76
2026-04-01 03:00,HSM-M-06,88.52,3.0,3.0,68.19,1346.14
2026-04-01 04:00,HSM-M-06,87.75,3.01,2.86,69.79,1181.34
2026-04-01 05:00,HSM-M-06,92.05,3.32,3.28,68.83,1286.98
2026-04-01 06:00,HSM-M-06,90.39,3.28,3.04,74.25,1306.24
2026-04-01 07:00,HSM-M-06,91.27,2.98,3.31,68.58,1261.32
2026-04-01 08:00,HSM-M-06,90.38,3.14,3.11,68.71,1265.37
2026-04-01 09:00,HSM-M-06,89.31,2.88,2.86,65.89,1310.1
2026-04-01 10:00,HSM-M-06,88.42,2.98,3.15,68.86,1234.18
2026-04-01 11:00,HSM-M-06,88.2,2.84,2.87,66.67,1229.0
2026-04-01 12:00,HSM-M-06,86.42,2.75,2.93,67.48,1219.5
2026-04-01 13:00,HSM-M-06,85.58,2.81,2.32,64.25,1170.08
2026-04-01 14:00,HSM-M-06,85.28,2.7,2.86,66.11,1228.61
2026-04-01 15:00,HSM-M-06,83.15,2.38,2.42,60.51,1147.52
2026-04-01 16:00,HSM-M-06,79.2,2.6,2.54,60.73,1059.53
2026-04-01 17:00,HSM-M-06,79.76,2.6,2.13,65.62,1131.14
2026-04-01 18:00,HSM-M-06,78.33,2.46,2.59,61.77,1107.1
2026-04-01 19:00,HSM-M-06,76.37,2.44,2.14,60.1,1065.46
2026-04-01 20:00,HSM-M-06,77.83,2.32,2.68,64.64,1083.22
2026-04-01 21:00,HSM-M-06,79.38,2.38,2.38,60.56,1135.66
2026-04-01 22:00,HSM-M-06,84.19,2.41,2.6,61.64,1113.62
2026-04-01 23:00,HSM-M-06,87.73,2.69,2.41,63.49,1184.03
2026-04-02 00:00,HSM-M-06,86.11,2.87,2.72,60.71,1241.82
2026-04-02 01:00,HSM-M-06,88.13,2.96,2.84,64.65,1289.65
2026-04-02 02:00,HSM-M-06,87.6,2.93,2.83,62.93,1171.4
2026-04-02 03:00,HSM-M-06,84.94,3.42,3.06,67.09,1371.78
2026-04-02 04:00,HSM-M-06,89.62,3.05,3.23,74.38,1295.1
2026-04-02 05:00,HSM-M-06,92.16,3.02,3.21,67.48,1295.65
2026-04-02 06:00,HSM-M-06,93.94,3.38,3.19,70.13,1317.29
2026-04-02 07:00,HSM-M-06,91.15,3.26,3.48,70.83,1317.97
2026-04-02 08:00,HSM-M-06,90.87,2.95,2.88,70.8,1299.79
2026-04-02 09:00,HSM-M-06,87.57,2.95,3.05,66.22,1267.72
2026-04-02 10:00,HSM-M-06,93.62,3.0,2.93,67.1,1267.0
2026-04-02 11:00,HSM-M-06,84.8,2.82,2.88,64.55,1207.13
2026-04-02 12:00,HSM-M-06,82.88,2.87,2.81,63.94,1159.13
2026-04-02 13:00,HSM-M-06,85.83,2.9,2.55,66.52,1095.71
2026-04-02 14:00,HSM-M-06,80.57,2.75,2.98,64.9,1218.48
2026-04-02 15:00,HSM-M-06,81.72,1.94,2.46,59.4,1262.39
2026-04-02 16:00,HSM-M-06,78.68,2.49,2.45,59.13,1082.03
2026-04-02 17:00,HSM-M-06,78.94,2.27,2.5,57.06,1116.19
2026-04-02 18:00,HSM-M-06,81.56,2.49,2.47,58.72,1082.83
2026-04-02 19:00,HSM-M-06,80.55,2.04,2.39,61.08,1178.1
2026-04-02 20:00,HSM-M-06,74.77,2.33,2.38,59.55,1118.48
2026-04-02 21:00,HSM-M-06,79.07,2.27,2.47,62.96,1121.78
2026-04-02 22:00,HSM-M-06,81.51,2.29,2.77,65.36,1157.95
2026-04-02 23:00,HSM-M-06,79.12,2.59,2.82,62.75,1227.0
2026-04-03 00:00,HSM-M-06,84.03,2.66,2.71,61.83,1210.3
2026-04-03 01:00,HSM-M-06,87.57,2.81,3.03,64.49,1295.14
2026-04-03 02:00,HSM-M-06,90.16,2.94,3.06,66.71,1274.54
2026-04-03 03:00,HSM-M-06,89.32,3.15,3.05,68.56,1341.32
2026-04-03 04:00,HSM-M-06,89.48,3.24,3.02,71.02,1328.93
2026-04-03 05:00,HSM-M-06,84.24,3.2,2.96,73.14,1281.02
2026-04-03 06:00,HSM-M-06,92.98,2.91,3.12,68.51,1318.5
2026-04-03 07:00,HSM-M-06,90.21,3.48,3.18,70.39,1357.63
2026-04-03 08:00,HSM-M-06,89.24,3.1,3.16,72.16,1276.57
2026-04-03 09:00,HSM-M-06,88.67,2.77,2.82,67.46,1230.24
2026-04-03 10:00,HSM-M-06,93.66,2.99,3.03,66.81,1308.46
2026-04-03 11:00,HSM-M-06,88.6,2.62,2.82,67.02,1202.37
2026-04-03 12:00,HSM-M-06,82.92,2.94,2.79,65.66,1171.98
2026-04-03 13:00,HSM-M-06,85.55,2.61,2.46,67.06,1190.92
2026-04-03 14:00,HSM-M-06,78.06,2.79,2.29,63.41,1232.68
2026-04-03 15:00,HSM-M-06,81.32,2.54,2.22,61.71,1108.11
2026-04-03 16:00,HSM-M-06,81.25,2.25,2.77,61.8,1096.88
2026-04-03 17:00,HSM-M-06,78.58,2.55,2.37,60.04,1131.55
2026-04-03 18:00,HSM-M-06,81.45,2.36,2.36,63.29,1084.04
2026-04-03 19:00,HSM-M-06,76.93,2.24,2.29,58.42,1059.31
2026-04-03 20:00,HSM-M-06,75.11,2.26,2.2,60.35,1121.15
2026-04-03 21:00,HSM-M-06,82.0,2.29,2.56,61.21,1067.87
2026-04-03 22:00,HSM-M-06,83.61,2.62,2.59,62.84,1107.66
2026-04-03 23:00,HSM-M-06,87.57,2.29,2.63,67.73,1078.27
2026-04-04 00:00,HSM-M-06,84.68,2.89,2.86,64.81,1194.02
2026-04-04 01:00,HSM-M-06,84.57,2.83,2.84,61.66,1316.85
2026-04-04 02:00,HSM-M-06,88.01,3.14,3.29,70.57,1223.17
2026-04-04 03:00,HSM-M-06,89.35,3.23,2.94,68.48,1229.43
2026-04-04 04:00,HSM-M-06,89.16,3.4,3.03,66.33,1330.21
2026-04-04 05:00,HSM-M-06,86.3,3.29,3.05,69.34,1340.92
2026-04-04 06:00,HSM-M-06,91.36,3.5,3.09,73.95,1331.84
2026-04-04 07:00,HSM-M-06,93.25,2.91,3.01,70.73,1325.63
2026-04-04 08:00,HSM-M-06,91.54,2.95,2.74,67.46,1261.8
2026-04-04 09:00,HSM-M-06,88.99,3.11,2.91,68.37,1262.07
2026-04-04 10:00,HSM-M-06,86.95,2.85,2.99,67.69,1233.39
2026-04-04 11:00,HSM-M-06,89.8,2.8,2.91,67.38,1186.15
2026-04-04 12:00,HSM-M-06,80.58,2.7,2.59,66.86,1205.21
2026-04-04 13:00,HSM-M-06,82.84,2.48,2.86,61.82,1162.8
2026-04-04 14:00,HSM-M-06,84.74,2.74,2.25,60.32,1161.3
2026-04-04 15:00,HSM-M-06,83.73,2.57,2.06,61.43,1124.13
2026-04-04 16:00,HSM-M-06,79.5,2.12,2.48,62.0,1097.73
2026-04-04 17:00,HSM-M-06,80.29,2.2,2.55,61.45,1074.82
2026-04-04 18:00,HSM-M-06,77.79,2.13,2.43,57.33,1104.94
2026-04-04 19:00,HSM-M-06,80.49,2.23,2.44,56.41,1088.66
2026-04-04 20:00,HSM-M-06,80.03,2.29,2.66,60.67,1145.59
2026-04-04 21:00,HSM-M-06,82.4,2.53,2.53,62.16,1178.43
2026-04-04 22:00,HSM-M-06,77.4,2.73,2.65,60.04,1162.09
2026-04-04 23:00,HSM-M-06,84.13,2.5,2.7,64.14,1220.09
2026-04-05 00:00,HSM-M-06,84.09,2.73,2.87,64.4,1279.11
2026-04-05 01:00,HSM-M-06,85.04,2.94,3.23,64.82,1173.08
2026-04-05 02:00,HSM-M-06,88.86,3.0,2.78,70.5,1183.3
2026-04-05 03:00,HSM-M-06,88.39,3.22,3.05,70.9,1344.31
2026-04-05 04:00,HSM-M-06,91.02,3.31,3.08,72.27,1292.72
2026-04-05 05:00,HSM-M-06,92.27,3.26,3.22,68.12,1253.03
2026-04-05 06:00,HSM-M-06,93.64,3.11,2.91,69.33,1267.06
2026-04-05 07:00,HSM-M-06,91.35,3.07,3.0,68.99,1327.0
2026-04-05 08:00,HSM-M-06,88.27,3.24,3.3,71.66,1197.41
2026-04-05 09:00,HSM-M-06,91.64,3.1,3.04,66.47,1307.61
2026-04-05 10:00,HSM-M-06,92.75,3.22,3.17,69.85,1219.34
2026-04-05 11:00,HSM-M-06,91.14,2.74,2.96,67.36,1200.47
2026-04-05 12:00,HSM-M-06,80.93,2.91,2.76,65.91,1214.14
2026-04-05 13:00,HSM-M-06,82.78,2.45,2.81,62.04,1165.11
2026-04-05 14:00,HSM-M-06,84.31,2.56,2.58,61.74,1211.39
2026-04-05 15:00,HSM-M-06,81.6,2.43,2.42,61.62,1239.08
2026-04-05 16:00,HSM-M-06,79.59,2.5,2.31,61.42,1102.2
2026-04-05 17:00,HSM-M-06,80.33,2.26,2.29,61.02,1066.79
2026-04-05 18:00,HSM-M-06,80.41,2.67,2.46,57.21,1103.34
2026-04-05 19:00,HSM-M-06,82.44,2.4,2.31,59.02,1061.45
2026-04-05 20:00,HSM-M-06,77.01,1.98,2.25,64.44,1157.31
2026-04-05 21:00,HSM-M-06,81.1,2.4,2.59,59.54,1053.12
2026-04-05 22:00,HSM-M-06,79.12,2.59,2.61,62.01,1215.49
2026-04-05 23:00,HSM-M-06,79.94,2.76,2.38,64.74,1096.36
2026-04-06 00:00,HSM-M-06,83.87,2.75,2.76,68.37,1221.32
2026-04-06 01:00,HSM-M-06,85.45,2.94,2.51,65.93,1200.41
2026-04-06 02:00,HSM-M-06,86.11,3.22,2.77,68.04,1190.65
2026-04-06 03:00,HSM-M-06,92.91,3.0,3.08,70.41,1199.74
2026-04-06 04:00,HSM-M-06,94.35,3.17,2.99,70.76,1334.84
2026-04-06 05:00,HSM-M-06,89.76,3.16,3.14,72.74,1272.08
2026-04-06 06:00,HSM-M-06,85.8,3.38,2.97,71.32,1244.87
2026-04-06 07:00,HSM-M-06,94.6,3.16,3.08,69.96,1266.03
2026-04-06 08:00,HSM-M-06,90.25,3.21,3.11,68.63,1283.46
2026-04-06 09:00,HSM-M-06,89.05,3.06,2.92,66.33,1250.39
2026-04-06 10:00,HSM-M-06,86.41,2.96,2.71,65.79,1253.94
2026-04-06 11:00,HSM-M-06,86.7,3.1,2.97,68.71,1297.25
2026-04-06 12:00,HSM-M-06,82.53,2.76,2.83,69.09,1220.11
2026-04-06 13:00,HSM-M-06,84.59,2.53,2.42,64.21,1187.13
2026-04-06 14:00,HSM-M-06,84.64,2.66,2.61,60.1,1211.24
2026-04-06 15:00,HSM-M-06,75.71,2.09,2.36,62.89,1159.15
2026-04-06 16:00,HSM-M-06,84.44,2.38,2.56,60.05,1086.33
2026-04-06 17:00,HSM-M-06,80.96,2.54,2.34,62.24,1094.2
2026-04-06 18:00,HSM-M-06,74.29,2.44,2.31,58.96,1136.63
2026-04-06 19:00,HSM-M-06,81.44,2.41,2.37,58.75,1100.13
2026-04-06 20:00,HSM-M-06,74.15,2.35,2.55,60.5,1047.92
2026-04-06 21:00,HSM-M-06,82.31,2.81,2.65,61.88,1155.19
2026-04-06 22:00,HSM-M-06,84.29,2.28,2.39,62.9,1150.75
2026-04-06 23:00,HSM-M-06,85.23,2.94,2.99,63.59,1114.08
2026-04-07 00:00,HSM-M-06,83.58,2.8,2.8,63.26,1200.87
2026-04-07 01:00,HSM-M-06,89.53,2.83,2.81,68.94,1163.1
2026-04-07 02:00,HSM-M-06,86.33,3.23,2.7,69.09,1271.39
2026-04-07 03:00,HSM-M-06,90.53,3.14,3.13,70.01,1290.94
2026-04-07 04:00,HSM-M-06,88.81,3.1,3.17,70.11,1279.38
2026-04-07 05:00,HSM-M-06,85.03,3.14,3.3,69.18,1318.9
2026-04-07 06:00,HSM-M-06,91.17,3.21,2.65,71.03,1250.99
2026-04-07 07:00,HSM-M-06,92.83,3.02,3.17,68.78,1359.28
2026-04-07 08:00,HSM-M-06,88.46,3.2,3.07,66.92,1344.81
2026-04-07 09:00,HSM-M-06,92.62,3.18,2.9,66.62,1236.97
2026-04-07 10:00,HSM-M-06,89.99,3.23,3.27,64.82,1155.47
2026-04-07 11:00,HSM-M-06,86.24,3.0,2.83,69.66,1243.16
2026-04-07 12:00,HSM-M-06,89.0,2.86,2.69,66.15,1203.47
2026-04-07 13:00,HSM-M-06,80.95,2.89,2.73,61.05,1205.16
2026-04-07 14:00,HSM-M-06,77.77,2.26,2.49,61.19,1118.57
2026-04-07 15:00,HSM-M-06,80.7,2.24,2.47,61.58,1146.18
2026-04-07 16:00,HSM-M-06,78.6,2.48,2.48,57.07,1174.55
2026-04-07 17:00,HSM-M-06,76.93,2.33,2.68,61.96,1125.31
2026-04-07 18:00,HSM-M-06,79.53,1.99,2.5,62.43,1155.15
2026-04-07 19:00,HSM-M-06,78.47,2.01,2.44,57.89,1153.95
2026-04-07 20:00,HSM-M-06,83.68,2.28,2.6,58.09,1059.05
2026-04-07 21:00,HSM-M-06,76.88,2.54,2.36,63.6,1123.61
2026-04-07 22:00,HSM-M-06,80.71,2.36,2.5,63.33,1205.2
2026-04-07 23:00,HSM-M-06,79.33,2.58,2.51,60.0,1130.04
2026-04-08 00:00,HSM-M-06,84.98,2.45,2.24,64.27,1205.91
2026-04-08 01:00,HSM-M-06,86.75,2.68,2.52,69.48,1240.19
2026-04-08 02:00,HSM-M-06,85.98,3.22,3.09,70.48,1312.69
2026-04-08 03:00,HSM-M-06,92.8,3.15,3.33,71.88,1346.8
2026-04-08 04:00,HSM-M-06,91.38,3.15,3.3,69.47,1278.21
2026-04-08 05:00,HSM-M-06,93.66,2.96,3.43,68.25,1296.28
2026-04-08 06:00,HSM-M-06,88.28,3.18,3.13,67.2,1250.59
2026-04-08 07:00,HSM-M-06,91.69,3.33,3.16,66.71,1296.37
2026-04-08 08:00,HSM-M-06,86.36,3.14,2.96,71.78,1268.53
2026-04-08 09:00,HSM-M-06,89.58,3.11,3.01,70.89,1243.79
2026-04-08 10:00,HSM-M-06,87.87,3.03,3.01,67.01,1205.43
2026-04-08 11:00,HSM-M-06,89.38,3.16,2.75,64.62,1186.07
2026-04-08 12:00,HSM-M-06,84.69,2.78,3.04,61.05,1188.86
2026-04-08 13:00,HSM-M-06,79.36,2.66,2.73,61.3,1176.19
2026-04-08 14:00,HSM-M-06,79.45,2.66,2.12,64.9,1201.75
2026-04-08 15:00,HSM-M-06,80.22,2.43,2.47,62.09,1223.93
2026-04-08 16:00,HSM-M-06,81.67,2.31,2.0,55.51,1177.59
2026-04-08 17:00,HSM-M-06,75.11,2.32,2.41,60.19,1092.08
2026-04-08 18:00,HSM-M-06,76.36,2.38,2.66,54.02,1106.14
2026-04-08 19:00,HSM-M-06,81.2,2.4,2.21,58.67,1134.01
2026-04-08 20:00,HSM-M-06,79.65,2.9,2.37,58.59,1065.94
2026-04-08 21:00,HSM-M-06,73.18,2.14,2.36,64.28,1107.74
2026-04-08 22:00,HSM-M-06,83.91,2.77,2.38,62.73,1130.06
2026-04-08 23:00,HSM-M-06,86.15,2.47,2.72,66.49,1200.31
2026-04-09 00:00,HSM-M-06,82.66,2.68,2.69,65.69,1148.42
2026-04-09 01:00,HSM-M-06,82.88,2.74,3.08,65.67,1234.41
2026-04-09 02:00,HSM-M-06,87.78,3.09,3.06,66.02,1269.21
2026-04-09 03:00,HSM-M-06,92.92,2.95,3.05,70.39,1235.56
2026-04-09 04:00,HSM-M-06,92.08,2.93,2.83,67.27,1289.48
2026-04-09 05:00,HSM-M-06,96.8,3.39,3.63,72.13,1311.72
2026-04-09 06:00,HSM-M-06,88.47,3.53,3.01,74.96,1324.41
2026-04-09 07:00,HSM-M-06,91.32,3.38,3.33,71.82,1304.73
2026-04-09 08:00,HSM-M-06,90.36,3.49,3.21,66.27,1292.05
2026-04-09 09:00,HSM-M-06,91.08,3.1,2.97,72.37,1302.56
2026-04-09 10:00,HSM-M-06,83.94,3.08,2.79,66.49,1261.0
2026-04-09 11:00,HSM-M-06,85.3,3.04,2.95,68.31,1189.13
2026-04-09 12:00,HSM-M-06,89.12,2.61,2.73,63.35,1261.17
2026-04-09 13:00,HSM-M-06,88.07,2.58,2.59,64.64,1131.28
2026-04-09 14:00,HSM-M-06,79.9,2.53,2.54,61.68,1140.8
2026-04-09 15:00,HSM-M-06,81.48,2.28,2.46,66.08,1140.83
2026-04-09 16:00,HSM-M-06,78.53,2.2,2.46,61.21,1090.81
2026-04-09 17:00,HSM-M-06,75.56,2.31,2.19,59.54,1113.88
2026-04-09 18:00,HSM-M-06,81.89,2.15,2.46,59.71,1069.3
2026-04-09 19:00,HSM-M-06,77.37,2.19,2.34,54.19,1115.3
2026-04-09 20:00,HSM-M-06,78.04,2.62,2.52,59.44,1089.57
2026-04-09 21:00,HSM-M-06,80.51,2.48,2.1,59.66,1143.11
2026-04-09 22:00,HSM-M-06,81.89,2.34,2.32,57.71,1160.57
2026-04-09 23:00,HSM-M-06,84.03,2.25,2.39,65.49,1127.8
2026-04-10 00:00,HSM-M-06,84.16,2.7,2.54,67.26,1279.7
2026-04-10 01:00,HSM-M-06,86.65,3.11,2.83,67.52,1226.1
2026-04-10 02:00,HSM-M-06,83.52,3.1,3.01,64.27,1241.22
2026-04-10 03:00,HSM-M-06,90.91,2.72,3.05,68.56,1270.55
2026-04-10 04:00,HSM-M-06,92.14,3.11,2.93,68.67,1287.84
2026-04-10 05:00,HSM-M-06,88.43,3.2,3.03,71.29,1274.79
2026-04-10 06:00,HSM-M-06,87.49,3.08,3.44,71.78,1251.57
2026-04-10 07:00,HSM-M-06,90.25,3.14,2.84,67.9,1268.21
2026-04-10 08:00,HSM-M-06,89.3,2.9,3.17,70.51,1299.88
2026-04-10 09:00,HSM-M-06,92.61,3.17,3.25,70.68,1251.02
2026-04-10 10:00,HSM-M-06,91.88,3.01,2.8,67.86,1320.75
2026-04-10 11:00,HSM-M-06,86.29,2.56,2.8,65.76,1270.67
2026-04-10 12:00,HSM-M-06,84.14,2.59,2.74,65.16,1241.21
2026-04-10 13:00,HSM-M-06,86.63,2.53,2.69,64.53,1163.8
2026-04-10 14:00,HSM-M-06,82.94,2.61,2.7,62.24,1148.81
2026-04-10 15:00,HSM-M-06,81.94,2.31,2.51,61.72,1200.62
2026-04-10 16:00,HSM-M-06,79.56,2.36,2.3,64.94,1068.55
2026-04-10 17:00,HSM-M-06,81.95,2.25,2.23,59.58,1154.02
2026-04-10 18:00,HSM-M-06,77.34,2.16,2.45,63.26,1099.13
2026-04-10 19:00,HSM-M-06,81.65,2.82,2.33,61.91,1152.77
2026-04-10 20:00,HSM-M-06,76.72,2.37,2.42,60.94,1111.84
2026-04-10 21:00,HSM-M-06,83.63,2.56,2.26,61.54,1097.4
2026-04-10 22:00,HSM-M-06,79.36,2.35,2.55,65.21,1115.0
2026-04-10 23:00,HSM-M-06,85.21,2.65,2.99,64.27,1118.08
2026-04-11 00:00,HSM-M-06,85.13,2.51,2.81,67.27,1192.18
2026-04-11 01:00,HSM-M-06,83.6,2.96,2.66,67.08,1287.7
2026-04-11 02:00,HSM-M-06,85.48,3.11,2.81,67.16,1281.24
2026-04-11 03:00,HSM-M-06,91.32,2.8,2.96,69.45,1266.85
2026-04-11 04:00,HSM-M-06,92.73,3.13,3.12,67.82,1357.33
2026-04-11 05:00,HSM-M-06,92.09,2.95,2.92,68.84,1274.99
2026-04-11 06:00,HSM-M-06,88.45,3.13,3.17,68.12,1341.04
2026-04-11 07:00,HSM-M-06,93.27,3.59,3.24,69.67,1385.3
2026-04-11 08:00,HSM-M-06,87.36,3.28,3.49,67.36,1325.59
2026-04-11 09:00,HSM-M-06,94.32,3.11,2.78,70.41,1284.88
2026-04-11 10:00,HSM-M-06,90.39,3.2,2.76,69.04,1256.82
2026-04-11 11:00,HSM-M-06,87.6,3.03,2.93,60.87,1255.99
2026-04-11 12:00,HSM-M-06,86.08,2.55,2.59,66.12,1185.3
2026-04-11 13:00,HSM-M-06,79.61,2.42,2.66,66.2,1196.7
2026-04-11 14:00,HSM-M-06,79.8,2.71,2.51,64.61,1199.67
2026-04-11 15:00,HSM-M-06,79.56,2.33,2.39,59.48,1176.22
2026-04-11 16:00,HSM-M-06,78.88,2.63,2.44,61.96,1103.11
2026-04-11 17:00,HSM-M-06,79.51,2.34,2.43,63.23,1097.21
2026-04-11 18:00,HSM-M-06,76.27,2.31,2.48,61.57,1103.63
2026-04-11 19:00,HSM-M-06,77.77,2.15,2.29,59.09,1120.52
2026-04-11 20:00,HSM-M-06,79.13,2.35,2.38,62.57,1082.52
2026-04-11 21:00,HSM-M-06,80.92,2.34,2.51,59.31,1115.04
2026-04-11 22:00,HSM-M-06,83.39,2.67,2.48,60.82,1171.9
2026-04-11 23:00,HSM-M-06,83.48,2.88,2.52,65.03,1134.46
2026-04-12 00:00,HSM-M-06,84.45,2.59,2.8,61.5,1254.99
2026-04-12 01:00,HSM-M-06,87.21,2.69,2.75,63.51,1250.55
2026-04-12 02:00,HSM-M-06,87.67,2.87,2.92,66.01,1285.23
2026-04-12 03:00,HSM-M-06,82.25,2.91,2.68,69.98,1283.2
2026-04-12 04:00,HSM-M-06,93.32,3.17,3.01,69.62,1278.17
2026-04-12 05:00,HSM-M-06,88.19,3.12,3.5,71.51,1285.98
2026-04-12 06:00,HSM-M-06,96.04,3.17,3.06,68.65,1290.14
2026-04-12 07:00,HSM-M-06,88.21,3.13,2.95,68.38,1263.27
2026-04-12 08:00,HSM-M-06,91.23,3.21,2.81,71.07,1243.18
2026-04-12 09:00,HSM-M-06,92.0,3.07,2.9,68.78,1368.43
2026-04-12 10:00,HSM-M-06,91.05,2.98,3.17,70.1,1246.12
2026-04-12 11:00,HSM-M-06,81.7,2.68,2.89,70.52,1139.31
2026-04-12 12:00,HSM-M-06,79.81,2.82,2.54,65.99,1238.04
2026-04-12 13:00,HSM-M-06,80.37,2.7,2.59,61.16,1237.01
2026-04-12 14:00,HSM-M-06,79.47,2.7,2.93,62.78,1069.17
2026-04-12 15:00,HSM-M-06,80.08,2.69,2.8,63.24,1137.83
2026-04-12 16:00,HSM-M-06,80.15,2.37,2.14,58.45,1101.27
2026-04-12 17:00,HSM-M-06,78.27,2.2,2.5,64.29,1062.96
2026-04-12 18:00,HSM-M-06,79.39,2.54,2.13,56.6,1120.58
2026-04-12 19:00,HSM-M-06,77.53,2.21,2.47,60.69,1126.5
2026-04-12 20:00,HSM-M-06,82.98,2.53,2.14,60.05,1110.3
2026-04-12 21:00,HSM-M-06,81.61,2.22,2.23,58.86,1102.89
2026-04-12 22:00,HSM-M-06,84.02,2.44,2.43,61.7,1198.0
2026-04-12 23:00,HSM-M-06,84.39,2.54,2.85,63.21,1168.04
2026-04-13 00:00,HSM-M-06,89.08,2.77,2.66,63.1,1189.99
2026-04-13 01:00,HSM-M-06,87.29,3.04,2.59,67.4,1309.47
2026-04-13 02:00,HSM-M-06,87.6,2.92,3.19,70.51,1233.98
2026-04-13 03:00,HSM-M-06,93.19,2.97,3.06,67.29,1278.23
2026-04-13 04:00,HSM-M-06,92.81,3.16,3.16,67.94,1271.72
2026-04-13 05:00,HSM-M-06,90.86,3.09,3.37,72.61,1250.17
2026-04-13 06:00,HSM-M-06,87.6,3.04,3.32,68.71,1197.85
2026-04-13 07:00,HSM-M-06,90.82,3.2,3.48,70.46,1326.95
2026-04-13 08:00,HSM-M-06,89.78,3.18,3.03,70.69,1320.33
2026-04-13 09:00,HSM-M-06,87.01,3.09,3.14,70.93,1303.69
2026-04-13 10:00,HSM-M-06,91.8,3.06,2.69,66.55,1208.84
2026-04-13 11:00,HSM-M-06,86.16,2.83,3.27,71.19,1270.47
2026-04-13 12:00,HSM-M-06,84.94,2.78,2.9,63.22,1239.35
2026-04-13 13:00,HSM-M-06,82.42,2.83,2.62,62.78,1156.25
2026-04-13 14:00,HSM-M-06,77.05,2.53,2.94,64.07,1149.03
2026-04-13 15:00,HSM-M-06,83.34,2.39,2.43,60.54,1142.95
2026-04-13 16:00,HSM-M-06,83.91,2.42,2.32,56.92,1109.76
2026-04-13 17:00,HSM-M-06,79.15,2.24,2.21,57.33,1045.69
2026-04-13 18:00,HSM-M-06,75.58,2.58,2.55,63.21,1113.04
2026-04-13 19:00,HSM-M-06,74.7,2.36,2.48,57.73,1131.43
2026-04-13 20:00,HSM-M-06,81.28,2.23,2.85,62.65,1039.74
2026-04-13 21:00,HSM-M-06,86.14,2.2,2.22,63.19,1083.34
2026-04-13 22:00,HSM-M-06,81.0,2.36,2.16,62.9,1166.75
2026-04-13 23:00,HSM-M-06,87.78,2.23,2.43,59.75,1128.24
2026-04-14 00:00,HSM-M-06,84.29,2.88,2.4,65.98,1206.46
2026-04-14 01:00,HSM-M-06,86.01,2.99,3.19,69.37,1260.99
2026-04-14 02:00,HSM-M-06,88.79,2.69,3.26,65.99,1270.51
2026-04-14 03:00,HSM-M-06,89.57,3.18,3.2,69.0,1224.74
2026-04-14 04:00,HSM-M-06,94.02,2.97,3.08,70.75,1272.61
2026-04-14 05:00,HSM-M-06,89.8,3.43,3.36,68.9,1286.29
2026-04-14 06:00,HSM-M-06,88.72,2.95,3.32,71.72,1320.12
2026-04-14 07:00,HSM-M-06,94.34,2.88,3.07,73.17,1274.11
2026-04-14 08:00,HSM-M-06,95.85,3.15,3.05,69.12,1277.45
2026-04-14 09:00,HSM-M-06,96.31,3.06,3.28,68.57,1264.27
2026-04-14 10:00,HSM-M-06,87.49,3.08,3.09,71.4,1218.8
2026-04-14 11:00,HSM-M-06,86.43,2.96,3.0,64.1,1319.4
2026-04-14 12:00,HSM-M-06,87.09,2.65,2.75,64.47,1180.38
2026-04-14 13:00,HSM-M-06,81.49,2.6,2.62,62.77,1088.89
2026-04-14 14:00,HSM-M-06,79.81,2.46,2.75,60.22,1115.74
2026-04-14 15:00,HSM-M-06,79.97,2.61,2.14,62.3,1135.07
2026-04-14 16:00,HSM-M-06,78.9,2.48,2.11,59.85,1125.54
2026-04-14 17:00,HSM-M-06,76.84,2.11,2.27,62.35,1117.38
2026-04-14 18:00,HSM-M-06,74.77,2.05,2.39,57.36,1096.91
2026-04-14 19:00,HSM-M-06,77.79,2.28,2.54,56.57,1094.49
2026-04-14 20:00,HSM-M-06,77.17,2.61,2.17,58.04,1138.6
2026-04-14 21:00,HSM-M-06,81.95,2.37,2.47,59.26,1098.65
2026-04-14 22:00,HSM-M-06,81.83,2.72,2.87,63.39,1118.33
2026-04-14 23:00,HSM-M-06,84.7,2.85,2.32,61.79,1205.52
2026-04-15 00:00,HSM-M-06,81.81,3.01,2.69,66.66,1209.67
2026-04-15 01:00,HSM-M-06,83.13,2.7,2.98,66.98,1186.05
2026-04-15 02:00,HSM-M-06,85.9,3.16,2.83,69.67,1264.09
2026-04-15 03:00,HSM-M-06,90.99,3.0,3.36,71.38,1333.5
2026-04-15 04:00,HSM-M-06,86.01,3.0,3.2,71.11,1333.69
2026-04-15 05:00,HSM-M-06,90.52,3.08,3.41,67.86,1289.98
2026-04-15 06:00,HSM-M-06,89.27,3.53,3.07,69.56,1307.23
2026-04-15 07:00,HSM-M-06,93.25,3.41,3.08,69.85,1269.82
2026-04-15 08:00,HSM-M-06,89.85,3.07,3.21,72.19,1300.49
2026-04-15 09:00,HSM-M-06,91.93,3.23,2.67,69.49,1256.25
2026-04-15 10:00,HSM-M-06,85.29,2.96,2.91,69.61,1284.15
2026-04-15 11:00,HSM-M-06,82.76,2.59,2.96,66.7,1280.97
2026-04-15 12:00,HSM-M-06,85.42,2.67,2.76,64.21,1174.63
2026-04-15 13:00,HSM-M-06,78.61,2.3,2.51,62.28,1215.49
2026-04-15 14:00,HSM-M-06,80.35,2.35,2.84,61.32,1139.32
2026-04-15 15:00,HSM-M-06,79.51,2.25,2.22,60.46,1072.26
2026-04-15 16:00,HSM-M-06,78.56,2.57,2.32,62.17,1130.87
2026-04-15 17:00,HSM-M-06,77.73,2.1,2.36,57.27,1135.35
2026-04-15 18:00,HSM-M-06,77.44,2.44,2.09,60.24,1122.9
2026-04-15 19:00,HSM-M-06,76.96,2.2,2.32,59.89,1125.47
2026-04-15 20:00,HSM-M-06,81.7,2.52,2.26,59.78,1092.87
2026-04-15 21:00,HSM-M-06,83.64,2.53,2.41,65.04,1184.41
2026-04-15 22:00,HSM-M-06,79.23,2.52,2.48,63.91,1188.5
2026-04-15 23:00,HSM-M-06,84.45,2.67,2.38,67.31,1196.54
2026-04-16 00:00,HSM-M-06,84.06,2.63,2.88,64.09,1130.21
2026-04-16 01:00,HSM-M-06,95.12,2.42,2.88,66.52,1219.17
2026-04-16 02:00,HSM-M-06,89.15,2.81,3.12,68.71,1231.86
2026-04-16 03:00,HSM-M-06,87.26,3.58,2.87,67.19,1307.28
2026-04-16 04:00,HSM-M-06,91.42,3.3,3.27,69.05,1283.78
2026-04-16 05:00,HSM-M-06,89.97,3.15,3.42,69.48,1296.29
2026-04-16 06:00,HSM-M-06,92.46,3.19,3.01,72.04,1281.39
2026-04-16 07:00,HSM-M-06,89.28,3.09,3.3,68.81,1321.76
2026-04-16 08:00,HSM-M-06,92.68,2.93,2.99,72.39,1210.46
2026-04-16 09:00,HSM-M-06,88.11,3.02,3.09,69.4,1252.85
2026-04-16 10:00,HSM-M-06,84.96,3.14,3.09,65.5,1221.0
2026-04-16 11:00,HSM-M-06,86.21,2.5,2.82,64.45,1259.44
2026-04-16 12:00,HSM-M-06,80.15,2.69,2.64,59.58,1195.0
2026-04-16 13:00,HSM-M-06,82.94,2.6,2.61,66.87,1143.36
2026-04-16 14:00,HSM-M-06,81.47,2.36,2.53,62.66,1154.65
2026-04-16 15:00,HSM-M-06,80.62,2.38,2.32,61.23,1109.22
2026-04-16 16:00,HSM-M-06,78.99,2.34,2.55,61.87,1114.98
2026-04-16 17:00,HSM-M-06,79.78,2.44,2.55,57.89,1147.45
2026-04-16 18:00,HSM-M-06,84.65,2.8,2.36,61.24,1024.38
2026-04-16 19:00,HSM-M-06,79.07,2.21,2.23,60.07,1130.62
2026-04-16 20:00,HSM-M-06,81.73,2.28,2.59,61.41,1111.5
2026-04-16 21:00,HSM-M-06,82.4,2.52,2.77,63.19,1187.1
2026-04-16 22:00,HSM-M-06,80.56,2.39,2.48,62.15,1168.41
2026-04-16 23:00,HSM-M-06,79.31,2.92,2.29,59.84,1141.64
2026-04-17 00:00,HSM-M-06,85.57,2.42,2.97,66.71,1168.46
2026-04-17 01:00,HSM-M-06,89.45,2.77,2.9,68.12,1240.1
2026-04-17 02:00,HSM-M-06,88.65,2.98,2.72,66.32,1267.05
2026-04-17 03:00,HSM-M-06,91.02,3.21,3.07,68.37,1332.63
2026-04-17 04:00,HSM-M-06,94.09,3.35,3.05,72.75,1225.45
2026-04-17 05:00,HSM-M-06,87.96,3.12,2.99,67.05,1327.26
2026-04-17 06:00,HSM-M-06,98.06,3.11,3.28,71.57,1282.05
2026-04-17 07:00,HSM-M-06,95.58,3.13,3.2,72.16,1344.5
2026-04-17 08:00,HSM-M-06,89.0,3.08,3.18,70.77,1258.19
2026-04-17 09:00,HSM-M-06,91.57,3.16,3.0,67.47,1242.82
2026-04-17 10:00,HSM-M-06,85.98,2.89,3.16,66.04,1258.12
2026-04-17 11:00,HSM-M-06,87.37,2.51,2.9,65.12,1274.34
2026-04-17 12:00,HSM-M-06,83.01,2.61,2.63,66.04,1240.47
2026-04-17 13:00,HSM-M-06,87.5,2.73,2.39,62.38,1149.81
2026-04-17 14:00,HSM-M-06,79.03,2.62,2.37,63.39,1124.79
2026-04-17 15:00,HSM-M-06,82.84,2.51,2.72,62.39,1139.16
2026-04-17 16:00,HSM-M-06,81.19,2.43,2.39,57.57,1076.03
2026-04-17 17:00,HSM-M-06,78.73,2.4,2.62,60.45,1078.93
2026-04-17 18:00,HSM-M-06,77.46,2.58,2.38,63.46,1083.43
2026-04-17 19:00,HSM-M-06,83.16,2.18,2.59,59.6,1149.56
2026-04-17 20:00,HSM-M-06,79.16,2.25,2.18,61.77,1132.32
2026-04-17 21:00,HSM-M-06,84.24,2.33,2.57,61.34,1139.83
2026-04-17 22:00,HSM-M-06,85.55,2.21,2.38,58.2,1094.83
2026-04-17 23:00,HSM-M-06,88.84,2.52,2.8,63.01,1144.35
2026-04-18 00:00,HSM-M-06,80.61,3.04,3.05,65.47,1261.37
2026-04-18 01:00,HSM-M-06,85.45,2.66,2.62,66.19,1203.05
2026-04-18 02:00,HSM-M-06,88.1,2.77,3.16,66.97,1213.68
2026-04-18 03:00,HSM-M-06,94.17,3.11,3.07,69.01,1264.67
2026-04-18 04:00,HSM-M-06,90.53,3.16,3.16,70.17,1320.32
2026-04-18 05:00,HSM-M-06,93.58,3.25,3.15,72.84,1338.36
2026-04-18 06:00,HSM-M-06,89.78,3.12,3.27,72.37,1315.47
2026-04-18 07:00,HSM-M-06,90.43,3.58,3.11,68.61,1312.22
2026-04-18 08:00,HSM-M-06,93.18,3.34,3.13,68.35,1284.22
2026-04-18 09:00,HSM-M-06,91.1,2.9,3.08,70.25,1278.69
2026-04-18 10:00,HSM-M-06,89.39,2.82,2.79,66.92,1180.75
2026-04-18 11:00,HSM-M-06,85.2,2.91,2.42,65.06,1174.38
2026-04-18 12:00,HSM-M-06,85.08,2.67,2.84,67.24,1233.97
2026-04-18 13:00,HSM-M-06,88.39,2.59,2.47,61.85,1234.61
2026-04-18 14:00,HSM-M-06,78.63,2.67,2.6,65.57,1172.62
2026-04-18 15:00,HSM-M-06,77.69,2.46,2.48,62.79,1104.06
2026-04-18 16:00,HSM-M-06,81.98,2.47,2.49,63.46,1140.34
2026-04-18 17:00,HSM-M-06,80.19,2.23,2.49,62.72,1099.55
2026-04-18 18:00,HSM-M-06,75.25,2.36,2.4,61.66,1159.72
2026-04-18 19:00,HSM-M-06,75.43,2.26,2.45,62.81,1099.24
2026-04-18 20:00,HSM-M-06,83.01,2.39,2.23,59.25,1100.76
2026-04-18 21:00,HSM-M-06,79.95,2.44,2.41,60.75,1088.89
2026-04-18 22:00,HSM-M-06,88.99,2.33,2.31,61.34,1159.94
2026-04-18 23:00,HSM-M-06,86.37,2.81,2.78,61.17,1107.78
2026-04-19 00:00,HSM-M-06,83.56,2.65,3.13,64.18,1161.55
2026-04-19 01:00,HSM-M-06,87.23,3.07,3.26,68.97,1256.79
2026-04-19 02:00,HSM-M-06,89.51,2.97,3.1,68.48,1161.7
2026-04-19 03:00,HSM-M-06,89.61,2.88,3.04,69.44,1359.22
2026-04-19 04:00,HSM-M-06,88.26,3.17,3.23,73.26,1332.92
2026-04-19 05:00,HSM-M-06,91.67,3.27,2.95,68.04,1319.84
2026-04-19 06:00,HSM-M-06,86.48,3.34,2.87,69.24,1315.82
2026-04-19 07:00,HSM-M-06,89.32,3.33,3.25,70.43,1289.38
2026-04-19 08:00,HSM-M-06,89.2,2.97,3.32,66.79,1267.96
2026-04-19 09:00,HSM-M-06,92.67,3.12,2.96,67.0,1244.12
2026-04-19 10:00,HSM-M-06,85.23,3.2,2.97,66.69,1226.98
2026-04-19 11:00,HSM-M-06,88.89,2.91,2.88,66.48,1238.8
2026-04-19 12:00,HSM-M-06,84.26,2.67,2.66,66.81,1147.23
2026-04-19 13:00,HSM-M-06,82.14,2.93,2.62,61.09,1157.81
2026-04-19 14:00,HSM-M-06,76.05,2.2,2.63,61.25,1149.13
2026-04-19 15:00,HSM-M-06,82.06,2.62,2.57,61.61,1105.28
2026-04-19 16:00,HSM-M-06,81.44,2.47,2.65,57.28,1075.01
2026-04-19 17:00,HSM-M-06,80.03,2.14,2.1,60.35,1018.49
2026-04-19 18:00,HSM-M-06,79.34,2.35,2.28,62.88,1144.54
2026-04-19 19:00,HSM-M-06,76.1,2.29,2.09,60.94,1117.07
2026-04-19 20:00,HSM-M-06,83.62,2.31,2.33,62.49,1147.87
2026-04-19 21:00,HSM-M-06,81.43,2.3,2.21,60.42,1088.64
2026-04-19 22:00,HSM-M-06,81.66,2.63,2.39,61.29,1157.97
2026-04-19 23:00,HSM-M-06,85.92,2.74,2.69,64.27,1142.04
2026-04-20 00:00,HSM-M-06,87.53,2.95,2.65,62.12,1198.39
2026-04-20 01:00,HSM-M-06,85.05,2.74,3.06,66.24,1219.47
2026-04-20 02:00,HSM-M-06,87.66,3.1,2.9,67.31,1238.34
2026-04-20 03:00,HSM-M-06,92.86,3.23,3.26,71.33,1243.99
2026-04-20 04:00,HSM-M-06,92.4,2.84,2.92,71.03,1286.84
2026-04-20 05:00,HSM-M-06,89.43,3.29,2.76,66.24,1329.0
2026-04-20 06:00,HSM-M-06,92.38,3.2,3.14,69.26,1340.26
2026-04-20 07:00,HSM-M-06,94.61,3.19,3.0,73.65,1263.99
2026-04-20 08:00,HSM-M-06,90.98,2.92,2.97,67.91,1315.53
2026-04-20 09:00,HSM-M-06,92.32,3.19,2.86,70.66,1274.82
2026-04-20 10:00,HSM-M-06,88.22,3.32,3.23,69.74,1243.33
2026-04-20 11:00,HSM-M-06,87.53,2.61,2.91,66.49,1268.77
2026-04-20 12:00,HSM-M-06,88.19,3.0,2.85,64.1,1198.1
2026-04-20 13:00,HSM-M-06,83.3,2.52,2.73,62.35,1138.25
2026-04-20 14:00,HSM-M-06,79.59,2.55,2.24,63.34,1155.43
2026-04-20 15:00,HSM-M-06,81.59,2.61,2.64,60.81,1155.84
2026-04-20 16:00,HSM-M-06,81.24,2.39,2.48,59.34,1047.95
2026-04-20 17:00,HSM-M-06,82.67,2.16,2.42,60.13,1189.46
2026-04-20 18:00,HSM-M-06,80.73,2.67,2.39,60.39,1134.75
2026-04-20 19:00,HSM-M-06,80.37,2.35,2.47,56.75,1086.11
2026-04-20 20:00,HSM-M-06,79.15,2.46,2.31,59.57,1057.42
2026-04-20 21:00,HSM-M-06,84.4,2.8,2.48,56.38,1039.67
2026-04-20 22:00,HSM-M-06,79.59,2.33,2.45,64.9,1150.76
2026-04-20 23:00,HSM-M-06,85.73,2.52,2.75,65.69,1125.37
2026-04-21 00:00,HSM-M-06,84.02,2.78,2.6,66.21,1222.02
2026-04-21 01:00,HSM-M-06,85.71,3.21,3.06,65.72,1248.61
2026-04-21 02:00,HSM-M-06,88.17,2.87,3.07,68.86,1257.22
2026-04-21 03:00,HSM-M-06,91.52,2.91,2.82,69.74,1222.58
2026-04-21 04:00,HSM-M-06,90.66,2.9,3.07,66.71,1196.94
2026-04-21 05:00,HSM-M-06,94.78,2.96,3.23,71.24,1296.33
2026-04-21 06:00,HSM-M-06,92.91,3.42,2.7,70.13,1296.52
2026-04-21 07:00,HSM-M-06,91.22,3.1,3.2,70.85,1354.52
2026-04-21 08:00,HSM-M-06,91.23,2.89,3.11,69.85,1246.62
2026-04-21 09:00,HSM-M-06,95.95,3.04,3.06,72.5,1243.01
2026-04-21 10:00,HSM-M-06,90.64,2.98,3.12,69.71,1306.07
2026-04-21 11:00,HSM-M-06,85.69,2.74,2.81,68.29,1181.01
2026-04-21 12:00,HSM-M-06,89.3,3.05,2.67,64.03,1284.11
2026-04-21 13:00,HSM-M-06,80.85,2.84,2.99,63.55,1148.54
2026-04-21 14:00,HSM-M-06,86.13,2.23,2.52,64.23,1141.38
2026-04-21 15:00,HSM-M-06,83.0,2.22,2.56,61.77,1074.65
2026-04-21 16:00,HSM-M-06,76.24,2.48,2.18,62.47,1148.84
2026-04-21 17:00,HSM-M-06,77.87,2.05,2.3,63.69,1105.52
2026-04-21 18:00,HSM-M-06,78.13,2.2,2.48,62.05,1033.18
2026-04-21 19:00,HSM-M-06,77.28,2.24,1.91,61.6,1033.73
2026-04-21 20:00,HSM-M-06,83.17,2.37,2.07,62.65,1150.97
2026-04-21 21:00,HSM-M-06,82.8,2.75,2.59,61.28,1146.68
2026-04-21 22:00,HSM-M-06,80.65,2.51,2.52,60.64,1253.33
2026-04-21 23:00,HSM-M-06,81.32,2.62,2.33,61.16,1159.44
2026-04-22 00:00,HSM-M-06,83.23,2.99,2.49,67.21,1174.62
2026-04-22 01:00,HSM-M-06,86.46,2.98,3.04,63.41,1200.39
2026-04-22 02:00,HSM-M-06,92.03,3.1,2.97,64.92,1238.87
2026-04-22 03:00,HSM-M-06,90.07,3.28,2.96,67.59,1252.86
2026-04-22 04:00,HSM-M-06,89.7,2.7,2.9,70.14,1326.81
2026-04-22 05:00,HSM-M-06,89.47,3.19,3.12,68.65,1285.73
2026-04-22 06:00,HSM-M-06,93.26,2.86,3.24,73.22,1362.83
2026-04-22 07:00,HSM-M-06,89.92,3.36,2.77,69.75,1280.51
2026-04-22 08:00,HSM-M-06,93.09,3.19,3.46,69.92,1305.38
2026-04-22 09:00,HSM-M-06,90.82,2.74,3.0,66.84,1310.38
2026-04-22 10:00,HSM-M-06,85.67,3.28,3.19,69.25,1230.66
2026-04-22 11:00,HSM-M-06,85.82,3.05,2.81,66.66,1235.65
2026-04-22 12:00,HSM-M-06,85.68,2.91,2.63,64.53,1150.82
2026-04-22 13:00,HSM-M-06,81.78,2.58,2.7,64.79,1194.45
2026-04-22 14:00,HSM-M-06,82.19,2.29,2.24,62.56,1176.14
2026-04-22 15:00,HSM-M-06,79.67,2.53,2.27,62.86,1171.59
2026-04-22 16:00,HSM-M-06,72.73,2.47,2.67,59.35,1113.53
2026-04-22 17:00,HSM-M-06,79.27,2.19,2.28,62.52,1153.5
2026-04-22 18:00,HSM-M-06,80.3,2.04,2.39,58.47,1079.52
2026-04-22 19:00,HSM-M-06,82.55,2.38,2.16,58.88,1110.09
2026-04-22 20:00,HSM-M-06,80.75,2.31,2.58,61.03,1091.48
2026-04-22 21:00,HSM-M-06,84.08,2.58,2.23,62.47,1077.88
2026-04-22 22:00,HSM-M-06,84.0,2.68,2.48,62.74,1176.5
2026-04-22 23:00,HSM-M-06,80.88,2.66,2.65,65.3,1175.06
2026-04-23 00:00,HSM-M-06,86.55,2.69,2.86,66.13,1254.0
2026-04-23 01:00,HSM-M-06,88.59,3.26,3.22,65.43,1171.94
2026-04-23 02:00,HSM-M-06,86.53,2.9,3.05,70.14,1395.62
2026-04-23 03:00,HSM-M-06,89.17,3.06,2.92,69.17,1267.39
2026-04-23 04:00,HSM-M-06,90.04,3.26,3.26,67.79,1311.11
2026-04-23 05:00,HSM-M-06,88.07,2.84,3.02,70.91,1291.73
2026-04-23 06:00,HSM-M-06,84.46,3.13,3.01,67.26,1353.55
2026-04-23 07:00,HSM-M-06,93.86,3.32,3.26,70.53,1355.67
2026-04-23 08:00,HSM-M-06,89.1,3.19,3.23,67.21,1251.26
2026-04-23 09:00,HSM-M-06,89.05,3.34,2.74,67.35,1235.78
2026-04-23 10:00,HSM-M-06,90.12,3.12,2.98,67.82,1278.46
2026-04-23 11:00,HSM-M-06,85.33,2.83,2.72,68.5,1236.54
2026-04-23 12:00,HSM-M-06,86.39,2.7,2.85,63.56,1192.91
2026-04-23 13:00,HSM-M-06,87.34,2.92,2.93,64.1,1147.77
2026-04-23 14:00,HSM-M-06,79.23,2.79,2.55,64.82,1214.19
2026-04-23 15:00,HSM-M-06,82.57,2.18,2.6,61.09,1171.29
2026-04-23 16:00,HSM-M-06,80.47,2.25,2.05,61.16,1155.46
2026-04-23 17:00,HSM-M-06,83.79,2.68,2.46,60.85,1020.93
2026-04-23 18:00,HSM-M-06,80.53,2.09,2.51,59.1,1149.95
2026-04-23 19:00,HSM-M-06,75.15,2.5,2.12,61.51,1060.51
2026-04-23 20:00,HSM-M-06,74.1,2.31,2.4,60.08,1110.71
2026-04-23 21:00,HSM-M-06,81.33,2.54,2.71,61.46,1165.61
2026-04-23 22:00,HSM-M-06,83.35,2.08,2.32,62.36,1219.79
2026-04-23 23:00,HSM-M-06,83.79,2.85,2.59,65.5,1124.17
2026-04-24 00:00,HSM-M-06,84.07,2.86,2.93,66.15,1190.61
2026-04-24 01:00,HSM-M-06,87.15,2.69,2.91,64.36,1203.65
2026-04-24 02:00,HSM-M-06,90.65,2.83,2.94,69.72,1259.51
2026-04-24 03:00,HSM-M-06,85.04,3.27,3.0,69.34,1249.54
2026-04-24 04:00,HSM-M-06,92.14,3.09,2.75,69.37,1285.95
2026-04-24 05:00,HSM-M-06,88.72,3.39,3.31,70.09,1233.28
2026-04-24 06:00,HSM-M-06,83.64,3.27,3.41,69.84,1319.24
2026-04-24 07:00,HSM-M-06,93.8,3.29,3.13,68.95,1237.29
2026-04-24 08:00,HSM-M-06,91.23,3.04,2.89,66.48,1303.09
2026-04-24 09:00,HSM-M-06,87.57,3.07,3.2,67.98,1308.34
2026-04-24 10:00,HSM-M-06,84.7,3.02,2.88,70.92,1223.89
2026-04-24 11:00,HSM-M-06,85.94,2.57,2.7,66.71,1226.7
2026-04-24 12:00,HSM-M-06,87.3,2.85,2.47,64.47,1204.82
2026-04-24 13:00,HSM-M-06,85.37,2.77,2.64,63.07,1162.4
2026-04-24 14:00,HSM-M-06,84.89,2.66,2.57,64.61,1119.52
2026-04-24 15:00,HSM-M-06,82.18,2.27,2.47,63.26,1112.37
2026-04-24 16:00,HSM-M-06,79.06,2.15,2.35,62.72,1127.63
2026-04-24 17:00,HSM-M-06,75.98,2.59,2.16,64.73,1088.29
2026-04-24 18:00,HSM-M-06,77.46,2.3,2.23,62.27,1107.67
2026-04-24 19:00,HSM-M-06,78.13,2.46,2.43,59.31,1117.05
2026-04-24 20:00,HSM-M-06,79.96,2.24,2.37,62.45,1040.88
2026-04-24 21:00,HSM-M-06,82.38,2.33,2.71,63.15,1191.54
2026-04-24 22:00,HSM-M-06,82.36,2.35,2.68,67.39,1185.98
2026-04-24 23:00,HSM-M-06,86.59,2.48,2.55,68.71,1141.82
2026-04-25 00:00,HSM-M-06,80.13,2.55,2.94,64.33,1175.69
2026-04-25 01:00,HSM-M-06,81.86,3.09,2.97,66.92,1231.08
2026-04-25 02:00,HSM-M-06,88.96,2.79,3.15,63.46,1251.95
2026-04-25 03:00,HSM-M-06,92.1,3.24,3.19,66.88,1309.3
2026-04-25 04:00,HSM-M-06,90.91,3.29,3.39,68.16,1338.22
2026-04-25 05:00,HSM-M-06,89.33,3.22,3.03,73.71,1316.18
2026-04-25 06:00,HSM-M-06,89.41,3.33,3.33,66.8,1317.17
2026-04-25 07:00,HSM-M-06,89.13,3.34,3.13,71.18,1278.75
2026-04-25 08:00,HSM-M-06,89.49,2.99,2.98,70.74,1251.47
2026-04-25 09:00,HSM-M-06,93.12,3.5,2.9,69.02,1250.94
2026-04-25 10:00,HSM-M-06,88.56,2.96,2.72,67.09,1230.2
2026-04-25 11:00,HSM-M-06,83.34,2.88,2.75,64.89,1256.95
2026-04-25 12:00,HSM-M-06,81.91,2.52,2.87,61.08,1226.35
2026-04-25 13:00,HSM-M-06,87.02,2.55,2.77,62.08,1191.78
2026-04-25 14:00,HSM-M-06,80.54,2.15,2.66,62.39,1107.18
2026-04-25 15:00,HSM-M-06,84.4,2.5,2.24,61.43,1141.71
2026-04-25 16:00,HSM-M-06,78.67,2.36,2.1,62.09,1095.98
2026-04-25 17:00,HSM-M-06,76.15,2.61,2.25,60.74,1078.89
2026-04-25 18:00,HSM-M-06,80.17,2.28,2.11,58.22,1061.32
2026-04-25 19:00,HSM-M-06,79.02,2.57,2.59,60.11,1100.36
2026-04-25 20:00,HSM-M-06,79.17,2.25,2.18,59.38,1123.96
2026-04-25 21:00,HSM-M-06,83.74,2.43,2.49,57.81,1133.9
2026-04-25 22:00,HSM-M-06,79.09,2.64,2.73,58.61,1117.32
2026-04-25 23:00,HSM-M-06,80.32,3.0,2.67,65.46,1183.7
2026-04-26 00:00,HSM-M-06,84.96,2.75,2.85,63.11,1140.38
2026-04-26 01:00,HSM-M-06,86.89,2.96,2.65,64.19,1190.68
2026-04-26 02:00,HSM-M-06,91.6,3.27,2.95,64.94,1246.52
2026-04-26 03:00,HSM-M-06,91.04,3.01,3.02,66.37,1241.32
2026-04-26 04:00,HSM-M-06,93.67,3.32,3.15,67.26,1279.58
2026-04-26 05:00,HSM-M-06,95.2,3.21,3.26,65.66,1246.03
2026-04-26 06:00,HSM-M-06,94.66,3.32,3.04,71.4,1381.46
2026-04-26 07:00,HSM-M-06,89.96,2.91,3.25,68.71,1345.68
2026-04-26 08:00,HSM-M-06,89.61,2.87,3.02,64.85,1301.28
2026-04-26 09:00,HSM-M-06,85.71,2.94,2.94,68.19,1320.1
2026-04-26 10:00,HSM-M-06,83.83,2.71,2.9,67.26,1238.23
2026-04-26 11:00,HSM-M-06,85.77,2.96,2.98,67.41,1263.06
2026-04-26 12:00,HSM-M-06,85.3,2.71,2.96,65.59,1235.86
2026-04-26 13:00,HSM-M-06,83.02,2.56,2.77,64.58,1202.71
2026-04-26 14:00,HSM-M-06,82.33,2.47,2.52,58.92,1148.34
2026-04-26 15:00,HSM-M-06,76.59,2.19,2.38,63.32,1107.2
2026-04-26 16:00,HSM-M-06,83.43,2.3,2.42,59.97,1128.26
2026-04-26 17:00,HSM-M-06,78.17,2.14,2.23,64.34,1137.76
2026-04-26 18:00,HSM-M-06,79.29,2.25,2.34,59.7,1104.42
2026-04-26 19:00,HSM-M-06,83.71,2.45,2.04,61.04,1081.97
2026-04-26 20:00,HSM-M-06,83.71,2.34,2.09,59.7,1189.4
2026-04-26 21:00,HSM-M-06,83.01,2.61,2.46,60.53,1174.95
2026-04-26 22:00,HSM-M-06,81.24,2.42,2.41,64.18,1150.45
2026-04-26 23:00,HSM-M-06,81.64,2.53,2.47,63.79,1186.46
2026-04-27 00:00,HSM-M-06,84.8,2.73,2.65,68.25,1178.55
2026-04-27 01:00,HSM-M-06,90.01,2.78,3.23,67.52,1220.28
2026-04-27 02:00,HSM-M-06,91.95,3.08,3.32,67.12,1222.15
2026-04-27 03:00,HSM-M-06,88.25,2.88,2.93,70.32,1297.22
2026-04-27 04:00,HSM-M-06,90.09,3.02,3.17,67.11,1334.08
2026-04-27 05:00,HSM-M-06,89.68,3.49,3.34,67.25,1271.85
2026-04-27 06:00,HSM-M-06,94.82,3.14,3.3,68.04,1327.54
2026-04-27 07:00,HSM-M-06,85.58,3.14,3.36,70.19,1299.86
2026-04-27 08:00,HSM-M-06,89.29,3.09,3.13,67.94,1308.4
2026-04-27 09:00,HSM-M-06,87.27,3.21,3.03,68.16,1250.69
2026-04-27 10:00,HSM-M-06,95.83,3.17,2.94,67.13,1213.62
2026-04-27 11:00,HSM-M-06,86.23,2.88,2.52,68.1,1219.9
2026-04-27 12:00,HSM-M-06,89.47,2.8,2.76,63.33,1237.73
2026-04-27 13:00,HSM-M-06,84.56,2.8,2.39,63.46,1163.61
2026-04-27 14:00,HSM-M-06,85.24,2.38,2.69,61.07,1084.15
2026-04-27 15:00,HSM-M-06,82.4,2.53,2.38,62.59,1166.82
2026-04-27 16:00,HSM-M-06,78.07,2.34,2.48,60.01,1102.64
2026-04-27 17:00,HSM-M-06,76.87,2.24,2.35,60.5,1148.54
2026-04-27 18:00,HSM-M-06,75.54,2.49,2.57,59.38,1123.8
2026-04-27 19:00,HSM-M-06,82.39,2.4,2.69,59.15,1213.68
2026-04-27 20:00,HSM-M-06,81.1,2.65,2.4,62.89,1192.44
2026-04-27 21:00,HSM-M-06,78.0,2.27,2.54,65.62,1086.25
2026-04-27 22:00,HSM-M-06,79.48,2.67,2.56,63.73,1200.37
2026-04-27 23:00,HSM-M-06,86.22,2.53,2.63,62.19,1132.65
2026-04-28 00:00,HSM-M-06,81.84,2.74,2.95,65.51,1149.06
2026-04-28 01:00,HSM-M-06,90.52,3.04,2.79,65.28,1256.03
2026-04-28 02:00,HSM-M-06,88.12,2.75,2.85,68.54,1302.54
2026-04-28 03:00,HSM-M-06,91.44,3.1,3.15,67.11,1257.73
2026-04-28 04:00,HSM-M-06,89.14,3.11,2.98,66.9,1303.33
2026-04-28 05:00,HSM-M-06,90.72,3.11,3.26,64.44,1282.02
2026-04-28 06:00,HSM-M-06,91.56,3.27,3.0,69.28,1275.7
2026-04-28 07:00,HSM-M-06,92.24,3.07,3.07,67.71,1279.85
2026-04-28 08:00,HSM-M-06,88.31,3.14,3.41,68.07,1235.95
2026-04-28 09:00,HSM-M-06,87.57,3.47,3.27,69.28,1272.42
2026-04-28 10:00,HSM-M-06,83.36,2.89,3.4,67.43,1269.91
2026-04-28 11:00,HSM-M-06,89.22,2.7,2.79,68.23,1239.74
2026-04-28 12:00,HSM-M-06,80.69,2.67,2.66,63.12,1192.8
2026-04-28 13:00,HSM-M-06,81.39,3.01,2.43,62.2,1228.63
2026-04-28 14:00,HSM-M-06,79.42,2.24,2.08,63.46,1131.66
2026-04-28 15:00,HSM-M-06,81.38,2.55,2.49,61.71,1093.79
2026-04-28 16:00,HSM-M-06,77.09,2.34,2.34,61.56,1115.71
2026-04-28 17:00,HSM-M-06,80.29,2.31,2.39,62.16,1054.42
2026-04-28 18:00,HSM-M-06,81.19,2.48,2.19,58.21,1163.62
2026-04-28 19:00,HSM-M-06,80.17,2.3,2.07,57.01,1134.51
2026-04-28 20:00,HSM-M-06,81.27,2.31,2.54,57.58,1117.26
2026-04-28 21:00,HSM-M-06,79.44,2.74,2.47,60.6,1153.09
2026-04-28 22:00,HSM-M-06,81.28,2.56,2.85,62.4,1118.83
2026-04-28 23:00,HSM-M-06,86.69,2.73,2.79,64.65,1184.19
2026-04-29 00:00,HSM-M-06,91.26,2.74,2.68,65.82,1164.38
2026-04-29 01:00,HSM-M-06,83.2,2.73,3.02,62.9,1246.86
2026-04-29 02:00,HSM-M-06,93.25,2.81,3.13,69.15,1310.8
2026-04-29 03:00,HSM-M-06,93.99,3.19,3.34,67.53,1275.44
2026-04-29 04:00,HSM-M-06,90.64,3.2,3.22,69.67,1285.49
2026-04-29 05:00,HSM-M-06,87.65,3.44,3.26,71.34,1291.89
2026-04-29 06:00,HSM-M-06,93.4,3.16,3.29,68.5,1287.95
2026-04-29 07:00,HSM-M-06,89.31,3.13,3.06,68.49,1285.91
2026-04-29 08:00,HSM-M-06,89.15,3.06,3.4,69.22,1351.43
2026-04-29 09:00,HSM-M-06,91.21,2.94,2.92,65.72,1239.63
2026-04-29 10:00,HSM-M-06,87.89,3.18,2.84,69.36,1281.78
2026-04-29 11:00,HSM-M-06,86.74,2.6,2.67,65.2,1226.26
2026-04-29 12:00,HSM-M-06,87.73,2.73,2.69,66.46,1188.76
2026-04-29 13:00,HSM-M-06,84.57,2.83,2.79,60.97,1185.92
2026-04-29 14:00,HSM-M-06,81.75,2.68,2.66,60.52,1121.21
2026-04-29 15:00,HSM-M-06,83.13,2.41,2.41,63.34,1144.46
2026-04-29 16:00,HSM-M-06,80.85,2.16,2.26,60.94,1152.5
2026-04-29 17:00,HSM-M-06,79.84,2.49,2.24,55.38,1168.16
2026-04-29 18:00,HSM-M-06,75.67,2.31,2.11,58.97,1113.9
2026-04-29 19:00,HSM-M-06,80.73,2.34,2.15,61.61,1095.78
2026-04-29 20:00,HSM-M-06,81.51,2.54,2.35,61.75,1160.86
2026-04-29 21:00,HSM-M-06,79.16,2.51,2.57,61.53,1181.03
2026-04-29 22:00,HSM-M-06,84.77,2.59,2.49,61.48,1247.69
2026-04-29 23:00,HSM-M-06,84.87,2.87,2.75,66.58,1169.68
2026-04-30 00:00,HSM-M-06,83.99,2.75,2.64,66.08,1165.35
2026-04-30 01:00,HSM-M-06,90.89,2.81,2.61,67.03,1250.79
2026-04-30 02:00,HSM-M-06,92.38,2.98,3.09,65.81,1234.13
2026-04-30 03:00,HSM-M-06,89.57,3.11,3.08,70.85,1362.87
2026-04-30 04:00,HSM-M-06,87.83,3.21,3.05,73.28,1253.76
2026-04-30 05:00,HSM-M-06,90.91,3.28,3.34,69.73,1345.84
2026-04-30 06:00,HSM-M-06,83.82,3.46,3.25,73.4,1349.23
2026-04-30 07:00,HSM-M-06,84.17,3.49,3.56,66.99,1280.2
2026-04-30 08:00,HSM-M-06,89.24,3.24,2.95,70.03,1309.15
2026-04-30 09:00,HSM-M-06,88.24,3.06,2.84,67.76,1266.91
2026-04-30 10:00,HSM-M-06,84.48,3.1,2.99,64.79,1211.86
2026-04-30 11:00,HSM-M-06,84.57,2.94,2.95,68.86,1194.0
2026-04-30 12:00,HSM-M-06,86.03,2.68,3.96,64.44,1180.04
2026-04-30 13:00,HSM-M-06,82.3,2.44,5.61,62.19,1165.61
2026-04-30 14:00,HSM-M-06,84.88,2.75,3.58,62.86,1186.26
2026-04-30 15:00,HSM-M-06,79.0,2.57,3.27,60.77,1056.89
2026-04-30 16:00,HSM-M-06,81.45,2.68,3.44,63.83,1104.89
2026-04-30 17:00,HSM-M-06,72.88,2.22,3.62,63.22,1149.59
2026-04-30 18:00,HSM-M-06,75.81,2.52,3.72,59.89,1114.56
2026-04-30 19:00,HSM-M-06,82.59,2.4,3.5,58.85,1162.04
2026-04-30 20:00,HSM-M-06,77.95,2.43,3.9,58.93,1094.26
2026-04-30 21:00,HSM-M-06,81.84,2.46,3.57,62.12,1163.77
2026-04-30 22:00,HSM-M-06,80.6,2.34,3.48,62.79,1134.67
2026-04-30 23:00,HSM-M-06,80.72,2.75,3.78,62.14,1149.6
2026-05-01 00:00,HSM-M-06,86.66,3.02,3.98,67.24,1241.06
2026-05-01 01:00,HSM-M-06,90.8,3.07,3.94,64.4,1242.38
2026-05-01 02:00,HSM-M-06,87.78,2.67,3.96,65.53,1209.46
2026-05-01 03:00,HSM-M-06,91.84,2.95,6.56,68.25,1214.54
2026-05-01 04:00,HSM-M-06,88.06,3.06,4.19,68.18,1316.2
2026-05-01 05:00,HSM-M-06,90.98,3.08,4.39,70.6,1299.19
2026-05-01 06:00,HSM-M-06,92.37,3.23,6.65,69.04,1303.5
2026-05-01 07:00,HSM-M-06,91.1,3.08,4.33,71.21,1306.54
2026-05-01 08:00,HSM-M-06,90.41,3.08,4.11,67.98,1299.27
2026-05-01 09:00,HSM-M-06,89.35,3.02,4.23,70.5,1289.47
2026-05-01 10:00,HSM-M-06,88.35,2.94,4.33,68.73,1246.19
2026-05-01 11:00,HSM-M-06,89.41,2.73,4.25,66.81,1139.79
2026-05-01 12:00,HSM-M-06,85.27,2.8,3.84,66.11,1143.87
2026-05-01 13:00,HSM-M-06,83.05,2.44,3.85,65.88,1184.9
2026-05-01 14:00,HSM-M-06,82.99,2.49,4.08,62.97,1169.42
2026-05-01 15:00,HSM-M-06,82.34,2.46,3.65,62.46,1123.11
2026-05-01 16:00,HSM-M-06,74.97,2.45,3.85,61.81,1162.7
2026-05-01 17:00,HSM-M-06,83.47,2.55,3.44,58.97,1083.98
2026-05-01 18:00,HSM-M-06,79.18,2.03,3.43,60.71,1070.88
2026-05-01 19:00,HSM-M-06,80.7,2.16,3.39,56.82,1144.94
2026-05-01 20:00,HSM-M-06,80.68,2.44,5.71,60.66,1118.83
2026-05-01 21:00,HSM-M-06,80.35,2.4,3.59,60.24,1138.34
2026-05-01 22:00,HSM-M-06,78.98,2.52,4.05,64.44,1159.83
2026-05-01 23:00,HSM-M-06,81.88,2.7,4.06,62.41,1131.4
2026-05-02 00:00,HSM-M-06,85.48,2.95,4.11,60.75,1284.87
2026-05-02 01:00,HSM-M-06,93.14,2.84,6.12,65.74,1242.69
2026-05-02 02:00,HSM-M-06,85.73,2.98,4.09,66.99,1304.54
2026-05-02 03:00,HSM-M-06,91.25,3.09,4.38,73.59,1331.61
2026-05-02 04:00,HSM-M-06,88.01,3.1,4.36,68.09,1288.57
2026-05-02 05:00,HSM-M-06,92.77,3.59,4.37,68.38,1281.18
2026-05-02 06:00,HSM-M-06,95.84,3.52,4.41,68.45,1315.64
2026-05-02 07:00,HSM-M-06,97.28,3.33,4.48,66.98,1287.29
2026-05-02 08:00,HSM-M-06,88.01,3.13,4.5,67.13,1279.46
2026-05-02 09:00,HSM-M-06,88.3,3.17,4.35,69.4,1290.42
2026-05-02 10:00,HSM-M-06,92.0,3.06,4.3,69.01,1245.28
2026-05-02 11:00,HSM-M-06,86.27,2.74,4.01,63.13,1223.27
2026-05-02 12:00,HSM-M-06,86.75,2.67,4.44,68.01,1214.9
2026-05-02 13:00,HSM-M-06,89.45,2.6,3.47,67.35,1206.06
2026-05-02 14:00,HSM-M-06,88.04,2.42,3.91,66.34,1162.09
2026-05-02 15:00,HSM-M-06,80.76,2.33,3.96,62.39,1056.8
2026-05-02 16:00,HSM-M-06,78.0,2.38,5.8,60.29,1135.52
2026-05-02 17:00,HSM-M-06,81.02,2.21,3.57,62.83,1029.66
2026-05-02 18:00,HSM-M-06,75.57,2.16,5.82,57.87,1131.85
2026-05-02 19:00,HSM-M-06,80.74,2.34,3.72,57.19,1156.53
2026-05-02 20:00,HSM-M-06,83.33,2.56,3.86,59.68,1154.36
2026-05-02 21:00,HSM-M-06,77.62,2.59,3.85,61.96,1179.74
2026-05-02 22:00,HSM-M-06,82.14,2.76,3.73,67.89,1182.16
2026-05-02 23:00,HSM-M-06,89.34,2.2,3.84,62.3,1144.35
2026-05-03 00:00,HSM-M-06,82.35,2.65,3.98,66.66,1166.43
2026-05-03 01:00,HSM-M-06,88.25,2.86,4.47,64.65,1204.55
2026-05-03 02:00,HSM-M-06,87.42,3.23,4.51,69.33,1188.46
2026-05-03 03:00,HSM-M-06,87.67,2.98,4.39,68.64,1257.47
2026-05-03 04:00,HSM-M-06,91.93,3.44,4.35,68.69,1293.1
2026-05-03 05:00,HSM-M-06,88.68,2.87,4.34,69.61,1314.09
2026-05-03 06:00,HSM-M-06,91.69,3.15,4.34,69.57,1252.96
2026-05-03 07:00,HSM-M-06,89.93,3.5,4.49,71.6,1271.93
2026-05-03 08:00,HSM-M-06,96.26,3.1,4.81,66.32,1293.48
2026-05-03 09:00,HSM-M-06,87.4,2.73,4.57,70.34,1358.4
2026-05-03 10:00,HSM-M-06,82.21,2.96,4.7,69.06,1293.29
2026-05-03 11:00,HSM-M-06,86.18,2.88,4.39,68.65,1317.74
2026-05-03 12:00,HSM-M-06,83.25,2.76,4.41,65.7,1218.88
2026-05-03 13:00,HSM-M-06,83.34,2.59,4.12,63.33,1172.76
2026-05-03 14:00,HSM-M-06,85.73,2.64,4.12,61.89,1180.55
2026-05-03 15:00,HSM-M-06,77.28,2.48,4.06,60.16,1113.04
2026-05-03 16:00,HSM-M-06,80.69,2.38,3.98,59.31,1098.55
2026-05-03 17:00,HSM-M-06,77.8,2.17,4.08,62.09,1067.29
2026-05-03 18:00,HSM-M-06,75.91,2.36,3.96,61.32,1076.01
2026-05-03 19:00,HSM-M-06,73.02,2.3,3.96,59.93,1013.65
2026-05-03 20:00,HSM-M-06,76.67,2.47,4.26,63.18,1112.46
2026-05-03 21:00,HSM-M-06,78.93,2.8,3.8,59.3,1145.46
2026-05-03 22:00,HSM-M-06,90.27,2.7,4.2,62.28,1146.98
2026-05-03 23:00,HSM-M-06,79.57,2.42,4.07,66.09,1178.6
2026-05-04 00:00,HSM-M-06,85.97,3.16,4.61,62.51,1154.36
2026-05-04 01:00,HSM-M-06,88.14,2.56,4.4,65.56,1221.76
2026-05-04 02:00,HSM-M-06,86.28,3.09,4.52,66.83,1203.78
2026-05-04 03:00,HSM-M-06,87.97,3.21,4.92,68.09,1273.42
2026-05-04 04:00,HSM-M-06,92.83,2.86,4.49,70.93,1348.7
2026-05-04 05:00,HSM-M-06,88.91,3.43,4.68,68.06,1271.82
2026-05-04 06:00,HSM-M-06,94.49,3.12,5.0,68.75,1274.67
2026-05-04 07:00,HSM-M-06,86.9,3.15,4.8,68.48,1355.68
2026-05-04 08:00,HSM-M-06,89.28,3.18,4.71,68.08,1301.54
2026-05-04 09:00,HSM-M-06,87.9,3.07,4.92,71.0,1303.42
2026-05-04 10:00,HSM-M-06,89.45,3.15,4.32,67.5,1195.64
2026-05-04 11:00,HSM-M-06,87.8,2.46,4.42,63.59,1263.8
2026-05-04 12:00,HSM-M-06,85.05,2.65,4.99,63.9,1219.95
2026-05-04 13:00,HSM-M-06,84.8,2.79,4.33,62.59,1126.13
2026-05-04 14:00,HSM-M-06,82.78,2.33,4.61,58.78,1165.38
2026-05-04 15:00,HSM-M-06,74.68,2.17,3.97,61.51,1055.58
2026-05-04 16:00,HSM-M-06,76.21,2.55,4.28,61.5,1117.39
2026-05-04 17:00,HSM-M-06,78.38,2.14,3.91,59.25,1052.38
2026-05-04 18:00,HSM-M-06,78.36,2.13,4.13,62.73,1098.37
2026-05-04 19:00,HSM-M-06,77.18,2.24,4.29,55.95,1107.62
2026-05-04 20:00,HSM-M-06,76.17,2.44,4.25,60.38,1093.97
2026-05-04 21:00,HSM-M-06,80.67,2.16,4.29,59.75,1123.09
2026-05-04 22:00,HSM-M-06,80.29,2.46,4.33,64.35,1148.0
2026-05-04 23:00,HSM-M-06,82.62,2.58,4.34,61.34,1123.09
2026-05-05 00:00,HSM-M-06,85.9,2.3,4.52,65.27,1230.44
2026-05-05 01:00,HSM-M-06,89.79,3.21,4.76,67.4,1194.26
2026-05-05 02:00,HSM-M-06,89.71,2.82,4.99,68.64,1229.93
2026-05-05 03:00,HSM-M-06,89.33,3.17,4.93,65.76,1224.77
2026-05-05 04:00,HSM-M-06,93.27,3.44,4.85,69.45,1214.14
2026-05-05 05:00,HSM-M-06,87.37,3.27,4.95,71.84,1327.71
2026-05-05 06:00,HSM-M-06,90.87,3.15,5.37,70.98,1338.31
2026-05-05 07:00,HSM-M-06,88.42,3.03,5.0,66.72,1303.48
2026-05-05 08:00,HSM-M-06,92.13,3.05,5.03,67.75,1386.93
2026-05-05 09:00,HSM-M-06,93.18,3.39,4.79,67.11,1315.58
2026-05-05 10:00,HSM-M-06,81.74,3.23,4.72,70.14,1227.8
2026-05-05 11:00,HSM-M-06,87.49,2.8,4.54,64.83,1243.89
2026-05-05 12:00,HSM-M-06,84.6,2.77,4.45,65.55,1230.99
2026-05-05 13:00,HSM-M-06,87.46,2.64,4.48,65.33,1194.09
2026-05-05 14:00,HSM-M-06,79.65,2.65,4.47,59.78,1181.26
2026-05-05 15:00,HSM-M-06,77.67,2.35,4.12,62.06,1104.74
2026-05-05 16:00,HSM-M-06,83.69,2.49,4.49,64.6,1142.94
2026-05-05 17:00,HSM-M-06,78.18,2.1,4.07,59.92,1110.74
2026-05-05 18:00,HSM-M-06,80.7,2.33,4.47,59.26,1088.77
2026-05-05 19:00,HSM-M-06,78.87,2.64,3.95,58.93,1085.1
2026-05-05 20:00,HSM-M-06,79.32,2.21,4.29,59.34,1122.5
2026-05-05 21:00,HSM-M-06,80.92,2.27,4.18,56.99,1171.91
2026-05-05 22:00,HSM-M-06,83.55,2.45,4.45,57.3,1140.98
2026-05-05 23:00,HSM-M-06,83.48,2.58,4.5,62.56,1143.83
2026-05-06 00:00,HSM-M-06,86.01,2.72,4.58,65.92,1197.78
2026-05-06 01:00,HSM-M-06,85.19,2.88,5.22,63.5,1349.14
2026-05-06 02:00,HSM-M-06,90.23,3.13,4.71,70.04,1329.24
2026-05-06 03:00,HSM-M-06,88.87,2.85,4.83,68.49,1248.76
2026-05-06 04:00,HSM-M-06,91.08,2.75,5.16,73.36,1333.04
2026-05-06 05:00,HSM-M-06,87.98,3.26,5.2,69.15,1276.34
2026-05-06 06:00,HSM-M-06,89.55,3.32,4.96,69.0,1278.37
2026-05-06 07:00,HSM-M-06,88.07,3.42,5.15,67.12,1306.12
2026-05-06 08:00,HSM-M-06,91.64,3.08,5.17,74.98,1333.09
2026-05-06 09:00,HSM-M-06,92.25,3.01,5.09,67.81,1290.11
2026-05-06 10:00,HSM-M-06,88.26,2.62,4.9,64.37,1231.83
2026-05-06 11:00,HSM-M-06,83.26,2.9,4.58,65.36,1177.02
2026-05-06 12:00,HSM-M-06,88.53,2.94,4.71,64.25,1153.19
2026-05-06 13:00,HSM-M-06,82.42,2.55,4.57,64.84,1197.82
2026-05-06 14:00,HSM-M-06,77.5,2.44,4.64,63.25,1122.47
2026-05-06 15:00,HSM-M-06,80.71,2.21,4.56,59.07,992.35
2026-05-06 16:00,HSM-M-06,77.66,2.16,4.47,59.9,1117.81
2026-05-06 17:00,HSM-M-06,80.3,2.39,4.44,56.3,1126.96
2026-05-06 18:00,HSM-M-06,78.36,2.14,4.35,58.83,1059.09
2026-05-06 19:00,HSM-M-06,88.06,2.61,4.25,57.97,1091.67
2026-05-06 20:00,HSM-M-06,78.04,2.28,4.16,61.33,1101.23
2026-05-06 21:00,HSM-M-06,82.43,2.58,4.57,61.21,1120.19
2026-05-06 22:00,HSM-M-06,81.3,2.43,4.53,63.51,1173.35
2026-05-06 23:00,HSM-M-06,84.9,2.61,4.92,63.56,1154.22
2026-05-07 00:00,HSM-M-06,87.28,2.7,5.08,63.37,1163.47
2026-05-07 01:00,HSM-M-06,84.88,2.98,4.88,65.32,1220.37
2026-05-07 02:00,HSM-M-06,86.93,3.14,5.22,66.39,1245.72
2026-05-07 03:00,HSM-M-06,88.28,2.96,7.3,69.81,1341.92
2026-05-07 04:00,HSM-M-06,89.2,3.16,5.12,68.26,1311.2
2026-05-07 05:00,HSM-M-06,93.64,3.09,5.24,70.97,1339.27
2026-05-07 06:00,HSM-M-06,91.53,2.7,5.32,71.76,1308.68
2026-05-07 07:00,HSM-M-06,91.64,3.51,5.26,72.08,1302.65
2026-05-07 08:00,HSM-M-06,90.18,3.13,4.89,69.29,1359.64
2026-05-07 09:00,HSM-M-06,90.47,2.91,7.49,67.76,1219.33
2026-05-07 10:00,HSM-M-06,88.3,2.85,5.04,68.78,1265.47
2026-05-07 11:00,HSM-M-06,90.54,2.56,5.03,67.79,1182.46
2026-05-07 12:00,HSM-M-06,85.53,2.81,5.17,65.29,1149.08
2026-05-07 13:00,HSM-M-06,83.8,2.74,4.48,60.53,1143.17
2026-05-07 14:00,HSM-M-06,84.41,2.2,4.71,66.03,1147.94
2026-05-07 15:00,HSM-M-06,78.69,2.48,6.9,62.0,1151.32
2026-05-07 16:00,HSM-M-06,79.81,2.38,6.54,58.85,1120.74
2026-05-07 17:00,HSM-M-06,83.24,2.39,4.57,62.16,1073.07
2026-05-07 18:00,HSM-M-06,80.21,2.45,4.14,59.83,1036.18
2026-05-07 19:00,HSM-M-06,76.59,2.47,4.75,61.57,1128.68
2026-05-07 20:00,HSM-M-06,79.85,2.28,4.7,59.07,1212.25
2026-05-07 21:00,HSM-M-06,82.39,2.2,4.52,61.06,1160.75
2026-05-07 22:00,HSM-M-06,85.23,2.72,5.17,66.48,1153.21
2026-05-07 23:00,HSM-M-06,85.47,2.88,4.73,65.0,1200.22
2026-05-08 00:00,HSM-M-06,83.29,2.52,5.07,65.13,1157.77
2026-05-08 01:00,HSM-M-06,85.26,2.75,5.09,64.44,1115.21
2026-05-08 02:00,HSM-M-06,91.59,2.86,4.97,66.75,1280.9
2026-05-08 03:00,HSM-M-06,90.39,3.3,5.22,70.17,1204.03
2026-05-08 04:00,HSM-M-06,88.45,2.78,5.21,65.32,1344.24
2026-05-08 05:00,HSM-M-06,88.33,3.37,5.55,71.43,1262.33
2026-05-08 06:00,HSM-M-06,98.21,3.33,5.4,69.51,1299.58
2026-05-08 07:00,HSM-M-06,90.26,3.09,5.55,72.12,1264.49
2026-05-08 08:00,HSM-M-06,94.79,3.4,5.48,70.75,1286.96
2026-05-08 09:00,HSM-M-06,88.36,2.87,5.76,67.24,1236.88
2026-05-08 10:00,HSM-M-06,88.21,3.37,5.52,67.2,1236.83
2026-05-08 11:00,HSM-M-06,86.4,2.99,5.27,67.1,1214.37
2026-05-08 12:00,HSM-M-06,87.15,2.53,5.08,62.22,1197.32
2026-05-08 13:00,HSM-M-06,87.31,2.71,5.02,62.51,1221.07
2026-05-08 14:00,HSM-M-06,83.13,2.61,4.72,63.73,1170.72
2026-05-08 15:00,HSM-M-06,81.8,2.48,4.96,64.76,1125.64
2026-05-08 16:00,HSM-M-06,78.59,2.16,4.79,61.03,1137.5
2026-05-08 17:00,HSM-M-06,77.83,2.4,4.8,61.17,1134.47
2026-05-08 18:00,HSM-M-06,78.2,2.7,4.73,58.44,1054.46
2026-05-08 19:00,HSM-M-06,76.67,2.49,4.85,58.13,1035.57
2026-05-08 20:00,HSM-M-06,82.1,2.45,4.85,61.74,1037.45
2026-05-08 21:00,HSM-M-06,78.01,2.68,4.88,59.34,1176.17
2026-05-08 22:00,HSM-M-06,78.59,2.48,5.48,63.67,1161.78
2026-05-08 23:00,HSM-M-06,83.62,2.67,7.09,61.97,1153.17
2026-05-09 00:00,HSM-M-06,81.71,2.69,5.11,63.77,1213.39
2026-05-09 01:00,HSM-M-06,85.97,2.43,5.34,66.8,1194.47
2026-05-09 02:00,HSM-M-06,88.49,2.64,5.38,68.13,1211.67
2026-05-09 03:00,HSM-M-06,93.37,2.83,5.37,69.52,1273.26
2026-05-09 04:00,HSM-M-06,89.56,3.19,5.38,68.35,1345.61
2026-05-09 05:00,HSM-M-06,93.64,3.41,5.59,71.77,1302.85
2026-05-09 06:00,HSM-M-06,91.89,3.39,5.48,69.11,1247.45
2026-05-09 07:00,HSM-M-06,90.35,3.32,5.7,66.85,1322.55
2026-05-09 08:00,HSM-M-06,87.85,3.44,5.71,68.99,1215.74
2026-05-09 09:00,HSM-M-06,89.14,3.08,5.33,68.51,1265.92
2026-05-09 10:00,HSM-M-06,85.02,2.74,5.41,63.44,1233.36
2026-05-09 11:00,HSM-M-06,83.03,2.9,5.39,65.32,1205.66
2026-05-09 12:00,HSM-M-06,80.68,2.77,5.43,67.25,1224.04
2026-05-09 13:00,HSM-M-06,83.04,2.53,5.3,61.79,1123.47
2026-05-09 14:00,HSM-M-06,80.98,2.47,5.0,60.28,1138.36
2026-05-09 15:00,HSM-M-06,81.43,3.04,5.04,60.88,1158.28
2026-05-09 16:00,HSM-M-06,75.3,2.43,4.88,60.29,1101.5
2026-05-09 17:00,HSM-M-06,77.82,2.56,4.8,59.82,1119.55
2026-05-09 18:00,HSM-M-06,77.64,2.44,4.74,61.37,999.34
2026-05-09 19:00,HSM-M-06,76.09,2.19,5.03,56.31,1064.92
2026-05-09 20:00,HSM-M-06,84.38,2.41,5.15,60.42,1094.65
2026-05-09 21:00,HSM-M-06,77.47,2.59,4.99,60.49,1177.55
2026-05-09 22:00,HSM-M-06,83.86,2.78,4.84,65.17,1152.08
2026-05-09 23:00,HSM-M-06,88.78,2.39,4.97,63.49,1103.13
2026-05-10 00:00,HSM-M-06,89.39,2.7,5.21,63.04,1197.98
2026-05-10 01:00,HSM-M-06,83.74,2.76,5.1,68.47,1321.05
2026-05-10 02:00,HSM-M-06,88.41,3.3,5.55,65.22,1339.99
2026-05-10 03:00,HSM-M-06,89.74,2.93,5.81,69.84,1298.84
2026-05-10 04:00,HSM-M-06,93.05,3.2,5.53,68.66,1261.4
2026-05-10 05:00,HSM-M-06,87.92,3.17,5.7,70.55,1313.84
2026-05-10 06:00,HSM-M-06,94.41,3.39,5.68,70.69,1277.13
2026-05-10 07:00,HSM-M-06,89.17,3.18,5.77,68.33,1264.98
2026-05-10 08:00,HSM-M-06,91.86,3.0,5.4,69.21,1297.99
2026-05-10 09:00,HSM-M-06,86.85,3.15,5.91,69.97,1303.92
2026-05-10 10:00,HSM-M-06,88.27,2.95,5.34,62.28,1268.65
2026-05-10 11:00,HSM-M-06,87.83,2.88,5.4,67.42,1234.4
2026-05-10 12:00,HSM-M-06,87.46,2.55,5.7,66.01,1147.55
2026-05-10 13:00,HSM-M-06,85.79,2.83,5.29,64.13,1110.99
2026-05-10 14:00,HSM-M-06,80.61,2.62,5.19,60.68,1114.65
2026-05-10 15:00,HSM-M-06,80.48,2.07,5.31,59.38,1114.09
2026-05-10 16:00,HSM-M-06,80.0,2.45,4.81,60.53,1116.63
2026-05-10 17:00,HSM-M-06,81.39,2.25,4.96,58.83,1013.93
2026-05-10 18:00,HSM-M-06,76.7,2.4,4.69,59.56,1118.92
2026-05-10 19:00,HSM-M-06,82.19,2.3,4.89,62.94,1141.66
2026-05-10 20:00,HSM-M-06,75.46,2.27,5.07,60.72,1124.79
2026-05-10 21:00,HSM-M-06,79.82,2.33,4.77,60.66,1156.06
2026-05-10 22:00,HSM-M-06,83.31,2.29,5.57,59.59,1165.12
2026-05-10 23:00,HSM-M-06,84.07,2.21,5.21,62.72,1250.2
2026-05-11 00:00,HSM-M-06,87.89,2.86,5.8,66.89,1188.11
2026-05-11 01:00,HSM-M-06,84.45,2.73,5.73,64.28,1260.01
2026-05-11 02:00,HSM-M-06,87.78,2.87,5.75,69.59,1183.69
2026-05-11 03:00,HSM-M-06,89.8,3.2,5.83,71.56,1259.79
2026-05-11 04:00,HSM-M-06,95.43,3.47,5.7,70.0,1310.2
2026-05-11 05:00,HSM-M-06,87.32,3.44,8.51,70.97,1320.92
2026-05-11 06:00,HSM-M-06,92.04,3.3,6.01,69.78,1255.41
2026-05-11 07:00,HSM-M-06,97.93,3.11,5.83,71.63,1286.38
2026-05-11 08:00,HSM-M-06,93.33,3.25,5.71,67.41,1300.44
2026-05-11 09:00,HSM-M-06,89.8,3.41,6.22,68.54,1265.42
2026-05-11 10:00,HSM-M-06,89.06,2.74,5.69,66.24,1266.04
2026-05-11 11:00,HSM-M-06,84.17,2.86,5.7,65.98,1207.0
2026-05-11 12:00,HSM-M-06,85.42,2.55,5.55,61.93,1214.34
2026-05-11 13:00,HSM-M-06,83.84,2.57,5.38,63.91,1134.39
2026-05-11 14:00,HSM-M-06,84.02,2.58,5.3,62.0,1190.3
2026-05-11 15:00,HSM-M-06,75.86,2.27,5.21,63.96,1135.88
2026-05-11 16:00,HSM-M-06,78.18,2.3,5.14,59.51,1100.0
2026-05-11 17:00,HSM-M-06,76.01,2.5,4.81,61.99,1105.28
2026-05-11 18:00,HSM-M-06,79.22,2.46,4.92,59.55,962.39
2026-05-11 19:00,HSM-M-06,79.41,2.1,5.0,56.71,1119.95
2026-05-11 20:00,HSM-M-06,78.9,2.48,5.07,62.82,1085.29
2026-05-11 21:00,HSM-M-06,79.8,2.45,5.36,61.71,1092.98
2026-05-11 22:00,HSM-M-06,82.11,2.72,5.16,61.01,1164.59
2026-05-11 23:00,HSM-M-06,83.78,2.84,5.54,60.75,1187.12
2026-05-12 00:00,HSM-M-06,86.07,2.82,5.75,67.46,1193.13
2026-05-12 01:00,HSM-M-06,89.85,2.82,5.92,67.01,1178.42
2026-05-12 02:00,HSM-M-06,83.8,2.92,5.66,69.2,1210.64
2026-05-12 03:00,HSM-M-06,95.59,3.18,6.01,67.79,1286.94
2026-05-12 04:00,HSM-M-06,90.36,3.05,6.21,71.68,1300.08
2026-05-12 05:00,HSM-M-06,95.37,3.28,6.14,66.56,1322.16
2026-05-12 06:00,HSM-M-06,90.61,3.11,6.11,68.63,1283.16
2026-05-12 07:00,HSM-M-06,93.18,3.39,5.97,68.5,1341.38
2026-05-12 08:00,HSM-M-06,91.72,3.21,6.26,73.89,1298.38
2026-05-12 09:00,HSM-M-06,86.82,3.14,5.89,70.7,1260.34
2026-05-12 10:00,HSM-M-06,92.95,3.03,5.81,66.6,1239.78
2026-05-12 11:00,HSM-M-06,87.11,2.41,5.86,62.9,1197.4
2026-05-12 12:00,HSM-M-06,88.13,2.88,5.42,61.19,1250.98
2026-05-12 13:00,HSM-M-06,88.28,2.57,5.56,64.8,1260.91
2026-05-12 14:00,HSM-M-06,80.72,2.7,5.38,61.32,1147.42
2026-05-12 15:00,HSM-M-06,80.91,2.64,5.46,60.84,1100.5
2026-05-12 16:00,HSM-M-06,84.01,2.71,5.19,63.63,1137.28
2026-05-12 17:00,HSM-M-06,81.35,2.6,5.2,58.31,1030.67
2026-05-12 18:00,HSM-M-06,79.55,2.43,5.21,59.97,1095.45
2026-05-12 19:00,HSM-M-06,81.32,2.67,4.94,61.07,1077.34
2026-05-12 20:00,HSM-M-06,77.76,2.27,5.33,60.05,1113.32
2026-05-12 21:00,HSM-M-06,78.71,2.43,5.6,62.5,1129.72
2026-05-12 22:00,HSM-M-06,82.49,2.58,5.35,60.46,1182.53
2026-05-12 23:00,HSM-M-06,82.86,2.69,5.7,67.66,1153.61
2026-05-13 00:00,HSM-M-06,85.1,2.97,7.6,64.6,1178.97
2026-05-13 01:00,HSM-M-06,86.04,2.95,7.95,65.38,1137.25
2026-05-13 02:00,HSM-M-06,91.38,2.75,5.66,69.48,1318.7
2026-05-13 03:00,HSM-M-06,90.69,3.13,5.94,68.15,1248.48
2026-05-13 04:00,HSM-M-06,92.42,3.36,6.12,69.56,1259.46
2026-05-13 05:00,HSM-M-06,88.12,3.37,6.22,69.22,1265.52
2026-05-13 06:00,HSM-M-06,90.38,3.09,6.13,67.67,1297.33
2026-05-13 07:00,HSM-M-06,89.67,3.2,6.4,71.17,1321.16
2026-05-13 08:00,HSM-M-06,90.28,3.71,6.08,69.97,1289.04
2026-05-13 09:00,HSM-M-06,90.3,2.91,6.17,68.19,1297.33
2026-05-13 10:00,HSM-M-06,90.7,3.08,6.09,68.22,1280.22
2026-05-13 11:00,HSM-M-06,85.41,3.12,5.89,67.71,1202.3
2026-05-13 12:00,HSM-M-06,84.23,2.86,6.11,67.16,1193.03
2026-05-13 13:00,HSM-M-06,77.96,2.68,5.53,64.51,1143.11
2026-05-13 14:00,HSM-M-06,84.51,2.8,7.49,60.47,1222.07
2026-05-13 15:00,HSM-M-06,79.63,2.43,5.51,63.82,1124.93
2026-05-13 16:00,HSM-M-06,80.24,2.15,5.73,60.03,1139.58
2026-05-13 17:00,HSM-M-06,75.82,2.07,5.37,58.16,1137.39
2026-05-13 18:00,HSM-M-06,79.38,2.32,5.35,58.65,1119.15
2026-05-13 19:00,HSM-M-06,77.94,2.08,5.84,61.38,1108.36
2026-05-13 20:00,HSM-M-06,81.58,2.93,5.64,61.6,1175.41
2026-05-13 21:00,HSM-M-06,83.24,2.56,5.55,60.31,1135.13
2026-05-13 22:00,HSM-M-06,85.2,2.39,5.74,62.13,1193.1
2026-05-13 23:00,HSM-M-06,81.05,2.57,5.9,63.77,1170.47
2026-05-14 00:00,HSM-M-06,88.05,2.67,6.17,64.93,1195.24
2026-05-14 01:00,HSM-M-06,83.64,3.21,6.26,62.24,1177.46
2026-05-14 02:00,HSM-M-06,88.2,2.93,6.08,68.72,1230.85
2026-05-14 03:00,HSM-M-06,93.45,2.81,6.23,68.8,1223.94
2026-05-14 04:00,HSM-M-06,90.64,3.14,6.05,69.07,1215.12
2026-05-14 05:00,HSM-M-06,92.1,3.19,6.05,69.18,1258.25
2026-05-14 06:00,HSM-M-06,89.99,3.13,6.07,67.46,1264.28
2026-05-14 07:00,HSM-M-06,88.6,3.05,6.28,69.04,1266.07
2026-05-14 08:00,HSM-M-06,87.9,3.15,6.37,69.63,1338.9
2026-05-14 09:00,HSM-M-06,88.96,2.81,6.35,69.93,1291.58
2026-05-14 10:00,HSM-M-06,91.4,2.96,6.26,63.32,1155.81
2026-05-14 11:00,HSM-M-06,87.85,2.63,6.34,67.74,1247.61
2026-05-14 12:00,HSM-M-06,85.36,2.61,5.87,66.06,1129.59
2026-05-14 13:00,HSM-M-06,81.77,2.69,6.09,63.77,1189.08
2026-05-14 14:00,HSM-M-06,83.1,2.52,6.11,61.54,1195.59
2026-05-14 15:00,HSM-M-06,73.5,2.48,5.77,59.35,1149.09
2026-05-14 16:00,HSM-M-06,78.09,2.38,5.55,61.5,1123.49
2026-05-14 17:00,HSM-M-06,81.09,2.67,7.74,58.2,1042.93
2026-05-14 18:00,HSM-M-06,77.17,2.27,5.72,61.06,1114.55
2026-05-14 19:00,HSM-M-06,79.37,2.58,7.88,62.09,1124.99
2026-05-14 20:00,HSM-M-06,78.93,2.5,5.15,58.26,1097.03
2026-05-14 21:00,HSM-M-06,80.11,2.17,5.59,62.35,1172.99
2026-05-14 22:00,HSM-M-06,82.24,2.59,5.85,66.1,1144.48
2026-05-14 23:00,HSM-M-06,87.72,2.64,7.86,61.05,1174.77
2026-05-15 00:00,HSM-M-06,81.51,2.81,6.0,66.2,1191.75
2026-05-15 01:00,HSM-M-06,85.22,2.82,6.47,67.44,1235.04
2026-05-15 02:00,HSM-M-06,87.28,2.91,6.19,70.73,1204.68
2026-05-15 03:00,HSM-M-06,91.33,3.3,6.68,67.72,1221.27
2026-05-15 04:00,HSM-M-06,93.0,3.38,6.54,66.26,1244.14
2026-05-15 05:00,HSM-M-06,90.65,3.53,6.6,70.05,1371.49
2026-05-15 06:00,HSM-M-06,89.93,3.46,6.43,72.13,1308.71
2026-05-15 07:00,HSM-M-06,90.49,3.35,8.99,70.56,1342.37
2026-05-15 08:00,HSM-M-06,92.9,3.13,6.65,67.48,1256.34
2026-05-15 09:00,HSM-M-06,88.71,3.15,6.42,67.6,1280.97
2026-05-15 10:00,HSM-M-06,83.35,3.29,6.35,65.93,1313.29
2026-05-15 11:00,HSM-M-06,89.84,3.1,6.06,67.84,1237.06
2026-05-15 12:00,HSM-M-06,83.94,2.89,6.37,63.27,1205.98
2026-05-15 13:00,HSM-M-06,83.09,2.64,6.03,64.03,1154.09
2026-05-15 14:00,HSM-M-06,81.3,2.44,6.0,62.41,1171.23
2026-05-15 15:00,HSM-M-06,83.08,2.69,5.89,58.81,1111.2
2026-05-15 16:00,HSM-M-06,76.47,2.49,5.89,63.29,1132.81
2026-05-15 17:00,HSM-M-06,78.59,2.25,5.77,61.55,1197.82
2026-05-15 18:00,HSM-M-06,80.71,2.02,5.83,55.71,1114.25
2026-05-15 19:00,HSM-M-06,80.18,2.42,5.91,63.26,1133.12
2026-05-15 20:00,HSM-M-06,78.92,2.41,5.89,63.05,1172.09
2026-05-15 21:00,HSM-M-06,82.64,2.24,5.8,58.49,1022.2
2026-05-15 22:00,HSM-M-06,83.83,2.76,6.06,63.66,1128.85
2026-05-15 23:00,HSM-M-06,87.36,2.72,6.12,63.13,1178.27
