timestamp,asset_id,hydraulic_pressure,beam_position_error,oil_temperature,cylinder_drift
2026-04-01 00:00,RHF-WBD-01,160.47,-1.41,45.65,1.65
2026-04-01 01:00,RHF-WBD-01,161.96,1.89,51.46,1.54
2026-04-01 02:00,RHF-WBD-01,160.25,0.14,47.9,1.44
2026-04-01 03:00,RHF-WBD-01,174.22,1.01,49.33,1.64
2026-04-01 04:00,RHF-WBD-01,172.23,1.71,51.07,1.9
2026-04-01 05:00,RHF-WBD-01,173.02,2.33,47.91,1.82
2026-04-01 06:00,RHF-WBD-01,167.44,2.73,49.81,1.92
2026-04-01 07:00,RHF-WBD-01,175.75,3.02,51.36,1.67
2026-04-01 08:00,RHF-WBD-01,163.81,2.54,49.94,1.89
2026-04-01 09:00,RHF-WBD-01,168.59,1.21,48.69,1.87
2026-04-01 10:00,RHF-WBD-01,169.35,0.17,48.54,1.61
2026-04-01 11:00,RHF-WBD-01,166.24,-0.56,48.84,1.49
2026-04-01 12:00,RHF-WBD-01,157.1,0.25,45.83,1.33
2026-04-01 13:00,RHF-WBD-01,161.75,0.14,45.84,1.42
2026-04-01 14:00,RHF-WBD-01,154.86,-0.48,46.75,1.28
2026-04-01 15:00,RHF-WBD-01,158.69,-2.32,43.89,1.19
2026-04-01 16:00,RHF-WBD-01,159.18,-3.03,44.69,0.89
2026-04-01 17:00,RHF-WBD-01,159.16,-0.97,44.63,1.22
2026-04-01 18:00,RHF-WBD-01,151.88,-1.7,45.98,0.85
2026-04-01 19:00,RHF-WBD-01,153.27,-0.84,45.06,1.24
2026-04-01 20:00,RHF-WBD-01,146.15,-0.75,45.63,1.06
2026-04-01 21:00,RHF-WBD-01,157.25,-0.9,43.85,1.34
2026-04-01 22:00,RHF-WBD-01,164.27,0.99,43.68,1.1
2026-04-01 23:00,RHF-WBD-01,172.38,-0.94,46.5,1.36
2026-04-02 00:00,RHF-WBD-01,161.52,0.22,45.33,1.81
2026-04-02 01:00,RHF-WBD-01,161.2,0.92,47.7,1.52
2026-04-02 02:00,RHF-WBD-01,168.68,2.03,48.84,1.49
2026-04-02 03:00,RHF-WBD-01,166.01,0.26,48.36,1.56
2026-04-02 04:00,RHF-WBD-01,179.57,2.07,50.8,1.61
2026-04-02 05:00,RHF-WBD-01,180.41,1.47,49.4,1.81
2026-04-02 06:00,RHF-WBD-01,181.25,3.07,46.5,1.93
2026-04-02 07:00,RHF-WBD-01,173.92,1.46,49.28,1.99
2026-04-02 08:00,RHF-WBD-01,173.75,1.38,49.04,2.01
2026-04-02 09:00,RHF-WBD-01,169.68,1.44,48.02,1.63
2026-04-02 10:00,RHF-WBD-01,167.49,2.03,48.11,1.62
2026-04-02 11:00,RHF-WBD-01,169.96,1.09,46.54,1.69
2026-04-02 12:00,RHF-WBD-01,164.86,1.16,45.1,1.47
2026-04-02 13:00,RHF-WBD-01,154.54,-0.16,45.14,1.49
2026-04-02 14:00,RHF-WBD-01,154.71,-0.28,46.83,1.15
2026-04-02 15:00,RHF-WBD-01,153.73,-2.87,45.35,1.29
2026-04-02 16:00,RHF-WBD-01,151.92,-1.54,45.7,1.3
2026-04-02 17:00,RHF-WBD-01,155.69,0.23,43.52,1.18
2026-04-02 18:00,RHF-WBD-01,151.86,-2.49,41.43,1.2
2026-04-02 19:00,RHF-WBD-01,147.88,-1.22,42.73,1.42
2026-04-02 20:00,RHF-WBD-01,152.08,-2.07,44.3,1.18
2026-04-02 21:00,RHF-WBD-01,157.19,-1.07,43.94,0.94
2026-04-02 22:00,RHF-WBD-01,157.88,-0.66,45.19,1.34
2026-04-02 23:00,RHF-WBD-01,168.67,-1.21,47.37,1.64
2026-04-03 00:00,RHF-WBD-01,164.15,-0.24,46.26,1.69
2026-04-03 01:00,RHF-WBD-01,164.27,1.94,48.23,1.51
2026-04-03 02:00,RHF-WBD-01,173.83,1.2,47.44,1.41
2026-04-03 03:00,RHF-WBD-01,177.43,0.74,47.61,1.73
2026-04-03 04:00,RHF-WBD-01,176.6,0.04,48.28,1.62
2026-04-03 05:00,RHF-WBD-01,180.24,1.47,50.58,1.92
2026-04-03 06:00,RHF-WBD-01,174.4,2.11,49.19,2.04
2026-04-03 07:00,RHF-WBD-01,179.42,3.47,50.83,1.92
2026-04-03 08:00,RHF-WBD-01,171.88,1.99,49.59,1.53
2026-04-03 09:00,RHF-WBD-01,177.72,1.12,48.66,1.81
2026-04-03 10:00,RHF-WBD-01,179.88,0.53,48.81,1.69
2026-04-03 11:00,RHF-WBD-01,168.34,1.27,46.47,1.41
2026-04-03 12:00,RHF-WBD-01,162.75,-0.4,47.15,1.41
2026-04-03 13:00,RHF-WBD-01,164.63,-0.76,45.04,1.44
2026-04-03 14:00,RHF-WBD-01,155.74,-0.06,46.37,1.49
2026-04-03 15:00,RHF-WBD-01,160.87,-1.66,45.09,1.05
2026-04-03 16:00,RHF-WBD-01,149.87,-0.34,43.62,1.48
2026-04-03 17:00,RHF-WBD-01,157.93,-2.03,43.44,1.16
2026-04-03 18:00,RHF-WBD-01,151.39,-1.99,42.1,0.7
2026-04-03 19:00,RHF-WBD-01,156.03,-3.59,41.75,1.09
2026-04-03 20:00,RHF-WBD-01,162.2,-0.55,44.21,1.43
2026-04-03 21:00,RHF-WBD-01,160.6,-0.95,44.64,1.36
2026-04-03 22:00,RHF-WBD-01,159.86,-1.32,42.34,1.25
2026-04-03 23:00,RHF-WBD-01,155.66,0.06,46.97,1.24
2026-04-04 00:00,RHF-WBD-01,159.66,0.96,46.09,1.59
2026-04-04 01:00,RHF-WBD-01,162.72,0.98,46.54,1.44
2026-04-04 02:00,RHF-WBD-01,168.05,1.17,47.63,1.82
2026-04-04 03:00,RHF-WBD-01,186.95,1.04,49.86,1.73
2026-04-04 04:00,RHF-WBD-01,167.8,1.74,49.22,1.77
2026-04-04 05:00,RHF-WBD-01,179.18,2.8,48.58,1.78
2026-04-04 06:00,RHF-WBD-01,182.84,4.13,48.82,2.05
2026-04-04 07:00,RHF-WBD-01,174.41,2.57,49.47,1.91
2026-04-04 08:00,RHF-WBD-01,173.16,0.21,48.63,2.0
2026-04-04 09:00,RHF-WBD-01,164.91,1.35,50.34,1.9
2026-04-04 10:00,RHF-WBD-01,168.37,1.21,46.8,1.56
2026-04-04 11:00,RHF-WBD-01,169.46,1.22,46.8,1.63
2026-04-04 12:00,RHF-WBD-01,167.66,1.4,46.05,1.51
2026-04-04 13:00,RHF-WBD-01,166.89,-0.09,45.28,1.18
2026-04-04 14:00,RHF-WBD-01,158.03,-1.62,44.52,1.36
2026-04-04 15:00,RHF-WBD-01,164.54,-0.47,44.73,1.38
2026-04-04 16:00,RHF-WBD-01,158.03,-1.41,42.98,1.38
2026-04-04 17:00,RHF-WBD-01,151.25,-2.74,44.15,1.06
2026-04-04 18:00,RHF-WBD-01,149.82,-1.93,42.17,1.08
2026-04-04 19:00,RHF-WBD-01,162.26,-1.05,44.58,1.21
2026-04-04 20:00,RHF-WBD-01,156.7,-1.16,43.12,1.11
2026-04-04 21:00,RHF-WBD-01,151.11,-1.37,47.13,1.59
2026-04-04 22:00,RHF-WBD-01,154.6,-0.26,43.03,1.33
2026-04-04 23:00,RHF-WBD-01,161.66,-0.05,43.19,1.33
2026-04-05 00:00,RHF-WBD-01,161.08,0.76,47.32,1.36
2026-04-05 01:00,RHF-WBD-01,175.51,0.08,47.59,1.51
2026-04-05 02:00,RHF-WBD-01,167.43,1.33,48.49,1.46
2026-04-05 03:00,RHF-WBD-01,167.86,1.8,49.07,1.68
2026-04-05 04:00,RHF-WBD-01,170.75,2.47,48.79,1.94
2026-04-05 05:00,RHF-WBD-01,176.04,2.96,51.55,1.79
2026-04-05 06:00,RHF-WBD-01,173.38,2.82,47.27,1.54
2026-04-05 07:00,RHF-WBD-01,179.05,2.54,50.1,1.71
2026-04-05 08:00,RHF-WBD-01,171.22,2.45,49.08,2.19
2026-04-05 09:00,RHF-WBD-01,173.61,0.16,48.35,1.65
2026-04-05 10:00,RHF-WBD-01,179.68,0.56,48.82,1.92
2026-04-05 11:00,RHF-WBD-01,168.76,0.56,47.71,1.6
2026-04-05 12:00,RHF-WBD-01,160.03,0.57,46.33,1.35
2026-04-05 13:00,RHF-WBD-01,159.51,-1.84,46.02,1.47
2026-04-05 14:00,RHF-WBD-01,161.21,-2.39,44.68,1.34
2026-04-05 15:00,RHF-WBD-01,157.29,-2.83,42.33,1.16
2026-04-05 16:00,RHF-WBD-01,161.45,-1.5,43.34,1.51
2026-04-05 17:00,RHF-WBD-01,154.19,-3.38,41.89,1.02
2026-04-05 18:00,RHF-WBD-01,155.58,-3.37,42.21,1.15
2026-04-05 19:00,RHF-WBD-01,156.97,-1.8,45.09,1.03
2026-04-05 20:00,RHF-WBD-01,157.03,-0.88,43.24,1.22
2026-04-05 21:00,RHF-WBD-01,154.84,-1.35,45.3,1.25
2026-04-05 22:00,RHF-WBD-01,164.21,0.72,44.7,1.54
2026-04-05 23:00,RHF-WBD-01,160.68,-1.34,46.77,1.19
2026-04-06 00:00,RHF-WBD-01,161.27,-0.28,46.44,1.34
2026-04-06 01:00,RHF-WBD-01,177.23,-0.07,46.22,1.54
2026-04-06 02:00,RHF-WBD-01,168.57,0.39,48.45,1.81
2026-04-06 03:00,RHF-WBD-01,168.74,0.81,49.21,1.96
2026-04-06 04:00,RHF-WBD-01,172.76,1.85,48.4,1.79
2026-04-06 05:00,RHF-WBD-01,176.23,1.38,50.71,1.86
2026-04-06 06:00,RHF-WBD-01,170.81,1.29,49.69,1.94
2026-04-06 07:00,RHF-WBD-01,180.23,1.63,48.98,1.57
2026-04-06 08:00,RHF-WBD-01,179.03,2.07,49.48,1.76
2026-04-06 09:00,RHF-WBD-01,165.85,1.11,50.12,1.83
2026-04-06 10:00,RHF-WBD-01,175.27,0.61,48.87,1.73
2026-04-06 11:00,RHF-WBD-01,167.03,1.15,48.03,1.85
2026-04-06 12:00,RHF-WBD-01,167.21,-1.79,44.54,1.58
2026-04-06 13:00,RHF-WBD-01,160.78,-0.81,45.86,1.47
2026-04-06 14:00,RHF-WBD-01,159.89,-0.83,47.17,1.42
2026-04-06 15:00,RHF-WBD-01,159.85,-0.63,44.14,1.49
2026-04-06 16:00,RHF-WBD-01,154.56,-1.9,45.77,1.09
2026-04-06 17:00,RHF-WBD-01,156.04,-2.16,42.62,1.19
2026-04-06 18:00,RHF-WBD-01,156.62,-1.57,42.06,1.12
2026-04-06 19:00,RHF-WBD-01,149.88,-1.8,43.27,0.99
2026-04-06 20:00,RHF-WBD-01,157.31,-2.2,45.4,1.47
2026-04-06 21:00,RHF-WBD-01,153.38,-0.31,43.73,1.18
2026-04-06 22:00,RHF-WBD-01,166.44,-0.38,45.16,1.36
2026-04-06 23:00,RHF-WBD-01,159.54,0.04,46.78,1.47
2026-04-07 00:00,RHF-WBD-01,163.95,1.79,45.79,1.54
2026-04-07 01:00,RHF-WBD-01,169.01,1.28,47.03,1.59
2026-04-07 02:00,RHF-WBD-01,175.83,0.28,47.43,1.63
2026-04-07 03:00,RHF-WBD-01,175.67,0.47,47.74,1.84
2026-04-07 04:00,RHF-WBD-01,181.02,1.48,50.73,1.95
2026-04-07 05:00,RHF-WBD-01,175.65,1.08,47.93,1.74
2026-04-07 06:00,RHF-WBD-01,179.36,1.63,49.95,2.23
2026-04-07 07:00,RHF-WBD-01,180.35,2.39,48.2,1.66
2026-04-07 08:00,RHF-WBD-01,169.74,2.44,49.94,1.87
2026-04-07 09:00,RHF-WBD-01,176.27,1.22,50.5,1.82
2026-04-07 10:00,RHF-WBD-01,168.99,1.39,47.7,1.73
2026-04-07 11:00,RHF-WBD-01,168.35,0.81,46.39,1.53
2026-04-07 12:00,RHF-WBD-01,169.63,0.4,45.92,1.65
2026-04-07 13:00,RHF-WBD-01,155.44,-0.96,45.4,1.29
2026-04-07 14:00,RHF-WBD-01,148.98,-0.89,45.94,1.24
2026-04-07 15:00,RHF-WBD-01,161.92,-2.98,43.59,1.02
2026-04-07 16:00,RHF-WBD-01,158.79,-1.86,43.67,1.08
2026-04-07 17:00,RHF-WBD-01,152.84,-1.4,43.05,1.2
2026-04-07 18:00,RHF-WBD-01,142.51,-1.63,43.88,1.05
2026-04-07 19:00,RHF-WBD-01,158.02,-1.29,43.82,0.91
2026-04-07 20:00,RHF-WBD-01,155.41,-1.95,42.25,0.93
2026-04-07 21:00,RHF-WBD-01,160.47,-1.06,45.01,1.34
2026-04-07 22:00,RHF-WBD-01,162.44,-1.83,43.51,1.35
2026-04-07 23:00,RHF-WBD-01,155.36,0.18,45.72,1.33
2026-04-08 00:00,RHF-WBD-01,163.08,0.05,45.85,1.76
2026-04-08 01:00,RHF-WBD-01,172.12,-0.53,45.41,1.9
2026-04-08 02:00,RHF-WBD-01,167.52,0.84,48.21,1.52
2026-04-08 03:00,RHF-WBD-01,179.33,2.56,50.27,1.77
2026-04-08 04:00,RHF-WBD-01,172.25,1.58,49.5,1.83
2026-04-08 05:00,RHF-WBD-01,174.94,3.44,50.32,1.77
2026-04-08 06:00,RHF-WBD-01,176.32,1.22,49.0,2.1
2026-04-08 07:00,RHF-WBD-01,180.64,2.23,50.16,1.78
2026-04-08 08:00,RHF-WBD-01,180.56,1.82,48.46,1.99
2026-04-08 09:00,RHF-WBD-01,176.18,1.9,47.48,1.85
2026-04-08 10:00,RHF-WBD-01,165.55,-0.07,48.8,1.53
2026-04-08 11:00,RHF-WBD-01,173.51,0.98,48.96,1.75
2026-04-08 12:00,RHF-WBD-01,168.04,-1.68,46.9,1.56
2026-04-08 13:00,RHF-WBD-01,161.37,-0.97,44.76,1.29
2026-04-08 14:00,RHF-WBD-01,163.36,-0.87,44.4,1.26
2026-04-08 15:00,RHF-WBD-01,160.94,-1.1,43.22,1.11
2026-04-08 16:00,RHF-WBD-01,158.75,-0.63,43.22,1.43
2026-04-08 17:00,RHF-WBD-01,159.49,0.85,42.51,1.2
2026-04-08 18:00,RHF-WBD-01,151.2,-1.97,43.26,1.18
2026-04-08 19:00,RHF-WBD-01,155.41,-2.15,43.12,1.21
2026-04-08 20:00,RHF-WBD-01,157.22,-1.91,44.1,1.06
2026-04-08 21:00,RHF-WBD-01,151.65,-0.07,44.43,1.27
2026-04-08 22:00,RHF-WBD-01,160.44,-1.1,45.85,1.24
2026-04-08 23:00,RHF-WBD-01,154.25,-0.04,46.62,1.27
2026-04-09 00:00,RHF-WBD-01,161.3,1.33,46.98,1.26
2026-04-09 01:00,RHF-WBD-01,168.03,0.94,46.75,1.73
2026-04-09 02:00,RHF-WBD-01,175.03,1.55,48.95,1.76
2026-04-09 03:00,RHF-WBD-01,175.23,1.44,48.13,1.52
2026-04-09 04:00,RHF-WBD-01,174.18,1.93,48.12,1.84
2026-04-09 05:00,RHF-WBD-01,181.56,2.83,51.52,1.86
2026-04-09 06:00,RHF-WBD-01,184.94,1.88,50.6,2.01
2026-04-09 07:00,RHF-WBD-01,176.9,1.57,50.24,1.81
2026-04-09 08:00,RHF-WBD-01,172.77,1.66,47.72,1.76
2026-04-09 09:00,RHF-WBD-01,168.6,2.78,46.36,1.63
2026-04-09 10:00,RHF-WBD-01,174.02,0.57,48.15,1.68
2026-04-09 11:00,RHF-WBD-01,165.6,1.19,48.0,1.46
2026-04-09 12:00,RHF-WBD-01,168.86,0.11,48.63,1.59
2026-04-09 13:00,RHF-WBD-01,161.93,-0.94,45.94,1.46
2026-04-09 14:00,RHF-WBD-01,158.27,-2.14,44.96,1.32
2026-04-09 15:00,RHF-WBD-01,158.61,-1.31,46.87,1.11
2026-04-09 16:00,RHF-WBD-01,155.32,-2.72,43.13,1.44
2026-04-09 17:00,RHF-WBD-01,155.37,-1.84,44.96,1.17
2026-04-09 18:00,RHF-WBD-01,151.57,-2.61,42.45,1.22
2026-04-09 19:00,RHF-WBD-01,158.86,-2.34,42.09,1.46
2026-04-09 20:00,RHF-WBD-01,154.6,-2.84,44.93,1.1
2026-04-09 21:00,RHF-WBD-01,153.41,-0.61,42.95,1.1
2026-04-09 22:00,RHF-WBD-01,154.95,-1.11,45.6,1.39
2026-04-09 23:00,RHF-WBD-01,156.28,0.29,46.62,1.17
2026-04-10 00:00,RHF-WBD-01,164.32,0.22,48.6,1.49
2026-04-10 01:00,RHF-WBD-01,172.68,0.54,47.22,1.43
2026-04-10 02:00,RHF-WBD-01,171.19,1.5,48.58,1.98
2026-04-10 03:00,RHF-WBD-01,174.6,2.47,48.67,1.76
2026-04-10 04:00,RHF-WBD-01,179.07,1.58,49.72,1.85
2026-04-10 05:00,RHF-WBD-01,176.11,0.76,49.63,1.66
2026-04-10 06:00,RHF-WBD-01,166.19,3.17,47.41,1.87
2026-04-10 07:00,RHF-WBD-01,173.08,1.27,47.7,1.95
2026-04-10 08:00,RHF-WBD-01,170.77,0.78,47.36,1.72
2026-04-10 09:00,RHF-WBD-01,167.1,1.85,49.67,1.97
2026-04-10 10:00,RHF-WBD-01,167.68,0.42,47.25,1.82
2026-04-10 11:00,RHF-WBD-01,167.57,0.05,48.83,1.54
2026-04-10 12:00,RHF-WBD-01,170.3,0.75,45.54,1.66
2026-04-10 13:00,RHF-WBD-01,161.48,-0.34,46.02,1.28
2026-04-10 14:00,RHF-WBD-01,150.98,-1.45,47.15,1.49
2026-04-10 15:00,RHF-WBD-01,160.56,-1.01,44.83,1.19
2026-04-10 16:00,RHF-WBD-01,151.44,-1.9,43.92,1.15
2026-04-10 17:00,RHF-WBD-01,144.99,-2.84,43.52,1.01
2026-04-10 18:00,RHF-WBD-01,151.8,-1.27,43.07,1.19
2026-04-10 19:00,RHF-WBD-01,157.06,-2.15,43.03,0.94
2026-04-10 20:00,RHF-WBD-01,154.86,-1.88,42.4,1.59
2026-04-10 21:00,RHF-WBD-01,164.63,-1.47,42.38,1.41
2026-04-10 22:00,RHF-WBD-01,163.98,-0.95,44.32,1.43
2026-04-10 23:00,RHF-WBD-01,159.4,-0.61,45.54,1.38
2026-04-11 00:00,RHF-WBD-01,163.99,0.93,44.68,1.49
2026-04-11 01:00,RHF-WBD-01,162.89,-0.05,46.61,1.6
2026-04-11 02:00,RHF-WBD-01,170.92,1.09,47.08,1.6
2026-04-11 03:00,RHF-WBD-01,166.11,1.56,48.52,1.78
2026-04-11 04:00,RHF-WBD-01,173.63,2.97,50.34,1.71
2026-04-11 05:00,RHF-WBD-01,167.08,2.28,49.29,2.13
2026-04-11 06:00,RHF-WBD-01,176.17,2.28,49.93,2.01
2026-04-11 07:00,RHF-WBD-01,175.44,1.3,50.48,1.85
2026-04-11 08:00,RHF-WBD-01,180.69,2.08,48.34,1.96
2026-04-11 09:00,RHF-WBD-01,168.82,1.59,49.16,2.06
2026-04-11 10:00,RHF-WBD-01,160.51,-0.01,49.82,1.79
2026-04-11 11:00,RHF-WBD-01,168.29,1.51,47.61,1.61
2026-04-11 12:00,RHF-WBD-01,159.21,-0.44,46.22,1.51
2026-04-11 13:00,RHF-WBD-01,168.55,-0.47,44.33,1.43
2026-04-11 14:00,RHF-WBD-01,158.19,-0.29,43.52,1.32
2026-04-11 15:00,RHF-WBD-01,159.75,-1.68,45.71,1.38
2026-04-11 16:00,RHF-WBD-01,153.44,-1.54,43.97,1.13
2026-04-11 17:00,RHF-WBD-01,153.25,-2.04,45.4,1.04
2026-04-11 18:00,RHF-WBD-01,158.63,-2.45,43.03,1.28
2026-04-11 19:00,RHF-WBD-01,154.66,-2.97,42.64,1.07
2026-04-11 20:00,RHF-WBD-01,152.63,-2.26,42.49,1.33
2026-04-11 21:00,RHF-WBD-01,155.01,-2.4,45.2,1.44
2026-04-11 22:00,RHF-WBD-01,159.51,0.23,43.42,1.38
2026-04-11 23:00,RHF-WBD-01,163.46,0.26,47.22,1.23
2026-04-12 00:00,RHF-WBD-01,168.69,-1.26,45.41,1.48
2026-04-12 01:00,RHF-WBD-01,163.09,1.65,47.1,1.48
2026-04-12 02:00,RHF-WBD-01,170.01,-0.32,47.91,1.55
2026-04-12 03:00,RHF-WBD-01,171.08,2.54,49.5,1.65
2026-04-12 04:00,RHF-WBD-01,176.14,2.69,50.22,1.83
2026-04-12 05:00,RHF-WBD-01,178.33,1.08,50.61,1.75
2026-04-12 06:00,RHF-WBD-01,182.29,1.26,47.71,1.65
2026-04-12 07:00,RHF-WBD-01,167.39,3.22,49.15,1.99
2026-04-12 08:00,RHF-WBD-01,177.27,2.95,47.54,1.94
2026-04-12 09:00,RHF-WBD-01,176.96,1.05,46.64,1.88
2026-04-12 10:00,RHF-WBD-01,176.74,-0.3,47.42,1.61
2026-04-12 11:00,RHF-WBD-01,166.63,-0.37,48.78,1.2
2026-04-12 12:00,RHF-WBD-01,168.83,-0.19,46.52,1.34
2026-04-12 13:00,RHF-WBD-01,163.96,-0.78,42.57,1.08
2026-04-12 14:00,RHF-WBD-01,157.43,-1.71,45.89,1.13
2026-04-12 15:00,RHF-WBD-01,161.39,0.45,45.28,1.3
2026-04-12 16:00,RHF-WBD-01,151.45,-3.09,44.27,0.9
2026-04-12 17:00,RHF-WBD-01,154.87,-3.01,44.3,1.29
2026-04-12 18:00,RHF-WBD-01,150.92,-1.72,43.74,1.1
2026-04-12 19:00,RHF-WBD-01,153.09,-1.89,41.92,1.18
2026-04-12 20:00,RHF-WBD-01,153.01,-2.99,41.9,1.14
2026-04-12 21:00,RHF-WBD-01,150.43,-1.24,45.0,1.38
2026-04-12 22:00,RHF-WBD-01,160.13,-1.03,44.65,1.32
2026-04-12 23:00,RHF-WBD-01,162.91,-0.26,45.61,1.56
2026-04-13 00:00,RHF-WBD-01,165.04,-0.23,45.86,1.19
2026-04-13 01:00,RHF-WBD-01,167.14,0.1,47.41,1.43
2026-04-13 02:00,RHF-WBD-01,170.59,2.43,47.74,1.58
2026-04-13 03:00,RHF-WBD-01,171.92,2.19,48.14,1.58
2026-04-13 04:00,RHF-WBD-01,168.39,2.32,50.76,2.2
2026-04-13 05:00,RHF-WBD-01,171.27,1.03,48.0,1.83
2026-04-13 06:00,RHF-WBD-01,179.43,0.55,48.45,1.88
2026-04-13 07:00,RHF-WBD-01,175.9,3.48,49.01,1.77
2026-04-13 08:00,RHF-WBD-01,174.59,1.08,50.91,1.74
2026-04-13 09:00,RHF-WBD-01,174.79,0.64,48.82,1.8
2026-04-13 10:00,RHF-WBD-01,157.01,1.32,48.83,1.83
2026-04-13 11:00,RHF-WBD-01,165.17,0.1,46.4,1.56
2026-04-13 12:00,RHF-WBD-01,162.66,0.1,48.46,1.44
2026-04-13 13:00,RHF-WBD-01,166.33,-1.89,46.39,1.47
2026-04-13 14:00,RHF-WBD-01,160.67,0.23,44.56,1.38
2026-04-13 15:00,RHF-WBD-01,156.4,-0.48,44.11,1.21
2026-04-13 16:00,RHF-WBD-01,155.29,-0.47,44.02,1.21
2026-04-13 17:00,RHF-WBD-01,141.32,-3.13,42.4,1.14
2026-04-13 18:00,RHF-WBD-01,155.15,-1.89,43.87,1.11
2026-04-13 19:00,RHF-WBD-01,156.89,-2.91,45.24,0.93
2026-04-13 20:00,RHF-WBD-01,156.03,-3.03,45.94,0.94
2026-04-13 21:00,RHF-WBD-01,150.77,-0.39,44.5,1.4
2026-04-13 22:00,RHF-WBD-01,164.35,-0.87,45.33,0.96
2026-04-13 23:00,RHF-WBD-01,160.38,-1.13,45.83,1.53
2026-04-14 00:00,RHF-WBD-01,168.87,-0.19,44.47,1.5
2026-04-14 01:00,RHF-WBD-01,163.62,0.79,47.14,1.68
2026-04-14 02:00,RHF-WBD-01,168.09,0.98,49.25,1.53
2026-04-14 03:00,RHF-WBD-01,182.91,2.01,48.18,1.85
2026-04-14 04:00,RHF-WBD-01,174.78,2.12,46.91,1.99
2026-04-14 05:00,RHF-WBD-01,176.77,1.69,53.73,1.97
2026-04-14 06:00,RHF-WBD-01,179.11,2.57,48.31,1.87
2026-04-14 07:00,RHF-WBD-01,186.26,2.35,49.56,1.83
2026-04-14 08:00,RHF-WBD-01,175.37,0.67,47.9,2.07
2026-04-14 09:00,RHF-WBD-01,174.76,1.66,50.17,1.72
2026-04-14 10:00,RHF-WBD-01,177.98,2.22,47.52,1.79
2026-04-14 11:00,RHF-WBD-01,170.06,0.91,46.55,1.62
2026-04-14 12:00,RHF-WBD-01,161.45,0.76,45.78,1.65
2026-04-14 13:00,RHF-WBD-01,155.85,-0.31,47.1,1.31
2026-04-14 14:00,RHF-WBD-01,161.53,-1.25,47.01,1.54
2026-04-14 15:00,RHF-WBD-01,157.01,-1.14,44.98,1.29
2026-04-14 16:00,RHF-WBD-01,162.91,-2.16,44.84,1.25
2026-04-14 17:00,RHF-WBD-01,157.53,-2.07,43.95,1.08
2026-04-14 18:00,RHF-WBD-01,146.5,-1.84,43.33,1.04
2026-04-14 19:00,RHF-WBD-01,150.19,-1.07,44.83,1.11
2026-04-14 20:00,RHF-WBD-01,159.31,-1.59,44.54,1.15
2026-04-14 21:00,RHF-WBD-01,153.67,-1.76,46.0,1.13
2026-04-14 22:00,RHF-WBD-01,154.55,-1.65,45.55,1.23
2026-04-14 23:00,RHF-WBD-01,165.57,-0.69,46.7,1.32
2026-04-15 00:00,RHF-WBD-01,169.55,1.45,46.0,1.48
2026-04-15 01:00,RHF-WBD-01,172.19,0.75,47.87,1.42
2026-04-15 02:00,RHF-WBD-01,172.75,0.2,48.93,1.37
2026-04-15 03:00,RHF-WBD-01,175.62,1.47,46.67,1.7
2026-04-15 04:00,RHF-WBD-01,178.48,-0.26,50.88,2.05
2026-04-15 05:00,RHF-WBD-01,178.22,0.85,49.83,1.71
2026-04-15 06:00,RHF-WBD-01,176.64,0.63,48.69,2.11
2026-04-15 07:00,RHF-WBD-01,182.6,2.13,48.68,1.8
2026-04-15 08:00,RHF-WBD-01,171.57,0.39,49.94,1.69
2026-04-15 09:00,RHF-WBD-01,169.17,1.2,49.04,1.58
2026-04-15 10:00,RHF-WBD-01,167.24,1.01,49.84,1.64
2026-04-15 11:00,RHF-WBD-01,165.47,1.41,45.83,1.53
2026-04-15 12:00,RHF-WBD-01,168.55,1.57,45.55,1.8
2026-04-15 13:00,RHF-WBD-01,160.37,-1.49,45.67,1.4
2026-04-15 14:00,RHF-WBD-01,156.34,-1.34,43.58,1.34
2026-04-15 15:00,RHF-WBD-01,161.51,0.15,47.4,1.17
2026-04-15 16:00,RHF-WBD-01,160.62,-2.06,43.34,1.08
2026-04-15 17:00,RHF-WBD-01,164.7,-1.45,44.37,1.06
2026-04-15 18:00,RHF-WBD-01,149.93,-2.02,45.24,1.22
2026-04-15 19:00,RHF-WBD-01,155.72,-1.15,42.75,0.98
2026-04-15 20:00,RHF-WBD-01,162.53,-0.52,43.09,1.37
2026-04-15 21:00,RHF-WBD-01,159.86,-0.14,44.67,1.22
2026-04-15 22:00,RHF-WBD-01,161.83,-0.49,44.01,1.22
2026-04-15 23:00,RHF-WBD-01,165.04,-1.3,45.14,1.38
2026-04-16 00:00,RHF-WBD-01,163.54,-0.27,48.0,1.6
2026-04-16 01:00,RHF-WBD-01,166.57,2.52,48.65,1.64
2026-04-16 02:00,RHF-WBD-01,170.81,1.47,49.5,1.68
2026-04-16 03:00,RHF-WBD-01,172.63,1.08,48.3,1.79
2026-04-16 04:00,RHF-WBD-01,182.19,1.54,47.84,1.84
2026-04-16 05:00,RHF-WBD-01,178.7,1.52,48.58,1.99
2026-04-16 06:00,RHF-WBD-01,187.2,1.26,49.09,2.01
2026-04-16 07:00,RHF-WBD-01,174.25,2.01,49.01,1.92
2026-04-16 08:00,RHF-WBD-01,177.23,1.74,48.51,1.7
2026-04-16 09:00,RHF-WBD-01,177.03,1.84,47.0,1.61
2026-04-16 10:00,RHF-WBD-01,171.47,2.1,48.21,1.66
2026-04-16 11:00,RHF-WBD-01,167.23,0.63,46.82,1.73
2026-04-16 12:00,RHF-WBD-01,164.72,0.95,47.06,1.8
2026-04-16 13:00,RHF-WBD-01,158.25,-0.37,46.02,1.21
2026-04-16 14:00,RHF-WBD-01,156.35,-0.4,44.89,1.37
2026-04-16 15:00,RHF-WBD-01,157.62,-0.76,43.73,1.38
2026-04-16 16:00,RHF-WBD-01,151.7,-1.39,44.69,1.1
2026-04-16 17:00,RHF-WBD-01,152.7,-0.85,44.17,1.27
2026-04-16 18:00,RHF-WBD-01,157.17,-2.08,43.34,1.06
2026-04-16 19:00,RHF-WBD-01,151.85,-1.07,44.34,1.12
2026-04-16 20:00,RHF-WBD-01,152.38,-1.51,43.21,1.07
2026-04-16 21:00,RHF-WBD-01,155.06,-1.14,44.37,1.51
2026-04-16 22:00,RHF-WBD-01,160.02,-1.28,46.61,1.52
2026-04-16 23:00,RHF-WBD-01,161.14,-0.18,46.03,1.27
2026-04-17 00:00,RHF-WBD-01,169.08,-0.68,44.34,1.19
2026-04-17 01:00,RHF-WBD-01,168.19,0.15,46.79,1.72
2026-04-17 02:00,RHF-WBD-01,172.38,0.71,49.01,1.53
2026-04-17 03:00,RHF-WBD-01,165.6,1.05,50.7,1.88
2026-04-17 04:00,RHF-WBD-01,179.86,1.45,49.61,1.93
2026-04-17 05:00,RHF-WBD-01,175.54,3.14,48.83,1.86
2026-04-17 06:00,RHF-WBD-01,180.67,3.13,48.98,1.65
2026-04-17 07:00,RHF-WBD-01,183.06,1.53,49.24,1.92
2026-04-17 08:00,RHF-WBD-01,180.45,2.39,48.6,1.86
2026-04-17 09:00,RHF-WBD-01,177.83,0.1,48.26,1.87
2026-04-17 10:00,RHF-WBD-01,173.03,0.43,47.58,1.72
2026-04-17 11:00,RHF-WBD-01,165.28,-0.05,48.03,1.7
2026-04-17 12:00,RHF-WBD-01,160.68,-0.44,48.54,1.62
2026-04-17 13:00,RHF-WBD-01,157.81,-1.66,46.6,1.64
2026-04-17 14:00,RHF-WBD-01,160.24,-1.58,45.39,1.34
2026-04-17 15:00,RHF-WBD-01,160.89,-0.77,44.46,1.29
2026-04-17 16:00,RHF-WBD-01,150.91,-1.95,43.21,1.17
2026-04-17 17:00,RHF-WBD-01,152.24,-1.48,43.72,1.5
2026-04-17 18:00,RHF-WBD-01,148.44,-2.35,42.98,1.2
2026-04-17 19:00,RHF-WBD-01,161.07,-1.71,44.61,1.27
2026-04-17 20:00,RHF-WBD-01,152.27,-0.84,44.54,1.33
2026-04-17 21:00,RHF-WBD-01,158.09,-1.25,44.6,1.03
2026-04-17 22:00,RHF-WBD-01,156.85,-0.49,46.1,1.3
2026-04-17 23:00,RHF-WBD-01,159.97,-0.37,45.08,1.52
2026-04-18 00:00,RHF-WBD-01,167.79,0.86,48.65,1.42
2026-04-18 01:00,RHF-WBD-01,168.2,0.5,48.42,1.69
2026-04-18 02:00,RHF-WBD-01,174.83,1.48,47.31,1.58
2026-04-18 03:00,RHF-WBD-01,173.83,1.19,49.82,1.88
2026-04-18 04:00,RHF-WBD-01,170.27,2.05,50.16,1.94
2026-04-18 05:00,RHF-WBD-01,180.3,2.05,49.78,1.81
2026-04-18 06:00,RHF-WBD-01,178.97,3.6,50.65,2.09
2026-04-18 07:00,RHF-WBD-01,183.09,0.66,47.52,1.8
2026-04-18 08:00,RHF-WBD-01,179.68,0.59,48.56,1.91
2026-04-18 09:00,RHF-WBD-01,178.75,3.34,48.23,1.62
2026-04-18 10:00,RHF-WBD-01,169.27,2.51,48.34,1.46
2026-04-18 11:00,RHF-WBD-01,167.5,1.12,46.84,1.52
2026-04-18 12:00,RHF-WBD-01,163.48,0.62,47.31,1.43
2026-04-18 13:00,RHF-WBD-01,169.72,-1.1,44.1,1.49
2026-04-18 14:00,RHF-WBD-01,163.4,-0.25,46.29,1.39
2026-04-18 15:00,RHF-WBD-01,159.04,-1.8,46.36,1.33
2026-04-18 16:00,RHF-WBD-01,149.99,-1.78,45.95,1.24
2026-04-18 17:00,RHF-WBD-01,151.95,-1.02,44.71,1.2
2026-04-18 18:00,RHF-WBD-01,163.19,-2.78,41.86,0.78
2026-04-18 19:00,RHF-WBD-01,157.31,-3.08,41.89,1.18
2026-04-18 20:00,RHF-WBD-01,159.09,-1.49,44.12,1.18
2026-04-18 21:00,RHF-WBD-01,153.03,-0.88,41.64,1.26
2026-04-18 22:00,RHF-WBD-01,153.83,-1.06,45.36,1.2
2026-04-18 23:00,RHF-WBD-01,164.11,0.13,45.72,1.22
2026-04-19 00:00,RHF-WBD-01,166.24,0.56,43.93,1.49
2026-04-19 01:00,RHF-WBD-01,166.04,-0.02,48.9,1.77
2026-04-19 02:00,RHF-WBD-01,167.74,0.86,49.32,1.54
2026-04-19 03:00,RHF-WBD-01,165.66,1.95,47.01,1.91
2026-04-19 04:00,RHF-WBD-01,178.85,1.73,49.82,1.83
2026-04-19 05:00,RHF-WBD-01,169.36,1.52,50.5,1.95
2026-04-19 06:00,RHF-WBD-01,174.62,2.85,49.01,1.83
2026-04-19 07:00,RHF-WBD-01,172.56,1.78,47.99,1.8
2026-04-19 08:00,RHF-WBD-01,169.47,2.0,50.23,1.93
2026-04-19 09:00,RHF-WBD-01,177.76,1.81,49.02,2.01
2026-04-19 10:00,RHF-WBD-01,181.04,0.27,48.79,1.76
2026-04-19 11:00,RHF-WBD-01,167.45,1.89,47.5,1.61
2026-04-19 12:00,RHF-WBD-01,161.63,-0.51,45.43,1.3
2026-04-19 13:00,RHF-WBD-01,152.22,-1.77,46.45,1.37
2026-04-19 14:00,RHF-WBD-01,161.3,-2.17,44.93,1.16
2026-04-19 15:00,RHF-WBD-01,158.53,-3.71,43.82,1.38
2026-04-19 16:00,RHF-WBD-01,148.41,-1.5,44.3,1.11
2026-04-19 17:00,RHF-WBD-01,155.88,-1.47,40.34,0.91
2026-04-19 18:00,RHF-WBD-01,143.01,-2.77,43.12,0.96
2026-04-19 19:00,RHF-WBD-01,145.38,-1.04,45.2,1.21
2026-04-19 20:00,RHF-WBD-01,157.68,-2.49,42.89,1.35
2026-04-19 21:00,RHF-WBD-01,152.77,-0.89,45.96,0.95
2026-04-19 22:00,RHF-WBD-01,161.28,-1.74,42.67,1.44
2026-04-19 23:00,RHF-WBD-01,160.84,-0.46,44.81,1.35
2026-04-20 00:00,RHF-WBD-01,170.15,0.19,44.87,1.57
2026-04-20 01:00,RHF-WBD-01,173.0,0.54,46.43,1.54
2026-04-20 02:00,RHF-WBD-01,171.45,1.31,47.13,1.58
2026-04-20 03:00,RHF-WBD-01,169.24,1.41,49.02,1.74
2026-04-20 04:00,RHF-WBD-01,177.87,1.71,50.99,1.82
2026-04-20 05:00,RHF-WBD-01,180.01,0.51,49.33,2.06
2026-04-20 06:00,RHF-WBD-01,182.95,0.8,50.06,2.19
2026-04-20 07:00,RHF-WBD-01,184.93,1.11,49.73,1.86
2026-04-20 08:00,RHF-WBD-01,183.72,1.31,49.68,1.84
2026-04-20 09:00,RHF-WBD-01,168.78,1.3,50.52,1.89
2026-04-20 10:00,RHF-WBD-01,172.36,0.74,47.21,1.39
2026-04-20 11:00,RHF-WBD-01,170.08,-1.06,47.15,1.36
2026-04-20 12:00,RHF-WBD-01,162.15,-1.11,44.91,1.55
2026-04-20 13:00,RHF-WBD-01,162.79,0.21,46.22,1.62
2026-04-20 14:00,RHF-WBD-01,161.89,-0.99,47.02,1.09
2026-04-20 15:00,RHF-WBD-01,158.01,-1.66,43.62,1.14
2026-04-20 16:00,RHF-WBD-01,152.98,-1.13,44.2,1.13
2026-04-20 17:00,RHF-WBD-01,156.9,-3.35,44.2,1.21
2026-04-20 18:00,RHF-WBD-01,161.12,-1.94,42.05,1.04
2026-04-20 19:00,RHF-WBD-01,158.48,-2.5,42.18,1.15
2026-04-20 20:00,RHF-WBD-01,158.09,-1.41,43.0,1.51
2026-04-20 21:00,RHF-WBD-01,156.0,-1.2,42.95,1.26
2026-04-20 22:00,RHF-WBD-01,152.93,-0.6,43.52,1.4
2026-04-20 23:00,RHF-WBD-01,159.15,-0.45,44.28,1.65
2026-04-21 00:00,RHF-WBD-01,165.28,1.15,46.16,1.56
2026-04-21 01:00,RHF-WBD-01,172.97,0.91,46.14,1.57
2026-04-21 02:00,RHF-WBD-01,165.96,0.13,47.57,1.65
2026-04-21 03:00,RHF-WBD-01,168.12,0.68,47.14,1.75
2026-04-21 04:00,RHF-WBD-01,178.12,2.53,48.19,1.86
2026-04-21 05:00,RHF-WBD-01,170.86,1.0,49.87,2.07
2026-04-21 06:00,RHF-WBD-01,176.96,2.0,49.86,1.75
2026-04-21 07:00,RHF-WBD-01,177.23,1.37,48.01,1.89
2026-04-21 08:00,RHF-WBD-01,180.24,2.68,49.43,1.6
2026-04-21 09:00,RHF-WBD-01,186.05,1.57,46.62,2.07
2026-04-21 10:00,RHF-WBD-01,174.29,-0.03,46.46,1.84
2026-04-21 11:00,RHF-WBD-01,167.49,0.87,47.07,1.48
2026-04-21 12:00,RHF-WBD-01,158.35,-0.49,46.74,1.61
2026-04-21 13:00,RHF-WBD-01,166.37,0.06,46.08,1.46
2026-04-21 14:00,RHF-WBD-01,161.68,-0.06,44.86,1.17
2026-04-21 15:00,RHF-WBD-01,153.71,-2.36,42.46,1.34
2026-04-21 16:00,RHF-WBD-01,153.48,-1.12,42.2,1.26
2026-04-21 17:00,RHF-WBD-01,152.24,-4.63,41.96,1.17
2026-04-21 18:00,RHF-WBD-01,149.98,-1.87,42.73,1.05
2026-04-21 19:00,RHF-WBD-01,148.87,-3.14,44.35,0.96
2026-04-21 20:00,RHF-WBD-01,161.86,-2.33,44.64,1.3
2026-04-21 21:00,RHF-WBD-01,162.83,-0.65,42.75,1.0
2026-04-21 22:00,RHF-WBD-01,153.03,-2.49,44.55,1.44
2026-04-21 23:00,RHF-WBD-01,160.04,-0.89,45.95,1.55
2026-04-22 00:00,RHF-WBD-01,169.34,0.4,45.41,1.33
2026-04-22 01:00,RHF-WBD-01,159.33,0.52,46.85,1.62
2026-04-22 02:00,RHF-WBD-01,170.89,0.92,47.83,1.73
2026-04-22 03:00,RHF-WBD-01,172.74,2.51,47.37,1.74
2026-04-22 04:00,RHF-WBD-01,172.57,0.06,49.0,1.7
2026-04-22 05:00,RHF-WBD-01,176.19,0.9,48.23,2.08
2026-04-22 06:00,RHF-WBD-01,181.86,4.63,52.25,1.93
2026-04-22 07:00,RHF-WBD-01,165.8,2.4,49.06,1.85
2026-04-22 08:00,RHF-WBD-01,176.2,1.61,49.79,1.79
2026-04-22 09:00,RHF-WBD-01,171.38,2.19,48.66,1.65
2026-04-22 10:00,RHF-WBD-01,173.28,0.26,48.39,1.55
2026-04-22 11:00,RHF-WBD-01,161.35,-0.37,46.05,1.92
2026-04-22 12:00,RHF-WBD-01,167.09,0.0,47.95,1.6
2026-04-22 13:00,RHF-WBD-01,173.08,-0.61,47.14,1.2
2026-04-22 14:00,RHF-WBD-01,157.29,-2.22,45.17,1.27
2026-04-22 15:00,RHF-WBD-01,153.0,-1.23,44.65,1.58
2026-04-22 16:00,RHF-WBD-01,152.11,-3.27,42.81,1.25
2026-04-22 17:00,RHF-WBD-01,151.46,-1.64,44.78,1.13
2026-04-22 18:00,RHF-WBD-01,148.9,-1.36,41.21,1.07
2026-04-22 19:00,RHF-WBD-01,159.43,-2.26,45.31,1.42
2026-04-22 20:00,RHF-WBD-01,160.05,-1.66,43.14,1.35
2026-04-22 21:00,RHF-WBD-01,155.44,-1.04,45.15,1.32
2026-04-22 22:00,RHF-WBD-01,157.2,-1.06,44.63,1.37
2026-04-22 23:00,RHF-WBD-01,166.18,-0.39,44.83,1.51
2026-04-23 00:00,RHF-WBD-01,161.85,-0.74,48.31,1.44
2026-04-23 01:00,RHF-WBD-01,168.86,0.06,46.28,1.67
2026-04-23 02:00,RHF-WBD-01,166.07,1.87,50.31,1.99
2026-04-23 03:00,RHF-WBD-01,171.18,0.17,49.55,1.67
2026-04-23 04:00,RHF-WBD-01,167.71,0.5,49.09,1.81
2026-04-23 05:00,RHF-WBD-01,174.1,2.05,51.89,2.07
2026-04-23 06:00,RHF-WBD-01,174.54,2.39,49.84,2.07
2026-04-23 07:00,RHF-WBD-01,178.36,1.81,49.89,1.72
2026-04-23 08:00,RHF-WBD-01,174.82,0.81,51.46,1.94
2026-04-23 09:00,RHF-WBD-01,175.42,1.3,48.47,1.92
2026-04-23 10:00,RHF-WBD-01,174.82,0.24,46.56,1.67
2026-04-23 11:00,RHF-WBD-01,172.74,0.75,47.49,1.34
2026-04-23 12:00,RHF-WBD-01,166.31,0.19,44.71,1.39
2026-04-23 13:00,RHF-WBD-01,170.59,-0.9,44.27,1.5
2026-04-23 14:00,RHF-WBD-01,160.73,-1.04,45.26,1.43
2026-04-23 15:00,RHF-WBD-01,156.71,0.06,44.04,1.12
2026-04-23 16:00,RHF-WBD-01,156.7,-2.56,44.51,1.26
2026-04-23 17:00,RHF-WBD-01,149.55,-1.1,42.91,1.14
2026-04-23 18:00,RHF-WBD-01,156.51,-0.64,44.62,1.2
2026-04-23 19:00,RHF-WBD-01,156.1,-1.78,44.91,1.15
2026-04-23 20:00,RHF-WBD-01,162.54,-0.48,44.59,1.2
2026-04-23 21:00,RHF-WBD-01,160.05,-1.57,43.68,1.14
2026-04-23 22:00,RHF-WBD-01,161.36,0.3,44.45,1.45
2026-04-23 23:00,RHF-WBD-01,164.53,0.61,45.78,1.55
2026-04-24 00:00,RHF-WBD-01,173.38,0.36,46.77,1.51
2026-04-24 01:00,RHF-WBD-01,172.22,0.15,46.71,1.53
2026-04-24 02:00,RHF-WBD-01,167.94,1.44,47.87,1.62
2026-04-24 03:00,RHF-WBD-01,173.6,0.71,47.95,1.46
2026-04-24 04:00,RHF-WBD-01,175.39,1.75,49.24,1.81
2026-04-24 05:00,RHF-WBD-01,170.82,0.44,49.06,1.78
2026-04-24 06:00,RHF-WBD-01,177.71,2.1,50.4,2.04
2026-04-24 07:00,RHF-WBD-01,174.92,1.39,50.07,1.76
2026-04-24 08:00,RHF-WBD-01,162.51,0.6,50.11,1.81
2026-04-24 09:00,RHF-WBD-01,170.09,0.87,51.33,2.03
2026-04-24 10:00,RHF-WBD-01,170.32,1.75,48.14,1.48
2026-04-24 11:00,RHF-WBD-01,178.12,-0.02,47.12,1.46
2026-04-24 12:00,RHF-WBD-01,164.25,0.06,46.73,1.72
2026-04-24 13:00,RHF-WBD-01,160.63,0.05,45.41,1.47
2026-04-24 14:00,RHF-WBD-01,167.78,-0.64,44.82,1.32
2026-04-24 15:00,RHF-WBD-01,160.58,-1.77,44.43,1.23
2026-04-24 16:00,RHF-WBD-01,158.52,-2.48,44.36,1.29
2026-04-24 17:00,RHF-WBD-01,156.93,-2.9,44.01,0.93
2026-04-24 18:00,RHF-WBD-01,155.44,-2.16,43.92,1.45
2026-04-24 19:00,RHF-WBD-01,154.27,-0.94,44.12,1.07
2026-04-24 20:00,RHF-WBD-01,148.53,-1.25,44.89,1.07
2026-04-24 21:00,RHF-WBD-01,156.25,-1.13,43.81,1.12
2026-04-24 22:00,RHF-WBD-01,163.04,-1.57,45.28,1.46
2026-04-24 23:00,RHF-WBD-01,168.7,-0.06,47.42,1.57
2026-04-25 00:00,RHF-WBD-01,161.57,-0.41,47.47,1.32
2026-04-25 01:00,RHF-WBD-01,177.07,0.41,49.14,1.6
2026-04-25 02:00,RHF-WBD-01,171.33,1.79,46.57,1.89
2026-04-25 03:00,RHF-WBD-01,170.94,0.89,46.11,1.8
2026-04-25 04:00,RHF-WBD-01,179.39,1.7,49.07,1.66
2026-04-25 05:00,RHF-WBD-01,177.77,0.64,49.18,2.15
2026-04-25 06:00,RHF-WBD-01,180.69,1.21,49.22,1.72
2026-04-25 07:00,RHF-WBD-01,171.64,1.21,49.62,1.9
2026-04-25 08:00,RHF-WBD-01,175.29,0.3,47.72,1.8
2026-04-25 09:00,RHF-WBD-01,168.46,-0.21,48.63,1.67
2026-04-25 10:00,RHF-WBD-01,173.45,0.3,48.45,1.79
2026-04-25 11:00,RHF-WBD-01,164.39,1.09,46.78,1.76
2026-04-25 12:00,RHF-WBD-01,170.06,-1.13,47.69,1.57
2026-04-25 13:00,RHF-WBD-01,158.3,-0.28,45.95,1.11
2026-04-25 14:00,RHF-WBD-01,156.87,-1.4,46.05,1.16
2026-04-25 15:00,RHF-WBD-01,147.32,-2.18,42.92,1.5
2026-04-25 16:00,RHF-WBD-01,157.79,-1.18,41.82,1.19
2026-04-25 17:00,RHF-WBD-01,152.87,-0.22,44.49,1.28
2026-04-25 18:00,RHF-WBD-01,159.57,-1.49,41.65,0.61
2026-04-25 19:00,RHF-WBD-01,153.47,-2.35,44.46,1.61
2026-04-25 20:00,RHF-WBD-01,153.42,-3.12,44.96,1.34
2026-04-25 21:00,RHF-WBD-01,161.82,-0.65,44.21,1.14
2026-04-25 22:00,RHF-WBD-01,149.43,-1.36,45.16,1.41
2026-04-25 23:00,RHF-WBD-01,163.13,-1.33,47.06,1.48
2026-04-26 00:00,RHF-WBD-01,173.35,0.97,45.2,1.53
2026-04-26 01:00,RHF-WBD-01,169.09,-0.37,44.82,1.58
2026-04-26 02:00,RHF-WBD-01,169.05,1.47,48.68,1.73
2026-04-26 03:00,RHF-WBD-01,178.56,1.08,47.53,1.45
2026-04-26 04:00,RHF-WBD-01,185.43,0.68,50.77,1.85
2026-04-26 05:00,RHF-WBD-01,188.3,1.66,51.72,2.01
2026-04-26 06:00,RHF-WBD-01,178.22,1.17,49.01,1.82
2026-04-26 07:00,RHF-WBD-01,174.42,1.85,48.41,1.93
2026-04-26 08:00,RHF-WBD-01,175.45,1.84,50.25,1.99
2026-04-26 09:00,RHF-WBD-01,177.01,1.59,48.21,1.8
2026-04-26 10:00,RHF-WBD-01,171.07,0.3,47.53,1.61
2026-04-26 11:00,RHF-WBD-01,171.99,0.76,46.71,1.35
2026-04-26 12:00,RHF-WBD-01,170.72,0.77,46.77,1.38
2026-04-26 13:00,RHF-WBD-01,157.45,-1.45,44.08,1.28
2026-04-26 14:00,RHF-WBD-01,160.43,0.02,44.75,1.23
2026-04-26 15:00,RHF-WBD-01,161.28,-1.71,44.5,1.12
2026-04-26 16:00,RHF-WBD-01,153.81,-1.14,41.79,0.99
2026-04-26 17:00,RHF-WBD-01,153.08,-1.38,43.06,0.99
2026-04-26 18:00,RHF-WBD-01,151.92,-2.62,42.71,1.22
2026-04-26 19:00,RHF-WBD-01,153.11,-2.7,42.71,1.07
2026-04-26 20:00,RHF-WBD-01,149.84,-1.65,40.97,1.09
2026-04-26 21:00,RHF-WBD-01,159.55,0.5,44.06,1.35
2026-04-26 22:00,RHF-WBD-01,161.3,0.25,46.05,1.08
2026-04-26 23:00,RHF-WBD-01,160.71,-1.43,44.7,1.48
2026-04-27 00:00,RHF-WBD-01,169.26,-0.55,44.25,1.54
2026-04-27 01:00,RHF-WBD-01,169.97,-0.36,46.46,1.81
2026-04-27 02:00,RHF-WBD-01,169.79,0.74,49.27,1.65
2026-04-27 03:00,RHF-WBD-01,175.02,1.22,48.08,1.97
2026-04-27 04:00,RHF-WBD-01,167.14,2.26,47.66,2.1
2026-04-27 05:00,RHF-WBD-01,169.46,3.31,47.61,1.63
2026-04-27 06:00,RHF-WBD-01,172.92,3.25,49.49,1.91
2026-04-27 07:00,RHF-WBD-01,177.32,3.12,49.44,1.48
2026-04-27 08:00,RHF-WBD-01,169.43,-0.04,47.91,1.86
2026-04-27 09:00,RHF-WBD-01,172.26,2.27,49.49,1.8
2026-04-27 10:00,RHF-WBD-01,180.55,1.06,49.07,1.48
2026-04-27 11:00,RHF-WBD-01,169.52,1.15,48.56,1.44
2026-04-27 12:00,RHF-WBD-01,165.84,-0.61,46.39,1.33
2026-04-27 13:00,RHF-WBD-01,166.86,-1.74,45.26,1.47
2026-04-27 14:00,RHF-WBD-01,164.77,-0.77,44.03,1.27
2026-04-27 15:00,RHF-WBD-01,153.16,-2.2,43.16,1.19
2026-04-27 16:00,RHF-WBD-01,150.97,-2.47,43.99,1.35
2026-04-27 17:00,RHF-WBD-01,162.21,-3.05,45.19,1.18
2026-04-27 18:00,RHF-WBD-01,157.75,-2.72,45.46,1.09
2026-04-27 19:00,RHF-WBD-01,153.83,-3.46,45.31,1.04
2026-04-27 20:00,RHF-WBD-01,153.3,-1.52,45.28,1.41
2026-04-27 21:00,RHF-WBD-01,154.33,-0.06,44.29,1.26
2026-04-27 22:00,RHF-WBD-01,160.91,0.35,42.69,1.34
2026-04-27 23:00,RHF-WBD-01,165.74,-0.22,46.28,1.61
2026-04-28 00:00,RHF-WBD-01,172.26,0.83,46.56,1.75
2026-04-28 01:00,RHF-WBD-01,171.19,0.21,48.53,1.52
2026-04-28 02:00,RHF-WBD-01,175.64,1.03,47.54,1.72
2026-04-28 03:00,RHF-WBD-01,174.12,0.05,49.07,1.59
2026-04-28 04:00,RHF-WBD-01,176.38,0.99,51.75,1.86
2026-04-28 05:00,RHF-WBD-01,174.56,1.24,50.42,1.7
2026-04-28 06:00,RHF-WBD-01,175.18,2.88,49.8,1.65
2026-04-28 07:00,RHF-WBD-01,177.2,2.94,50.53,2.08
2026-04-28 08:00,RHF-WBD-01,176.48,1.62,49.55,1.95
2026-04-28 09:00,RHF-WBD-01,174.14,-0.18,50.11,1.6
2026-04-28 10:00,RHF-WBD-01,169.78,0.54,45.56,1.64
2026-04-28 11:00,RHF-WBD-01,171.65,-0.73,47.68,1.52
2026-04-28 12:00,RHF-WBD-01,161.65,-0.72,47.72,2.08
2026-04-28 13:00,RHF-WBD-01,155.23,-1.61,44.79,1.65
2026-04-28 14:00,RHF-WBD-01,156.82,0.69,45.49,1.12
2026-04-28 15:00,RHF-WBD-01,163.37,-1.41,46.05,1.31
2026-04-28 16:00,RHF-WBD-01,158.25,-0.62,43.93,1.13
2026-04-28 17:00,RHF-WBD-01,148.87,-2.91,42.5,1.07
2026-04-28 18:00,RHF-WBD-01,148.88,-2.59,43.95,1.12
2026-04-28 19:00,RHF-WBD-01,159.22,-2.17,42.21,0.99
2026-04-28 20:00,RHF-WBD-01,162.46,-1.66,43.7,1.28
2026-04-28 21:00,RHF-WBD-01,157.15,-0.89,44.58,1.46
2026-04-28 22:00,RHF-WBD-01,159.01,-1.37,43.62,1.34
2026-04-28 23:00,RHF-WBD-01,164.73,-0.23,45.67,1.22
2026-04-29 00:00,RHF-WBD-01,160.98,1.2,45.96,1.48
2026-04-29 01:00,RHF-WBD-01,167.33,-0.99,47.2,1.5
2026-04-29 02:00,RHF-WBD-01,174.73,2.4,47.44,1.68
2026-04-29 03:00,RHF-WBD-01,174.02,0.31,50.28,1.9
2026-04-29 04:00,RHF-WBD-01,170.25,2.42,47.57,1.75
2026-04-29 05:00,RHF-WBD-01,173.05,2.01,48.08,1.89
2026-04-29 06:00,RHF-WBD-01,173.66,2.32,50.16,2.16
2026-04-29 07:00,RHF-WBD-01,178.27,1.34,49.39,1.9
2026-04-29 08:00,RHF-WBD-01,168.74,2.63,49.63,1.9
2026-04-29 09:00,RHF-WBD-01,172.53,0.44,48.11,1.77
2026-04-29 10:00,RHF-WBD-01,155.56,0.28,48.41,1.75
2026-04-29 11:00,RHF-WBD-01,161.52,0.1,45.39,1.88
2026-04-29 12:00,RHF-WBD-01,167.22,0.98,46.86,1.49
2026-04-29 13:00,RHF-WBD-01,165.97,0.37,47.22,1.0
2026-04-29 14:00,RHF-WBD-01,164.6,0.07,46.57,1.23
2026-04-29 15:00,RHF-WBD-01,152.81,-1.29,45.42,1.25
2026-04-29 16:00,RHF-WBD-01,144.98,-1.67,43.69,1.14
2026-04-29 17:00,RHF-WBD-01,158.44,-1.85,44.78,1.11
2026-04-29 18:00,RHF-WBD-01,152.66,-1.9,44.1,1.32
2026-04-29 19:00,RHF-WBD-01,155.72,-2.75,42.78,1.47
2026-04-29 20:00,RHF-WBD-01,160.19,-0.73,44.4,1.29
2026-04-29 21:00,RHF-WBD-01,160.29,-1.51,42.87,1.11
2026-04-29 22:00,RHF-WBD-01,158.84,-1.23,44.9,1.44
2026-04-29 23:00,RHF-WBD-01,160.33,-0.83,47.32,1.12
2026-04-30 00:00,RHF-WBD-01,173.51,-0.31,45.2,1.66
2026-04-30 01:00,RHF-WBD-01,174.49,1.28,49.17,1.61
2026-04-30 02:00,RHF-WBD-01,167.56,0.22,46.68,1.69
2026-04-30 03:00,RHF-WBD-01,166.6,2.21,49.4,1.71
2026-04-30 04:00,RHF-WBD-01,172.48,0.95,48.26,1.92
2026-04-30 05:00,RHF-WBD-01,174.45,2.08,49.74,1.62
2026-04-30 06:00,RHF-WBD-01,172.0,3.82,50.25,1.79
2026-04-30 07:00,RHF-WBD-01,176.79,1.73,49.9,1.74
2026-04-30 08:00,RHF-WBD-01,163.49,0.91,48.59,2.04
2026-04-30 09:00,RHF-WBD-01,172.57,2.02,47.84,1.5
2026-04-30 10:00,RHF-WBD-01,174.92,2.1,49.17,1.44
2026-04-30 11:00,RHF-WBD-01,164.21,-0.21,47.06,1.63
2026-04-30 12:00,RHF-WBD-01,168.03,1.82,45.97,1.64
2026-04-30 13:00,RHF-WBD-01,157.15,0.46,45.91,1.25
2026-04-30 14:00,RHF-WBD-01,158.08,-0.61,45.94,1.39
2026-04-30 15:00,RHF-WBD-01,154.57,-2.16,43.83,1.26
2026-04-30 16:00,RHF-WBD-01,158.63,-2.48,43.92,1.15
2026-04-30 17:00,RHF-WBD-01,144.17,-1.96,44.07,0.91
2026-04-30 18:00,RHF-WBD-01,158.58,-2.56,43.46,1.33
2026-04-30 19:00,RHF-WBD-01,157.88,-2.45,43.5,1.07
2026-04-30 20:00,RHF-WBD-01,156.91,-3.01,45.3,1.22
2026-04-30 21:00,RHF-WBD-01,158.66,-2.1,44.56,0.96
2026-04-30 22:00,RHF-WBD-01,164.06,-1.91,44.71,1.44
2026-04-30 23:00,RHF-WBD-01,157.14,-0.99,44.63,1.22
2026-05-01 00:00,RHF-WBD-01,161.07,0.87,47.32,1.45
2026-05-01 01:00,RHF-WBD-01,167.59,0.41,47.98,1.58
2026-05-01 02:00,RHF-WBD-01,171.59,1.37,50.59,1.73
2026-05-01 03:00,RHF-WBD-01,174.25,2.67,46.4,1.81
2026-05-01 04:00,RHF-WBD-01,171.83,0.39,50.08,1.88
2026-05-01 05:00,RHF-WBD-01,177.3,1.8,50.22,1.76
2026-05-01 06:00,RHF-WBD-01,182.33,1.81,48.88,1.98
2026-05-01 07:00,RHF-WBD-01,172.34,2.55,49.76,1.87
2026-05-01 08:00,RHF-WBD-01,179.77,3.15,47.26,1.84
2026-05-01 09:00,RHF-WBD-01,169.11,1.42,48.68,1.58
2026-05-01 10:00,RHF-WBD-01,172.88,1.24,48.56,1.55
2026-05-01 11:00,RHF-WBD-01,167.88,0.65,48.67,1.56
2026-05-01 12:00,RHF-WBD-01,165.99,-0.31,47.29,1.34
2026-05-01 13:00,RHF-WBD-01,158.49,-0.38,45.69,1.17
2026-05-01 14:00,RHF-WBD-01,163.35,0.55,45.5,1.18
2026-05-01 15:00,RHF-WBD-01,165.36,-0.25,44.21,1.24
2026-05-01 16:00,RHF-WBD-01,162.69,-1.78,42.44,1.31
2026-05-01 17:00,RHF-WBD-01,159.31,-2.19,43.21,1.3
2026-05-01 18:00,RHF-WBD-01,152.22,-3.81,44.45,1.08
2026-05-01 19:00,RHF-WBD-01,149.87,-3.48,43.64,0.98
2026-05-01 20:00,RHF-WBD-01,150.69,-1.65,42.86,1.26
2026-05-01 21:00,RHF-WBD-01,154.19,-1.37,43.88,1.31
2026-05-01 22:00,RHF-WBD-01,169.02,-0.82,45.86,1.19
2026-05-01 23:00,RHF-WBD-01,165.53,-0.75,45.14,1.49
2026-05-02 00:00,RHF-WBD-01,173.52,1.06,47.04,1.66
2026-05-02 01:00,RHF-WBD-01,173.44,1.13,48.21,1.63
2026-05-02 02:00,RHF-WBD-01,163.72,2.17,47.42,1.89
2026-05-02 03:00,RHF-WBD-01,172.13,1.61,49.51,1.82
2026-05-02 04:00,RHF-WBD-01,177.67,0.87,49.57,1.56
2026-05-02 05:00,RHF-WBD-01,175.62,2.91,46.66,1.68
2026-05-02 06:00,RHF-WBD-01,178.46,2.19,49.2,1.89
2026-05-02 07:00,RHF-WBD-01,174.96,1.17,49.82,1.82
2026-05-02 08:00,RHF-WBD-01,170.59,1.17,47.1,2.0
2026-05-02 09:00,RHF-WBD-01,166.77,1.84,49.98,1.56
2026-05-02 10:00,RHF-WBD-01,167.21,1.32,46.24,1.43
2026-05-02 11:00,RHF-WBD-01,174.65,0.85,47.52,1.66
2026-05-02 12:00,RHF-WBD-01,162.9,-0.57,45.6,1.2
2026-05-02 13:00,RHF-WBD-01,152.17,0.85,43.16,1.45
2026-05-02 14:00,RHF-WBD-01,158.23,-1.58,42.94,1.23
2026-05-02 15:00,RHF-WBD-01,159.58,-0.95,42.72,1.04
2026-05-02 16:00,RHF-WBD-01,165.38,-2.38,44.84,1.4
2026-05-02 17:00,RHF-WBD-01,150.02,-2.46,44.73,0.93
2026-05-02 18:00,RHF-WBD-01,153.95,-1.94,43.56,1.15
2026-05-02 19:00,RHF-WBD-01,160.47,-1.56,43.81,1.39
2026-05-02 20:00,RHF-WBD-01,159.64,-3.02,43.62,1.35
2026-05-02 21:00,RHF-WBD-01,155.8,-2.84,43.1,1.04
2026-05-02 22:00,RHF-WBD-01,159.9,-1.4,45.78,1.21
2026-05-02 23:00,RHF-WBD-01,160.14,-1.96,44.95,1.36
2026-05-03 00:00,RHF-WBD-01,163.71,0.74,49.03,1.26
2026-05-03 01:00,RHF-WBD-01,162.5,1.02,47.41,1.61
2026-05-03 02:00,RHF-WBD-01,177.92,0.49,47.28,1.57
2026-05-03 03:00,RHF-WBD-01,171.22,1.96,48.87,1.9
2026-05-03 04:00,RHF-WBD-01,176.87,0.53,48.01,1.78
2026-05-03 05:00,RHF-WBD-01,183.8,1.51,49.7,2.13
2026-05-03 06:00,RHF-WBD-01,168.9,1.16,50.71,1.67
2026-05-03 07:00,RHF-WBD-01,175.79,2.29,48.68,2.16
2026-05-03 08:00,RHF-WBD-01,172.16,2.02,48.19,1.77
2026-05-03 09:00,RHF-WBD-01,168.04,2.69,49.2,2.13
2026-05-03 10:00,RHF-WBD-01,169.91,1.86,47.08,1.51
2026-05-03 11:00,RHF-WBD-01,174.82,0.39,47.32,1.39
2026-05-03 12:00,RHF-WBD-01,165.32,1.03,46.97,1.6
2026-05-03 13:00,RHF-WBD-01,161.41,-0.18,46.2,1.45
2026-05-03 14:00,RHF-WBD-01,159.03,-1.29,44.62,1.39
2026-05-03 15:00,RHF-WBD-01,154.5,-1.82,45.51,1.47
2026-05-03 16:00,RHF-WBD-01,154.99,-2.56,42.99,1.23
2026-05-03 17:00,RHF-WBD-01,157.18,-1.95,44.15,1.03
2026-05-03 18:00,RHF-WBD-01,150.79,-2.99,44.51,1.12
2026-05-03 19:00,RHF-WBD-01,148.45,-2.06,43.16,0.88
2026-05-03 20:00,RHF-WBD-01,156.29,-2.12,42.96,1.29
2026-05-03 21:00,RHF-WBD-01,148.52,-1.64,46.19,1.29
2026-05-03 22:00,RHF-WBD-01,162.17,-0.31,45.2,1.33
2026-05-03 23:00,RHF-WBD-01,166.74,0.03,45.1,1.39
2026-05-04 00:00,RHF-WBD-01,167.5,-1.62,46.88,1.88
2026-05-04 01:00,RHF-WBD-01,178.13,0.16,46.94,1.57
2026-05-04 02:00,RHF-WBD-01,174.35,0.22,48.93,1.95
2026-05-04 03:00,RHF-WBD-01,175.08,1.11,49.98,1.55
2026-05-04 04:00,RHF-WBD-01,179.06,1.71,47.1,2.17
2026-05-04 05:00,RHF-WBD-01,172.65,1.19,48.97,1.68
2026-05-04 06:00,RHF-WBD-01,173.81,4.15,48.55,2.04
2026-05-04 07:00,RHF-WBD-01,174.73,2.37,49.52,1.92
2026-05-04 08:00,RHF-WBD-01,163.95,1.79,48.4,1.73
2026-05-04 09:00,RHF-WBD-01,170.19,0.16,48.03,1.89
2026-05-04 10:00,RHF-WBD-01,172.81,1.35,46.73,1.65
2026-05-04 11:00,RHF-WBD-01,169.29,0.62,47.98,1.72
2026-05-04 12:00,RHF-WBD-01,162.78,0.37,47.03,1.45
2026-05-04 13:00,RHF-WBD-01,160.4,-0.26,46.39,1.2
2026-05-04 14:00,RHF-WBD-01,166.35,0.32,45.39,1.28
2026-05-04 15:00,RHF-WBD-01,152.88,-1.67,47.43,1.08
2026-05-04 16:00,RHF-WBD-01,155.34,-1.34,43.82,1.14
2026-05-04 17:00,RHF-WBD-01,157.84,-4.17,43.04,1.18
2026-05-04 18:00,RHF-WBD-01,154.92,-2.05,44.05,1.3
2026-05-04 19:00,RHF-WBD-01,147.01,-1.58,43.59,0.89
2026-05-04 20:00,RHF-WBD-01,155.74,-1.3,43.3,1.3
2026-05-04 21:00,RHF-WBD-01,155.48,-0.52,43.86,1.18
2026-05-04 22:00,RHF-WBD-01,158.99,-1.36,44.67,1.34
2026-05-04 23:00,RHF-WBD-01,159.08,-1.16,46.79,1.11
2026-05-05 00:00,RHF-WBD-01,172.02,0.12,47.16,1.6
2026-05-05 01:00,RHF-WBD-01,164.21,0.01,47.04,1.66
2026-05-05 02:00,RHF-WBD-01,171.15,1.58,48.23,1.53
2026-05-05 03:00,RHF-WBD-01,177.53,1.78,49.17,1.57
2026-05-05 04:00,RHF-WBD-01,173.85,0.25,48.47,1.84
2026-05-05 05:00,RHF-WBD-01,175.43,1.25,49.81,1.68
2026-05-05 06:00,RHF-WBD-01,182.03,2.39,48.43,1.93
2026-05-05 07:00,RHF-WBD-01,172.42,3.16,47.61,1.93
2026-05-05 08:00,RHF-WBD-01,172.62,-0.1,48.39,1.67
2026-05-05 09:00,RHF-WBD-01,170.27,0.93,48.62,1.96
2026-05-05 10:00,RHF-WBD-01,164.97,0.62,48.2,1.62
2026-05-05 11:00,RHF-WBD-01,163.46,2.19,47.34,1.55
2026-05-05 12:00,RHF-WBD-01,166.98,-1.7,47.39,1.49
2026-05-05 13:00,RHF-WBD-01,167.36,-0.87,46.8,1.59
2026-05-05 14:00,RHF-WBD-01,158.64,-0.75,47.21,1.29
2026-05-05 15:00,RHF-WBD-01,155.28,-2.5,41.2,1.03
2026-05-05 16:00,RHF-WBD-01,155.73,-1.09,43.96,0.94
2026-05-05 17:00,RHF-WBD-01,159.11,-1.5,44.05,1.3
2026-05-05 18:00,RHF-WBD-01,150.85,-1.8,42.3,0.92
2026-05-05 19:00,RHF-WBD-01,156.43,-2.39,44.94,1.1
2026-05-05 20:00,RHF-WBD-01,155.12,-2.63,44.81,1.22
2026-05-05 21:00,RHF-WBD-01,156.31,-1.14,45.9,1.11
2026-05-05 22:00,RHF-WBD-01,160.4,-2.33,43.37,1.1
2026-05-05 23:00,RHF-WBD-01,161.22,-2.73,46.43,1.47
2026-05-06 00:00,RHF-WBD-01,166.29,-1.0,47.88,1.56
2026-05-06 01:00,RHF-WBD-01,162.17,0.97,46.78,1.53
2026-05-06 02:00,RHF-WBD-01,181.31,1.85,46.54,2.1
2026-05-06 03:00,RHF-WBD-01,168.61,2.45,48.4,1.99
2026-05-06 04:00,RHF-WBD-01,180.16,1.17,49.83,1.53
2026-05-06 05:00,RHF-WBD-01,176.51,1.63,48.19,1.8
2026-05-06 06:00,RHF-WBD-01,173.51,2.57,50.03,1.98
2026-05-06 07:00,RHF-WBD-01,178.79,2.58,48.24,1.6
2026-05-06 08:00,RHF-WBD-01,175.84,1.32,48.19,1.79
2026-05-06 09:00,RHF-WBD-01,180.97,1.69,48.3,1.62
2026-05-06 10:00,RHF-WBD-01,174.76,0.46,47.34,1.48
2026-05-06 11:00,RHF-WBD-01,167.83,0.81,46.14,1.63
2026-05-06 12:00,RHF-WBD-01,158.86,0.02,45.18,1.63
2026-05-06 13:00,RHF-WBD-01,156.47,-0.39,46.07,1.3
2026-05-06 14:00,RHF-WBD-01,156.69,-0.29,42.79,1.35
2026-05-06 15:00,RHF-WBD-01,153.65,-1.41,44.29,1.04
2026-05-06 16:00,RHF-WBD-01,153.7,-0.65,41.58,1.25
2026-05-06 17:00,RHF-WBD-01,160.33,-2.04,44.15,1.12
2026-05-06 18:00,RHF-WBD-01,150.85,-0.93,42.74,0.84
2026-05-06 19:00,RHF-WBD-01,153.02,-3.45,43.25,1.16
2026-05-06 20:00,RHF-WBD-01,154.46,-2.69,44.34,1.45
2026-05-06 21:00,RHF-WBD-01,158.79,-0.91,43.61,1.26
2026-05-06 22:00,RHF-WBD-01,158.32,-0.38,44.99,1.13
2026-05-06 23:00,RHF-WBD-01,160.25,0.16,43.03,1.42
2026-05-07 00:00,RHF-WBD-01,159.17,1.06,45.91,1.51
2026-05-07 01:00,RHF-WBD-01,160.72,0.07,45.83,1.82
2026-05-07 02:00,RHF-WBD-01,170.36,0.82,47.53,1.75
2026-05-07 03:00,RHF-WBD-01,177.95,1.24,48.53,1.51
2026-05-07 04:00,RHF-WBD-01,174.25,2.63,47.55,1.74
2026-05-07 05:00,RHF-WBD-01,175.46,2.4,48.69,1.73
2026-05-07 06:00,RHF-WBD-01,172.94,0.7,49.99,1.63
2026-05-07 07:00,RHF-WBD-01,174.83,2.28,49.38,1.54
2026-05-07 08:00,RHF-WBD-01,174.92,1.09,49.36,2.01
2026-05-07 09:00,RHF-WBD-01,171.09,0.44,47.03,1.94
2026-05-07 10:00,RHF-WBD-01,163.15,0.99,47.23,1.6
2026-05-07 11:00,RHF-WBD-01,166.73,0.65,46.06,1.66
2026-05-07 12:00,RHF-WBD-01,161.64,-1.02,44.63,1.51
2026-05-07 13:00,RHF-WBD-01,157.75,0.12,44.53,1.59
2026-05-07 14:00,RHF-WBD-01,153.9,-0.11,43.95,1.4
2026-05-07 15:00,RHF-WBD-01,154.62,-1.87,42.11,1.2
2026-05-07 16:00,RHF-WBD-01,148.13,-0.2,46.29,1.16
2026-05-07 17:00,RHF-WBD-01,161.46,-2.69,45.36,1.32
2026-05-07 18:00,RHF-WBD-01,154.99,-1.39,43.26,1.02
2026-05-07 19:00,RHF-WBD-01,150.48,-1.92,43.66,1.17
2026-05-07 20:00,RHF-WBD-01,151.46,-1.85,44.22,1.09
2026-05-07 21:00,RHF-WBD-01,160.99,-2.79,45.43,1.31
2026-05-07 22:00,RHF-WBD-01,156.11,-0.91,45.2,1.48
2026-05-07 23:00,RHF-WBD-01,168.33,1.63,46.21,1.31
2026-05-08 00:00,RHF-WBD-01,154.74,0.06,45.81,1.47
2026-05-08 01:00,RHF-WBD-01,177.09,-0.55,45.76,1.66
2026-05-08 02:00,RHF-WBD-01,172.73,0.18,47.25,1.62
2026-05-08 03:00,RHF-WBD-01,170.5,0.61,48.66,1.73
2026-05-08 04:00,RHF-WBD-01,182.12,3.23,48.51,1.77
2026-05-08 05:00,RHF-WBD-01,174.84,1.98,50.45,2.05
2026-05-08 06:00,RHF-WBD-01,175.53,1.16,49.67,1.89
2026-05-08 07:00,RHF-WBD-01,169.58,2.87,49.06,1.81
2026-05-08 08:00,RHF-WBD-01,171.42,1.38,49.34,1.79
2026-05-08 09:00,RHF-WBD-01,168.9,1.18,47.54,1.85
2026-05-08 10:00,RHF-WBD-01,174.81,1.99,50.68,1.63
2026-05-08 11:00,RHF-WBD-01,169.67,1.23,46.34,1.5
2026-05-08 12:00,RHF-WBD-01,163.48,-0.28,48.28,1.5
2026-05-08 13:00,RHF-WBD-01,164.62,-0.06,43.53,1.45
2026-05-08 14:00,RHF-WBD-01,168.33,-1.72,45.16,1.27
2026-05-08 15:00,RHF-WBD-01,155.52,-2.01,43.87,1.17
2026-05-08 16:00,RHF-WBD-01,150.12,-1.26,44.63,0.99
2026-05-08 17:00,RHF-WBD-01,157.13,-3.04,43.36,1.24
2026-05-08 18:00,RHF-WBD-01,157.51,-1.84,41.91,1.24
2026-05-08 19:00,RHF-WBD-01,161.01,-0.67,42.88,1.45
2026-05-08 20:00,RHF-WBD-01,151.51,-3.77,44.48,1.29
2026-05-08 21:00,RHF-WBD-01,154.41,-0.79,44.81,1.29
2026-05-08 22:00,RHF-WBD-01,162.94,0.07,43.79,1.4
2026-05-08 23:00,RHF-WBD-01,157.61,0.37,45.84,1.65
2026-05-09 00:00,RHF-WBD-01,170.58,0.15,46.62,1.6
2026-05-09 01:00,RHF-WBD-01,165.23,2.29,47.36,1.28
2026-05-09 02:00,RHF-WBD-01,168.96,0.89,46.64,1.83
2026-05-09 03:00,RHF-WBD-01,171.09,-0.01,47.78,1.55
2026-05-09 04:00,RHF-WBD-01,172.0,2.34,48.97,2.07
2026-05-09 05:00,RHF-WBD-01,184.11,3.03,48.15,1.89
2026-05-09 06:00,RHF-WBD-01,165.08,2.07,49.67,1.89
2026-05-09 07:00,RHF-WBD-01,173.73,3.23,50.61,1.72
2026-05-09 08:00,RHF-WBD-01,173.89,1.93,49.16,1.85
2026-05-09 09:00,RHF-WBD-01,166.87,1.25,49.02,1.83
2026-05-09 10:00,RHF-WBD-01,163.38,1.35,47.4,1.67
2026-05-09 11:00,RHF-WBD-01,163.6,0.51,46.96,1.46
2026-05-09 12:00,RHF-WBD-01,164.31,-0.58,45.91,1.51
2026-05-09 13:00,RHF-WBD-01,159.1,0.23,44.87,1.26
2026-05-09 14:00,RHF-WBD-01,152.31,-0.49,43.7,1.15
2026-05-09 15:00,RHF-WBD-01,151.8,-2.52,45.7,1.17
2026-05-09 16:00,RHF-WBD-01,151.92,-2.49,45.02,1.33
2026-05-09 17:00,RHF-WBD-01,146.9,-2.06,44.07,1.0
2026-05-09 18:00,RHF-WBD-01,147.43,-2.48,44.83,0.94
2026-05-09 19:00,RHF-WBD-01,157.51,-0.48,43.29,1.24
2026-05-09 20:00,RHF-WBD-01,156.93,-0.73,44.84,1.03
2026-05-09 21:00,RHF-WBD-01,150.42,-1.21,42.83,1.24
2026-05-09 22:00,RHF-WBD-01,155.04,-2.25,45.54,1.25
2026-05-09 23:00,RHF-WBD-01,161.06,0.56,44.01,1.19
2026-05-10 00:00,RHF-WBD-01,168.06,-0.77,46.06,1.28
2026-05-10 01:00,RHF-WBD-01,161.78,0.45,47.47,1.51
2026-05-10 02:00,RHF-WBD-01,168.11,1.53,48.66,1.51
2026-05-10 03:00,RHF-WBD-01,169.14,1.7,49.62,1.76
2026-05-10 04:00,RHF-WBD-01,172.05,0.81,48.97,2.08
2026-05-10 05:00,RHF-WBD-01,173.35,2.47,49.46,1.56
2026-05-10 06:00,RHF-WBD-01,177.76,3.44,48.84,1.98
2026-05-10 07:00,RHF-WBD-01,179.81,1.18,51.58,1.68
2026-05-10 08:00,RHF-WBD-01,171.09,1.66,49.94,1.91
2026-05-10 09:00,RHF-WBD-01,171.74,0.21,49.45,1.95
2026-05-10 10:00,RHF-WBD-01,172.89,1.65,48.63,1.59
2026-05-10 11:00,RHF-WBD-01,166.83,1.46,47.51,1.77
2026-05-10 12:00,RHF-WBD-01,163.89,0.51,46.45,1.51
2026-05-10 13:00,RHF-WBD-01,153.39,-0.54,45.0,1.7
2026-05-10 14:00,RHF-WBD-01,163.35,-1.41,45.14,1.21
2026-05-10 15:00,RHF-WBD-01,151.43,-1.97,43.25,1.5
2026-05-10 16:00,RHF-WBD-01,154.16,-1.4,45.21,1.25
2026-05-10 17:00,RHF-WBD-01,156.02,-2.31,44.66,0.92
2026-05-10 18:00,RHF-WBD-01,155.99,-2.03,42.85,1.15
2026-05-10 19:00,RHF-WBD-01,160.01,-2.28,43.46,0.93
2026-05-10 20:00,RHF-WBD-01,152.98,-0.95,43.59,1.06
2026-05-10 21:00,RHF-WBD-01,158.07,-2.01,45.59,1.15
2026-05-10 22:00,RHF-WBD-01,166.86,-1.18,45.4,1.44
2026-05-10 23:00,RHF-WBD-01,159.68,-1.51,46.17,1.1
2026-05-11 00:00,RHF-WBD-01,169.65,-1.05,46.24,1.28
2026-05-11 01:00,RHF-WBD-01,161.76,1.2,46.33,1.52
2026-05-11 02:00,RHF-WBD-01,168.15,0.96,47.69,1.84
2026-05-11 03:00,RHF-WBD-01,176.99,2.67,50.55,1.5
2026-05-11 04:00,RHF-WBD-01,171.37,2.81,49.77,1.91
2026-05-11 05:00,RHF-WBD-01,170.57,2.6,48.48,1.79
2026-05-11 06:00,RHF-WBD-01,183.17,1.83,50.85,1.83
2026-05-11 07:00,RHF-WBD-01,179.92,0.52,49.31,2.18
2026-05-11 08:00,RHF-WBD-01,168.96,2.06,48.83,1.87
2026-05-11 09:00,RHF-WBD-01,179.24,0.78,48.8,1.63
2026-05-11 10:00,RHF-WBD-01,171.06,-0.46,46.14,1.84
2026-05-11 11:00,RHF-WBD-01,170.54,0.43,47.32,1.58
2026-05-11 12:00,RHF-WBD-01,165.4,-0.2,46.36,1.65
2026-05-11 13:00,RHF-WBD-01,161.17,-2.5,46.79,0.89
2026-05-11 14:00,RHF-WBD-01,160.88,-1.97,45.55,1.29
2026-05-11 15:00,RHF-WBD-01,150.88,-3.12,46.75,1.21
2026-05-11 16:00,RHF-WBD-01,154.82,-1.73,44.71,1.34
2026-05-11 17:00,RHF-WBD-01,154.45,0.22,43.56,1.1
2026-05-11 18:00,RHF-WBD-01,143.03,-2.05,44.35,0.78
2026-05-11 19:00,RHF-WBD-01,159.65,-1.97,43.49,0.97
2026-05-11 20:00,RHF-WBD-01,154.02,-1.98,43.72,1.29
2026-05-11 21:00,RHF-WBD-01,157.02,-1.67,43.85,0.89
2026-05-11 22:00,RHF-WBD-01,149.42,-1.7,45.75,1.54
2026-05-11 23:00,RHF-WBD-01,165.3,-0.27,45.42,1.46
2026-05-12 00:00,RHF-WBD-01,157.18,0.43,46.24,1.71
2026-05-12 01:00,RHF-WBD-01,169.83,1.46,46.64,1.41
2026-05-12 02:00,RHF-WBD-01,181.82,0.9,48.01,1.52
2026-05-12 03:00,RHF-WBD-01,172.61,-0.03,48.0,1.48
2026-05-12 04:00,RHF-WBD-01,173.76,0.26,48.09,2.0
2026-05-12 05:00,RHF-WBD-01,173.87,2.22,49.47,2.0
2026-05-12 06:00,RHF-WBD-01,179.18,2.28,50.87,1.95
2026-05-12 07:00,RHF-WBD-01,174.1,1.18,48.57,1.85
2026-05-12 08:00,RHF-WBD-01,171.9,0.8,49.43,1.94
2026-05-12 09:00,RHF-WBD-01,177.15,0.58,50.06,1.93
2026-05-12 10:00,RHF-WBD-01,168.55,-0.07,47.81,1.74
2026-05-12 11:00,RHF-WBD-01,173.47,0.57,45.64,1.73
2026-05-12 12:00,RHF-WBD-01,163.77,-0.42,44.51,1.53
2026-05-12 13:00,RHF-WBD-01,156.7,-1.68,45.07,1.29
2026-05-12 14:00,RHF-WBD-01,165.46,-0.6,46.02,1.33
2026-05-12 15:00,RHF-WBD-01,155.97,-1.69,45.34,1.19
2026-05-12 16:00,RHF-WBD-01,148.61,-2.28,44.49,1.4
2026-05-12 17:00,RHF-WBD-01,153.08,-1.78,42.01,1.16
2026-05-12 18:00,RHF-WBD-01,145.48,-2.91,44.17,1.13
2026-05-12 19:00,RHF-WBD-01,157.56,-2.32,44.59,1.0
2026-05-12 20:00,RHF-WBD-01,154.96,-1.67,41.11,1.2
2026-05-12 21:00,RHF-WBD-01,161.98,-1.22,45.23,1.22
2026-05-12 22:00,RHF-WBD-01,161.07,-0.41,43.57,1.36
2026-05-12 23:00,RHF-WBD-01,161.15,0.9,46.73,1.36
2026-05-13 00:00,RHF-WBD-01,166.88,1.17,46.45,1.47
2026-05-13 01:00,RHF-WBD-01,165.85,1.24,48.73,1.35
2026-05-13 02:00,RHF-WBD-01,174.05,1.69,47.22,1.77
2026-05-13 03:00,RHF-WBD-01,176.54,1.84,50.38,1.49
2026-05-13 04:00,RHF-WBD-01,170.98,1.2,49.48,1.85
2026-05-13 05:00,RHF-WBD-01,172.9,0.63,49.15,1.73
2026-05-13 06:00,RHF-WBD-01,173.92,1.55,50.01,2.15
2026-05-13 07:00,RHF-WBD-01,182.72,2.06,50.09,1.71
2026-05-13 08:00,RHF-WBD-01,177.59,1.23,48.54,2.02
2026-05-13 09:00,RHF-WBD-01,175.4,2.16,48.99,1.92
2026-05-13 10:00,RHF-WBD-01,168.05,1.31,48.13,1.77
2026-05-13 11:00,RHF-WBD-01,159.77,0.06,48.44,1.56
2026-05-13 12:00,RHF-WBD-01,156.87,-0.21,47.8,1.55
2026-05-13 13:00,RHF-WBD-01,165.26,-0.83,45.96,1.36
2026-05-13 14:00,RHF-WBD-01,154.98,-0.71,46.07,1.21
2026-05-13 15:00,RHF-WBD-01,160.31,-1.96,44.14,1.09
2026-05-13 16:00,RHF-WBD-01,157.86,-1.17,41.52,1.2
2026-05-13 17:00,RHF-WBD-01,152.53,-2.27,43.68,1.12
2026-05-13 18:00,RHF-WBD-01,149.12,-1.91,44.0,1.29
2026-05-13 19:00,RHF-WBD-01,155.82,-1.79,42.8,1.23
2026-05-13 20:00,RHF-WBD-01,148.09,-1.9,43.61,1.23
2026-05-13 21:00,RHF-WBD-01,161.16,-1.08,42.24,1.43
2026-05-13 22:00,RHF-WBD-01,156.11,-1.23,43.27,1.2
2026-05-13 23:00,RHF-WBD-01,160.71,-0.23,46.4,1.6
2026-05-14 00:00,RHF-WBD-01,166.34,0.04,47.4,1.61
2026-05-14 01:00,RHF-WBD-01,157.06,0.47,49.35,1.76
2026-05-14 02:00,RHF-WBD-01,165.03,1.47,46.45,1.85
2026-05-14 03:00,RHF-WBD-01,168.97,1.31,47.99,2.04
2026-05-14 04:00,RHF-WBD-01,176.13,1.96,49.29,1.84
2026-05-14 05:00,RHF-WBD-01,178.23,0.63,48.22,2.03
2026-05-14 06:00,RHF-WBD-01,169.57,3.03,48.85,1.96
2026-05-14 07:00,RHF-WBD-01,170.92,3.84,48.98,1.95
2026-05-14 08:00,RHF-WBD-01,181.28,1.76,49.16,1.88
2026-05-14 09:00,RHF-WBD-01,167.37,0.42,48.12,1.8
2026-05-14 10:00,RHF-WBD-01,170.06,3.01,48.13,1.59
2026-05-14 11:00,RHF-WBD-01,171.3,-1.53,48.04,1.4
2026-05-14 12:00,RHF-WBD-01,167.26,-0.65,48.31,1.62
2026-05-14 13:00,RHF-WBD-01,158.48,-0.71,46.7,1.41
2026-05-14 14:00,RHF-WBD-01,160.28,-0.85,44.57,1.16
2026-05-14 15:00,RHF-WBD-01,162.46,-1.8,43.66,1.58
2026-05-14 16:00,RHF-WBD-01,160.65,-2.09,43.75,1.24
2026-05-14 17:00,RHF-WBD-01,146.04,-1.84,42.99,1.33
2026-05-14 18:00,RHF-WBD-01,153.01,-1.28,42.5,1.1
2026-05-14 19:00,RHF-WBD-01,158.39,-2.72,45.72,1.26
2026-05-14 20:00,RHF-WBD-01,149.07,-1.83,44.1,1.2
2026-05-14 21:00,RHF-WBD-01,153.26,-2.64,46.65,0.91
2026-05-14 22:00,RHF-WBD-01,163.87,-0.83,44.37,1.32
2026-05-14 23:00,RHF-WBD-01,153.95,-1.03,46.29,1.39
2026-05-15 00:00,RHF-WBD-01,161.3,0.33,46.71,1.59
2026-05-15 01:00,RHF-WBD-01,166.97,-1.3,47.12,1.63
2026-05-15 02:00,RHF-WBD-01,172.52,0.87,47.2,1.56
2026-05-15 03:00,RHF-WBD-01,167.46,0.49,48.23,1.75
2026-05-15 04:00,RHF-WBD-01,182.54,1.78,47.44,1.69
2026-05-15 05:00,RHF-WBD-01,182.12,1.56,48.07,2.1
2026-05-15 06:00,RHF-WBD-01,171.58,3.02,48.12,1.92
2026-05-15 07:00,RHF-WBD-01,177.67,0.6,48.83,1.65
2026-05-15 08:00,RHF-WBD-01,177.99,2.28,49.92,1.78
2026-05-15 09:00,RHF-WBD-01,165.52,1.97,48.1,1.78
2026-05-15 10:00,RHF-WBD-01,172.31,0.95,48.18,1.81
2026-05-15 11:00,RHF-WBD-01,167.78,0.35,49.36,1.47
2026-05-15 12:00,RHF-WBD-01,168.35,-0.95,47.17,1.43
2026-05-15 13:00,RHF-WBD-01,161.3,-0.12,45.04,1.2
2026-05-15 14:00,RHF-WBD-01,161.63,-0.53,44.67,1.67
2026-05-15 15:00,RHF-WBD-01,166.98,-1.86,43.3,1.19
2026-05-15 16:00,RHF-WBD-01,166.81,-0.86,43.97,1.03
2026-05-15 17:00,RHF-WBD-01,164.04,-1.63,43.19,1.3
2026-05-15 18:00,RHF-WBD-01,150.38,-2.86,43.75,1.03
2026-05-15 19:00,RHF-WBD-01,151.32,-0.8,43.93,1.13
2026-05-15 20:00,RHF-WBD-01,151.57,-2.83,44.7,1.27
2026-05-15 21:00,RHF-WBD-01,159.23,-1.08,44.28,1.41
2026-05-15 22:00,RHF-WBD-01,156.92,0.21,45.55,1.35
2026-05-15 23:00,RHF-WBD-01,167.69,-0.16,44.57,1.43
