timestamp,asset_id,vibration,bearing_temperature,motor_current,inlet_pressure
2026-04-01 00:00,SP-IDF-04,3.38,62.51,318.93,-980.94
2026-04-01 01:00,SP-IDF-04,3.63,61.81,334.33,-943.83
2026-04-01 02:00,SP-IDF-04,3.53,59.9,382.05,-953.59
2026-04-01 03:00,SP-IDF-04,4.19,61.7,381.37,-886.91
2026-04-01 04:00,SP-IDF-04,4.04,61.79,375.87,-912.24
2026-04-01 05:00,SP-IDF-04,4.3,68.3,371.16,-862.07
2026-04-01 06:00,SP-IDF-04,3.62,65.33,389.39,-870.59
2026-04-01 07:00,SP-IDF-04,4.19,62.26,383.2,-901.19
2026-04-01 08:00,SP-IDF-04,4.12,61.88,373.45,-895.18
2026-04-01 09:00,SP-IDF-04,3.52,62.86,357.91,-904.43
2026-04-01 10:00,SP-IDF-04,3.49,60.19,351.93,-925.17
2026-04-01 11:00,SP-IDF-04,3.98,62.11,352.16,-957.97
2026-04-01 12:00,SP-IDF-04,3.11,58.39,330.16,-922.05
2026-04-01 13:00,SP-IDF-04,3.45,57.16,350.6,-928.06
2026-04-01 14:00,SP-IDF-04,3.33,59.51,320.46,-1007.64
2026-04-01 15:00,SP-IDF-04,2.97,57.48,323.63,-985.84
2026-04-01 16:00,SP-IDF-04,3.01,60.92,284.21,-998.83
2026-04-01 17:00,SP-IDF-04,2.81,55.95,294.03,-944.66
2026-04-01 18:00,SP-IDF-04,3.33,54.36,289.66,-1039.55
2026-04-01 19:00,SP-IDF-04,2.46,51.09,320.07,-986.43
2026-04-01 20:00,SP-IDF-04,2.81,54.37,321.8,-1023.97
2026-04-01 21:00,SP-IDF-04,2.47,56.06,315.03,-970.06
2026-04-01 22:00,SP-IDF-04,3.5,56.32,323.65,-1008.74
2026-04-01 23:00,SP-IDF-04,3.44,56.64,339.21,-990.76
2026-04-02 00:00,SP-IDF-04,3.2,59.67,326.08,-965.58
2026-04-02 01:00,SP-IDF-04,3.56,60.67,349.9,-930.02
2026-04-02 02:00,SP-IDF-04,3.36,64.7,370.14,-937.98
2026-04-02 03:00,SP-IDF-04,3.98,65.01,369.76,-886.42
2026-04-02 04:00,SP-IDF-04,3.62,65.52,362.6,-960.19
2026-04-02 05:00,SP-IDF-04,4.06,60.1,376.8,-936.51
2026-04-02 06:00,SP-IDF-04,3.57,64.03,369.35,-905.84
2026-04-02 07:00,SP-IDF-04,3.63,62.07,371.58,-873.93
2026-04-02 08:00,SP-IDF-04,4.18,61.64,376.93,-955.65
2026-04-02 09:00,SP-IDF-04,3.75,63.72,390.5,-910.02
2026-04-02 10:00,SP-IDF-04,3.29,64.26,372.93,-930.63
2026-04-02 11:00,SP-IDF-04,3.54,60.91,348.93,-944.65
2026-04-02 12:00,SP-IDF-04,3.51,59.85,314.53,-969.7
2026-04-02 13:00,SP-IDF-04,2.77,60.48,324.36,-967.55
2026-04-02 14:00,SP-IDF-04,3.13,56.85,317.21,-1001.11
2026-04-02 15:00,SP-IDF-04,3.55,56.42,300.02,-969.71
2026-04-02 16:00,SP-IDF-04,2.97,59.1,318.4,-1022.98
2026-04-02 17:00,SP-IDF-04,2.55,52.74,307.19,-1010.51
2026-04-02 18:00,SP-IDF-04,2.81,55.63,337.15,-992.63
2026-04-02 19:00,SP-IDF-04,3.0,54.93,319.66,-967.0
2026-04-02 20:00,SP-IDF-04,2.82,55.59,322.92,-1014.21
2026-04-02 21:00,SP-IDF-04,2.94,56.82,308.86,-986.12
2026-04-02 22:00,SP-IDF-04,3.23,59.02,322.77,-1034.62
2026-04-02 23:00,SP-IDF-04,3.27,61.19,310.18,-1010.89
2026-04-03 00:00,SP-IDF-04,3.29,61.34,343.94,-985.5
2026-04-03 01:00,SP-IDF-04,3.58,60.9,349.74,-904.79
2026-04-03 02:00,SP-IDF-04,3.68,62.71,355.07,-940.51
2026-04-03 03:00,SP-IDF-04,4.04,60.37,349.92,-867.25
2026-04-03 04:00,SP-IDF-04,4.05,64.15,368.13,-864.23
2026-04-03 05:00,SP-IDF-04,3.68,65.71,362.62,-837.9
2026-04-03 06:00,SP-IDF-04,4.11,64.41,375.61,-916.79
2026-04-03 07:00,SP-IDF-04,4.03,65.19,355.81,-918.65
2026-04-03 08:00,SP-IDF-04,3.97,62.87,362.69,-939.36
2026-04-03 09:00,SP-IDF-04,4.1,66.56,357.92,-913.01
2026-04-03 10:00,SP-IDF-04,3.63,65.12,334.23,-892.0
2026-04-03 11:00,SP-IDF-04,3.49,62.28,342.06,-956.9
2026-04-03 12:00,SP-IDF-04,3.57,61.21,325.82,-924.77
2026-04-03 13:00,SP-IDF-04,3.4,62.61,349.42,-983.29
2026-04-03 14:00,SP-IDF-04,3.03,56.67,317.17,-977.96
2026-04-03 15:00,SP-IDF-04,3.74,55.67,316.88,-1013.49
2026-04-03 16:00,SP-IDF-04,3.23,56.1,337.82,-1040.57
2026-04-03 17:00,SP-IDF-04,2.76,57.25,305.17,-990.84
2026-04-03 18:00,SP-IDF-04,3.03,56.21,326.24,-987.0
2026-04-03 19:00,SP-IDF-04,2.86,55.71,290.62,-1016.28
2026-04-03 20:00,SP-IDF-04,2.68,54.66,311.35,-998.71
2026-04-03 21:00,SP-IDF-04,3.29,58.19,325.64,-979.55
2026-04-03 22:00,SP-IDF-04,3.26,52.69,318.9,-990.37
2026-04-03 23:00,SP-IDF-04,3.16,55.36,331.47,-974.58
2026-04-04 00:00,SP-IDF-04,3.66,57.74,318.19,-957.28
2026-04-04 01:00,SP-IDF-04,3.83,63.81,375.76,-974.09
2026-04-04 02:00,SP-IDF-04,3.39,62.4,350.99,-882.73
2026-04-04 03:00,SP-IDF-04,3.9,67.49,339.88,-942.31
2026-04-04 04:00,SP-IDF-04,3.96,66.53,345.4,-865.56
2026-04-04 05:00,SP-IDF-04,3.88,62.54,382.97,-902.75
2026-04-04 06:00,SP-IDF-04,4.01,66.56,339.29,-942.39
2026-04-04 07:00,SP-IDF-04,4.08,65.45,368.0,-885.89
2026-04-04 08:00,SP-IDF-04,4.1,64.94,383.77,-933.07
2026-04-04 09:00,SP-IDF-04,3.82,62.76,363.82,-898.85
2026-04-04 10:00,SP-IDF-04,3.93,63.64,383.21,-933.77
2026-04-04 11:00,SP-IDF-04,3.4,64.15,369.65,-890.35
2026-04-04 12:00,SP-IDF-04,3.91,60.0,347.17,-933.18
2026-04-04 13:00,SP-IDF-04,3.46,59.42,343.05,-977.33
2026-04-04 14:00,SP-IDF-04,3.12,55.61,339.44,-1016.07
2026-04-04 15:00,SP-IDF-04,3.37,56.85,328.34,-992.61
2026-04-04 16:00,SP-IDF-04,2.52,54.75,301.94,-1017.18
2026-04-04 17:00,SP-IDF-04,2.44,55.81,288.37,-1002.84
2026-04-04 18:00,SP-IDF-04,3.31,52.37,309.88,-1036.15
2026-04-04 19:00,SP-IDF-04,2.93,54.06,315.4,-982.33
2026-04-04 20:00,SP-IDF-04,2.65,55.56,315.47,-1050.98
2026-04-04 21:00,SP-IDF-04,3.34,56.24,317.84,-969.1
2026-04-04 22:00,SP-IDF-04,3.0,59.35,354.23,-957.08
2026-04-04 23:00,SP-IDF-04,3.49,60.94,348.24,-982.1
2026-04-05 00:00,SP-IDF-04,3.73,59.05,313.46,-982.96
2026-04-05 01:00,SP-IDF-04,3.23,65.71,366.6,-922.05
2026-04-05 02:00,SP-IDF-04,3.9,65.56,352.33,-886.11
2026-04-05 03:00,SP-IDF-04,3.73,63.74,395.07,-919.91
2026-04-05 04:00,SP-IDF-04,3.95,61.22,377.83,-895.71
2026-04-05 05:00,SP-IDF-04,4.54,64.25,379.97,-884.52
2026-04-05 06:00,SP-IDF-04,4.25,63.69,366.3,-860.7
2026-04-05 07:00,SP-IDF-04,3.85,62.92,390.92,-883.82
2026-04-05 08:00,SP-IDF-04,4.12,61.52,362.17,-944.53
2026-04-05 09:00,SP-IDF-04,4.01,61.02,339.77,-911.04
2026-04-05 10:00,SP-IDF-04,3.84,61.13,365.04,-924.5
2026-04-05 11:00,SP-IDF-04,3.55,60.14,358.79,-938.86
2026-04-05 12:00,SP-IDF-04,3.1,60.9,333.11,-958.35
2026-04-05 13:00,SP-IDF-04,3.11,61.13,341.1,-980.71
2026-04-05 14:00,SP-IDF-04,2.94,56.43,318.75,-969.4
2026-04-05 15:00,SP-IDF-04,2.98,56.18,319.0,-1000.93
2026-04-05 16:00,SP-IDF-04,2.18,55.49,296.48,-1002.32
2026-04-05 17:00,SP-IDF-04,2.79,55.15,296.37,-1020.96
2026-04-05 18:00,SP-IDF-04,2.89,53.21,295.67,-1005.5
2026-04-05 19:00,SP-IDF-04,3.1,53.42,321.29,-1029.94
2026-04-05 20:00,SP-IDF-04,3.03,54.52,298.63,-975.77
2026-04-05 21:00,SP-IDF-04,3.32,54.0,321.49,-990.44
2026-04-05 22:00,SP-IDF-04,2.84,57.56,322.28,-956.89
2026-04-05 23:00,SP-IDF-04,3.4,59.82,374.97,-1009.91
2026-04-06 00:00,SP-IDF-04,3.56,60.52,351.71,-951.53
2026-04-06 01:00,SP-IDF-04,3.13,62.33,372.5,-941.9
2026-04-06 02:00,SP-IDF-04,3.86,63.0,332.69,-890.67
2026-04-06 03:00,SP-IDF-04,3.49,63.79,327.26,-888.17
2026-04-06 04:00,SP-IDF-04,3.83,64.92,378.06,-931.02
2026-04-06 05:00,SP-IDF-04,4.34,64.77,339.12,-911.01
2026-04-06 06:00,SP-IDF-04,4.19,66.88,386.28,-835.61
2026-04-06 07:00,SP-IDF-04,4.33,63.87,359.1,-881.54
2026-04-06 08:00,SP-IDF-04,3.84,62.58,374.16,-880.87
2026-04-06 09:00,SP-IDF-04,3.8,63.24,352.86,-910.59
2026-04-06 10:00,SP-IDF-04,3.89,63.2,369.27,-906.85
2026-04-06 11:00,SP-IDF-04,3.36,62.43,355.99,-929.33
2026-04-06 12:00,SP-IDF-04,3.23,61.43,345.21,-985.11
2026-04-06 13:00,SP-IDF-04,3.25,58.39,308.65,-983.93
2026-04-06 14:00,SP-IDF-04,3.17,55.95,334.97,-1006.83
2026-04-06 15:00,SP-IDF-04,2.58,55.54,325.8,-982.59
2026-04-06 16:00,SP-IDF-04,3.02,54.28,302.6,-1007.74
2026-04-06 17:00,SP-IDF-04,2.73,55.3,314.48,-1032.58
2026-04-06 18:00,SP-IDF-04,2.63,53.27,298.25,-1035.2
2026-04-06 19:00,SP-IDF-04,3.16,56.32,283.67,-947.96
2026-04-06 20:00,SP-IDF-04,3.08,55.13,309.19,-994.21
2026-04-06 21:00,SP-IDF-04,2.96,54.64,307.26,-1038.24
2026-04-06 22:00,SP-IDF-04,2.95,58.97,312.6,-983.07
2026-04-06 23:00,SP-IDF-04,3.43,60.07,319.47,-961.35
2026-04-07 00:00,SP-IDF-04,3.19,58.56,333.87,-961.52
2026-04-07 01:00,SP-IDF-04,3.9,64.85,334.39,-910.76
2026-04-07 02:00,SP-IDF-04,3.82,61.0,341.75,-927.18
2026-04-07 03:00,SP-IDF-04,3.73,65.63,364.79,-912.45
2026-04-07 04:00,SP-IDF-04,4.13,68.15,358.39,-927.88
2026-04-07 05:00,SP-IDF-04,4.14,62.97,375.55,-886.77
2026-04-07 06:00,SP-IDF-04,4.05,65.48,376.42,-855.01
2026-04-07 07:00,SP-IDF-04,4.02,67.78,351.4,-911.05
2026-04-07 08:00,SP-IDF-04,3.97,65.73,379.05,-895.71
2026-04-07 09:00,SP-IDF-04,4.26,59.93,357.4,-902.56
2026-04-07 10:00,SP-IDF-04,4.22,61.54,373.94,-898.02
2026-04-07 11:00,SP-IDF-04,3.6,58.89,361.84,-896.58
2026-04-07 12:00,SP-IDF-04,3.59,63.05,353.36,-981.01
2026-04-07 13:00,SP-IDF-04,3.27,59.16,334.36,-967.83
2026-04-07 14:00,SP-IDF-04,3.04,59.84,320.84,-1008.2
2026-04-07 15:00,SP-IDF-04,2.98,58.35,346.67,-1022.77
2026-04-07 16:00,SP-IDF-04,3.2,57.77,316.76,-984.86
2026-04-07 17:00,SP-IDF-04,2.65,54.91,312.43,-981.26
2026-04-07 18:00,SP-IDF-04,2.8,55.0,301.97,-1028.12
2026-04-07 19:00,SP-IDF-04,3.02,55.7,310.29,-992.19
2026-04-07 20:00,SP-IDF-04,2.73,58.66,301.53,-1046.07
2026-04-07 21:00,SP-IDF-04,2.96,57.32,342.41,-997.58
2026-04-07 22:00,SP-IDF-04,3.33,57.51,327.49,-988.13
2026-04-07 23:00,SP-IDF-04,3.43,57.48,333.35,-981.3
2026-04-08 00:00,SP-IDF-04,3.51,56.41,332.49,-924.62
2026-04-08 01:00,SP-IDF-04,3.5,60.82,338.55,-932.08
2026-04-08 02:00,SP-IDF-04,4.06,62.55,349.8,-919.81
2026-04-08 03:00,SP-IDF-04,4.1,61.37,360.34,-895.0
2026-04-08 04:00,SP-IDF-04,4.35,62.83,390.31,-926.82
2026-04-08 05:00,SP-IDF-04,4.24,64.25,382.02,-881.35
2026-04-08 06:00,SP-IDF-04,4.27,67.25,385.49,-891.08
2026-04-08 07:00,SP-IDF-04,3.76,66.79,400.17,-883.8
2026-04-08 08:00,SP-IDF-04,4.16,61.42,342.48,-900.24
2026-04-08 09:00,SP-IDF-04,3.67,62.96,352.96,-897.77
2026-04-08 10:00,SP-IDF-04,3.93,60.65,374.0,-948.36
2026-04-08 11:00,SP-IDF-04,3.52,64.19,345.75,-961.14
2026-04-08 12:00,SP-IDF-04,3.26,62.76,333.94,-881.28
2026-04-08 13:00,SP-IDF-04,3.32,58.09,326.43,-976.93
2026-04-08 14:00,SP-IDF-04,3.09,58.7,312.03,-966.47
2026-04-08 15:00,SP-IDF-04,3.4,53.38,303.87,-1011.29
2026-04-08 16:00,SP-IDF-04,2.89,56.07,310.62,-979.74
2026-04-08 17:00,SP-IDF-04,3.17,52.38,283.08,-1004.31
2026-04-08 18:00,SP-IDF-04,2.83,55.31,302.18,-1027.26
2026-04-08 19:00,SP-IDF-04,3.19,57.27,311.44,-971.34
2026-04-08 20:00,SP-IDF-04,3.12,57.46,302.21,-1039.65
2026-04-08 21:00,SP-IDF-04,2.87,54.42,305.39,-983.32
2026-04-08 22:00,SP-IDF-04,3.53,56.96,292.82,-944.08
2026-04-08 23:00,SP-IDF-04,3.34,59.63,353.1,-946.74
2026-04-09 00:00,SP-IDF-04,3.34,59.64,335.08,-1003.97
2026-04-09 01:00,SP-IDF-04,3.35,57.86,359.39,-873.21
2026-04-09 02:00,SP-IDF-04,3.67,65.08,364.68,-928.75
2026-04-09 03:00,SP-IDF-04,3.81,66.85,346.66,-876.98
2026-04-09 04:00,SP-IDF-04,4.26,60.28,393.33,-908.86
2026-04-09 05:00,SP-IDF-04,3.99,65.69,392.48,-876.07
2026-04-09 06:00,SP-IDF-04,4.19,64.62,368.58,-829.85
2026-04-09 07:00,SP-IDF-04,4.38,62.32,368.71,-886.8
2026-04-09 08:00,SP-IDF-04,4.08,64.74,376.61,-910.38
2026-04-09 09:00,SP-IDF-04,3.91,65.74,353.73,-914.5
2026-04-09 10:00,SP-IDF-04,3.69,61.97,356.13,-947.39
2026-04-09 11:00,SP-IDF-04,3.39,58.15,354.9,-883.67
2026-04-09 12:00,SP-IDF-04,3.4,59.03,328.65,-989.33
2026-04-09 13:00,SP-IDF-04,3.2,63.6,323.71,-979.07
2026-04-09 14:00,SP-IDF-04,3.26,55.83,324.94,-995.54
2026-04-09 15:00,SP-IDF-04,3.1,53.48,327.58,-1007.21
2026-04-09 16:00,SP-IDF-04,2.56,58.98,298.45,-1000.16
2026-04-09 17:00,SP-IDF-04,3.34,57.44,317.78,-1004.52
2026-04-09 18:00,SP-IDF-04,2.95,55.02,310.97,-1031.8
2026-04-09 19:00,SP-IDF-04,3.23,54.71,330.56,-1040.85
2026-04-09 20:00,SP-IDF-04,2.94,55.94,287.39,-996.67
2026-04-09 21:00,SP-IDF-04,3.05,57.9,340.25,-943.53
2026-04-09 22:00,SP-IDF-04,3.21,57.69,351.92,-975.95
2026-04-09 23:00,SP-IDF-04,3.25,57.8,332.75,-957.59
2026-04-10 00:00,SP-IDF-04,3.52,61.49,362.9,-946.35
2026-04-10 01:00,SP-IDF-04,3.77,62.78,365.55,-919.78
2026-04-10 02:00,SP-IDF-04,3.53,63.18,361.2,-903.27
2026-04-10 03:00,SP-IDF-04,3.71,60.97,359.17,-914.58
2026-04-10 04:00,SP-IDF-04,4.09,63.04,386.22,-909.63
2026-04-10 05:00,SP-IDF-04,4.01,65.39,366.61,-897.64
2026-04-10 06:00,SP-IDF-04,4.29,65.13,353.32,-841.08
2026-04-10 07:00,SP-IDF-04,4.63,68.52,385.12,-901.62
2026-04-10 08:00,SP-IDF-04,3.94,64.22,367.61,-903.72
2026-04-10 09:00,SP-IDF-04,3.45,65.37,368.89,-896.01
2026-04-10 10:00,SP-IDF-04,3.89,63.05,362.76,-869.21
2026-04-10 11:00,SP-IDF-04,3.62,60.0,363.57,-919.61
2026-04-10 12:00,SP-IDF-04,3.37,59.86,346.8,-938.44
2026-04-10 13:00,SP-IDF-04,3.1,59.12,327.42,-978.09
2026-04-10 14:00,SP-IDF-04,2.84,57.9,340.72,-952.9
2026-04-10 15:00,SP-IDF-04,3.07,56.92,293.47,-997.65
2026-04-10 16:00,SP-IDF-04,3.28,55.26,304.57,-979.01
2026-04-10 17:00,SP-IDF-04,2.74,56.46,308.56,-1005.65
2026-04-10 18:00,SP-IDF-04,2.18,54.44,312.84,-948.8
2026-04-10 19:00,SP-IDF-04,2.86,57.74,304.75,-992.26
2026-04-10 20:00,SP-IDF-04,2.87,57.77,317.77,-1030.09
2026-04-10 21:00,SP-IDF-04,3.08,56.2,318.14,-1002.2
2026-04-10 22:00,SP-IDF-04,3.57,56.65,329.7,-990.64
2026-04-10 23:00,SP-IDF-04,3.95,59.39,352.27,-937.65
2026-04-11 00:00,SP-IDF-04,3.99,62.03,346.82,-957.36
2026-04-11 01:00,SP-IDF-04,3.74,63.67,330.04,-985.82
2026-04-11 02:00,SP-IDF-04,3.91,61.63,362.48,-915.43
2026-04-11 03:00,SP-IDF-04,3.93,62.88,400.7,-896.52
2026-04-11 04:00,SP-IDF-04,4.07,62.58,384.44,-910.55
2026-04-11 05:00,SP-IDF-04,4.15,63.42,363.41,-839.43
2026-04-11 06:00,SP-IDF-04,3.93,66.46,368.24,-889.16
2026-04-11 07:00,SP-IDF-04,3.77,64.63,373.45,-909.61
2026-04-11 08:00,SP-IDF-04,4.27,65.69,365.9,-908.32
2026-04-11 09:00,SP-IDF-04,3.27,61.7,364.92,-922.43
2026-04-11 10:00,SP-IDF-04,3.76,62.17,345.84,-904.44
2026-04-11 11:00,SP-IDF-04,3.13,58.42,343.79,-917.65
2026-04-11 12:00,SP-IDF-04,3.55,52.44,320.63,-939.29
2026-04-11 13:00,SP-IDF-04,3.25,59.77,321.92,-947.4
2026-04-11 14:00,SP-IDF-04,3.25,58.11,312.3,-1027.2
2026-04-11 15:00,SP-IDF-04,3.27,54.88,300.56,-990.75
2026-04-11 16:00,SP-IDF-04,2.74,52.21,348.61,-1059.24
2026-04-11 17:00,SP-IDF-04,2.86,53.7,325.94,-1035.29
2026-04-11 18:00,SP-IDF-04,3.03,52.84,297.96,-1011.27
2026-04-11 19:00,SP-IDF-04,2.54,60.04,301.9,-1012.37
2026-04-11 20:00,SP-IDF-04,3.23,57.93,338.58,-967.2
2026-04-11 21:00,SP-IDF-04,2.73,60.01,333.62,-973.74
2026-04-11 22:00,SP-IDF-04,3.75,56.41,323.91,-1011.01
2026-04-11 23:00,SP-IDF-04,3.29,59.6,324.58,-977.88
2026-04-12 00:00,SP-IDF-04,3.14,59.81,332.18,-912.8
2026-04-12 01:00,SP-IDF-04,3.46,58.5,340.39,-923.37
2026-04-12 02:00,SP-IDF-04,4.18,61.5,351.25,-914.58
2026-04-12 03:00,SP-IDF-04,4.33,65.06,346.87,-893.61
2026-04-12 04:00,SP-IDF-04,4.53,63.02,402.45,-893.77
2026-04-12 05:00,SP-IDF-04,4.23,62.7,379.31,-873.33
2026-04-12 06:00,SP-IDF-04,3.97,64.08,355.64,-906.19
2026-04-12 07:00,SP-IDF-04,4.18,67.68,396.51,-906.21
2026-04-12 08:00,SP-IDF-04,4.16,64.91,371.49,-867.66
2026-04-12 09:00,SP-IDF-04,3.84,66.12,381.14,-887.65
2026-04-12 10:00,SP-IDF-04,3.99,64.23,338.93,-919.3
2026-04-12 11:00,SP-IDF-04,3.89,62.21,379.81,-967.59
2026-04-12 12:00,SP-IDF-04,3.75,63.62,334.5,-985.72
2026-04-12 13:00,SP-IDF-04,3.82,56.84,335.12,-966.21
2026-04-12 14:00,SP-IDF-04,3.08,57.17,346.87,-956.13
2026-04-12 15:00,SP-IDF-04,3.79,55.74,296.96,-1038.82
2026-04-12 16:00,SP-IDF-04,3.54,54.99,303.92,-996.85
2026-04-12 17:00,SP-IDF-04,2.91,52.56,309.7,-1007.2
2026-04-12 18:00,SP-IDF-04,3.08,55.53,286.78,-982.54
2026-04-12 19:00,SP-IDF-04,2.71,57.62,306.59,-1046.32
2026-04-12 20:00,SP-IDF-04,2.58,56.58,315.46,-995.41
2026-04-12 21:00,SP-IDF-04,3.03,53.61,295.37,-976.36
2026-04-12 22:00,SP-IDF-04,2.87,58.65,334.6,-933.17
2026-04-12 23:00,SP-IDF-04,3.32,59.2,359.81,-941.83
2026-04-13 00:00,SP-IDF-04,3.77,59.3,346.77,-926.26
2026-04-13 01:00,SP-IDF-04,3.81,61.15,351.27,-931.27
2026-04-13 02:00,SP-IDF-04,3.52,61.22,370.0,-919.25
2026-04-13 03:00,SP-IDF-04,3.71,62.16,359.53,-894.83
2026-04-13 04:00,SP-IDF-04,4.11,62.37,401.95,-851.03
2026-04-13 05:00,SP-IDF-04,3.9,63.66,362.07,-906.17
2026-04-13 06:00,SP-IDF-04,4.34,64.62,371.11,-855.87
2026-04-13 07:00,SP-IDF-04,4.24,64.73,361.84,-859.27
2026-04-13 08:00,SP-IDF-04,4.14,68.36,362.34,-921.32
2026-04-13 09:00,SP-IDF-04,3.77,59.99,371.81,-826.16
2026-04-13 10:00,SP-IDF-04,3.41,65.1,374.07,-916.61
2026-04-13 11:00,SP-IDF-04,3.69,60.79,358.23,-895.23
2026-04-13 12:00,SP-IDF-04,3.5,58.11,357.22,-943.18
2026-04-13 13:00,SP-IDF-04,3.08,56.78,350.55,-953.28
2026-04-13 14:00,SP-IDF-04,2.64,55.78,328.29,-1036.99
2026-04-13 15:00,SP-IDF-04,2.87,55.0,319.15,-958.52
2026-04-13 16:00,SP-IDF-04,3.1,52.26,289.95,-1009.88
2026-04-13 17:00,SP-IDF-04,3.12,56.41,338.83,-1052.53
2026-04-13 18:00,SP-IDF-04,3.4,55.45,322.74,-1051.81
2026-04-13 19:00,SP-IDF-04,3.22,58.06,298.04,-1000.9
2026-04-13 20:00,SP-IDF-04,2.98,55.68,316.99,-959.58
2026-04-13 21:00,SP-IDF-04,3.11,54.99,313.21,-964.64
2026-04-13 22:00,SP-IDF-04,3.65,59.42,302.22,-978.65
2026-04-13 23:00,SP-IDF-04,3.25,56.73,322.51,-930.2
2026-04-14 00:00,SP-IDF-04,3.78,60.56,371.42,-934.9
2026-04-14 01:00,SP-IDF-04,3.37,59.64,346.73,-893.87
2026-04-14 02:00,SP-IDF-04,3.74,66.18,348.33,-882.66
2026-04-14 03:00,SP-IDF-04,3.97,62.38,361.15,-907.41
2026-04-14 04:00,SP-IDF-04,3.93,62.4,371.7,-879.46
2026-04-14 05:00,SP-IDF-04,4.1,62.91,368.21,-888.49
2026-04-14 06:00,SP-IDF-04,4.12,65.49,368.37,-907.13
2026-04-14 07:00,SP-IDF-04,3.65,65.32,360.76,-924.4
2026-04-14 08:00,SP-IDF-04,3.92,63.86,365.03,-867.36
2026-04-14 09:00,SP-IDF-04,3.54,62.69,339.1,-889.73
2026-04-14 10:00,SP-IDF-04,3.94,61.33,353.2,-922.97
2026-04-14 11:00,SP-IDF-04,3.38,63.0,371.11,-917.24
2026-04-14 12:00,SP-IDF-04,3.41,61.74,321.23,-936.42
2026-04-14 13:00,SP-IDF-04,3.39,60.94,321.89,-967.75
2026-04-14 14:00,SP-IDF-04,3.46,60.72,320.56,-958.68
2026-04-14 15:00,SP-IDF-04,3.05,56.46,306.55,-979.69
2026-04-14 16:00,SP-IDF-04,2.75,57.25,311.93,-1003.79
2026-04-14 17:00,SP-IDF-04,2.69,57.76,321.5,-993.97
2026-04-14 18:00,SP-IDF-04,2.61,56.14,331.76,-1037.1
2026-04-14 19:00,SP-IDF-04,2.74,53.82,276.33,-1014.13
2026-04-14 20:00,SP-IDF-04,3.3,57.45,315.69,-1045.01
2026-04-14 21:00,SP-IDF-04,2.89,59.18,320.77,-971.58
2026-04-14 22:00,SP-IDF-04,3.28,58.05,334.69,-937.93
2026-04-14 23:00,SP-IDF-04,3.44,56.73,308.22,-940.24
2026-04-15 00:00,SP-IDF-04,3.07,59.18,338.6,-909.27
2026-04-15 01:00,SP-IDF-04,3.71,60.77,353.73,-918.84
2026-04-15 02:00,SP-IDF-04,3.91,62.11,372.1,-945.26
2026-04-15 03:00,SP-IDF-04,3.97,62.32,365.64,-881.04
2026-04-15 04:00,SP-IDF-04,3.9,64.59,371.29,-879.36
2026-04-15 05:00,SP-IDF-04,4.17,68.03,385.24,-857.93
2026-04-15 06:00,SP-IDF-04,4.31,61.18,389.86,-902.45
2026-04-15 07:00,SP-IDF-04,3.9,64.49,369.86,-874.97
2026-04-15 08:00,SP-IDF-04,3.39,65.17,373.89,-908.04
2026-04-15 09:00,SP-IDF-04,4.16,61.57,376.47,-926.84
2026-04-15 10:00,SP-IDF-04,4.22,63.52,386.72,-926.89
2026-04-15 11:00,SP-IDF-04,3.65,59.94,347.53,-981.85
2026-04-15 12:00,SP-IDF-04,3.63,62.43,326.42,-928.8
2026-04-15 13:00,SP-IDF-04,3.69,57.03,309.46,-972.37
2026-04-15 14:00,SP-IDF-04,3.24,59.02,331.69,-988.61
2026-04-15 15:00,SP-IDF-04,2.89,52.78,301.17,-992.98
2026-04-15 16:00,SP-IDF-04,2.89,55.74,311.02,-975.38
2026-04-15 17:00,SP-IDF-04,2.9,57.39,295.03,-1014.43
2026-04-15 18:00,SP-IDF-04,2.65,52.19,304.78,-1056.44
2026-04-15 19:00,SP-IDF-04,2.73,56.19,283.04,-1018.2
2026-04-15 20:00,SP-IDF-04,2.85,52.75,312.9,-1020.92
2026-04-15 21:00,SP-IDF-04,3.06,57.85,337.35,-1024.38
2026-04-15 22:00,SP-IDF-04,3.52,57.13,313.36,-951.57
2026-04-15 23:00,SP-IDF-04,2.94,59.68,357.34,-988.86
2026-04-16 00:00,SP-IDF-04,3.67,61.38,364.37,-961.69
2026-04-16 01:00,SP-IDF-04,3.67,63.36,320.66,-896.74
2026-04-16 02:00,SP-IDF-04,4.33,63.48,367.2,-946.46
2026-04-16 03:00,SP-IDF-04,3.67,62.89,381.25,-930.0
2026-04-16 04:00,SP-IDF-04,3.77,67.03,387.29,-906.15
2026-04-16 05:00,SP-IDF-04,3.93,63.12,360.79,-915.12
2026-04-16 06:00,SP-IDF-04,3.9,63.5,370.28,-888.64
2026-04-16 07:00,SP-IDF-04,3.65,63.06,355.58,-877.73
2026-04-16 08:00,SP-IDF-04,3.65,65.68,399.91,-904.81
2026-04-16 09:00,SP-IDF-04,3.67,65.88,375.69,-921.65
2026-04-16 10:00,SP-IDF-04,4.14,62.67,387.26,-942.44
2026-04-16 11:00,SP-IDF-04,3.97,58.54,372.15,-941.18
2026-04-16 12:00,SP-IDF-04,3.74,59.72,315.19,-923.51
2026-04-16 13:00,SP-IDF-04,3.36,58.05,326.35,-998.54
2026-04-16 14:00,SP-IDF-04,3.64,56.93,333.75,-989.64
2026-04-16 15:00,SP-IDF-04,3.29,55.29,315.65,-961.07
2026-04-16 16:00,SP-IDF-04,2.69,58.47,300.88,-1050.2
2026-04-16 17:00,SP-IDF-04,2.97,52.7,296.69,-1036.42
2026-04-16 18:00,SP-IDF-04,3.04,55.22,287.51,-1011.92
2026-04-16 19:00,SP-IDF-04,3.29,54.6,292.47,-987.71
2026-04-16 20:00,SP-IDF-04,3.19,55.88,295.31,-996.58
2026-04-16 21:00,SP-IDF-04,3.01,57.85,314.51,-972.76
2026-04-16 22:00,SP-IDF-04,3.34,58.57,322.67,-999.18
2026-04-16 23:00,SP-IDF-04,3.08,59.06,333.4,-1005.44
2026-04-17 00:00,SP-IDF-04,3.27,58.91,341.88,-962.98
2026-04-17 01:00,SP-IDF-04,3.77,62.29,340.79,-932.15
2026-04-17 02:00,SP-IDF-04,3.68,60.03,328.26,-938.44
2026-04-17 03:00,SP-IDF-04,4.02,63.07,390.37,-865.41
2026-04-17 04:00,SP-IDF-04,4.24,66.14,380.87,-885.46
2026-04-17 05:00,SP-IDF-04,3.94,60.81,361.08,-882.36
2026-04-17 06:00,SP-IDF-04,4.25,68.41,373.68,-879.3
2026-04-17 07:00,SP-IDF-04,4.21,65.4,367.98,-909.27
2026-04-17 08:00,SP-IDF-04,3.72,64.51,357.69,-920.53
2026-04-17 09:00,SP-IDF-04,3.91,65.59,371.7,-922.17
2026-04-17 10:00,SP-IDF-04,4.08,61.07,346.52,-951.28
2026-04-17 11:00,SP-IDF-04,3.46,62.9,343.12,-975.39
2026-04-17 12:00,SP-IDF-04,4.19,59.77,370.55,-957.08
2026-04-17 13:00,SP-IDF-04,3.49,62.66,324.63,-1017.82
2026-04-17 14:00,SP-IDF-04,3.07,57.18,327.36,-959.22
2026-04-17 15:00,SP-IDF-04,2.89,58.76,309.34,-975.74
2026-04-17 16:00,SP-IDF-04,2.85,58.19,333.74,-946.46
2026-04-17 17:00,SP-IDF-04,2.68,54.23,302.66,-1042.93
2026-04-17 18:00,SP-IDF-04,2.79,53.54,297.37,-1022.27
2026-04-17 19:00,SP-IDF-04,2.6,53.24,324.65,-975.68
2026-04-17 20:00,SP-IDF-04,3.07,59.96,279.87,-993.73
2026-04-17 21:00,SP-IDF-04,3.18,55.25,311.81,-1031.87
2026-04-17 22:00,SP-IDF-04,3.03,60.32,343.98,-971.84
2026-04-17 23:00,SP-IDF-04,3.19,59.99,332.75,-972.78
2026-04-18 00:00,SP-IDF-04,3.37,61.52,342.83,-982.69
2026-04-18 01:00,SP-IDF-04,3.61,59.61,339.05,-919.18
2026-04-18 02:00,SP-IDF-04,3.87,63.64,327.02,-928.97
2026-04-18 03:00,SP-IDF-04,4.37,61.93,363.75,-916.89
2026-04-18 04:00,SP-IDF-04,4.1,66.17,371.84,-889.17
2026-04-18 05:00,SP-IDF-04,3.85,64.28,385.8,-900.36
2026-04-18 06:00,SP-IDF-04,4.25,63.72,362.87,-912.21
2026-04-18 07:00,SP-IDF-04,4.21,66.58,367.18,-874.15
2026-04-18 08:00,SP-IDF-04,3.69,69.8,377.22,-889.32
2026-04-18 09:00,SP-IDF-04,3.9,62.36,363.31,-914.34
2026-04-18 10:00,SP-IDF-04,3.68,64.11,375.12,-862.75
2026-04-18 11:00,SP-IDF-04,3.66,60.52,353.0,-976.07
2026-04-18 12:00,SP-IDF-04,3.57,57.18,349.6,-948.6
2026-04-18 13:00,SP-IDF-04,3.16,59.15,337.55,-943.4
2026-04-18 14:00,SP-IDF-04,2.86,58.55,305.49,-951.12
2026-04-18 15:00,SP-IDF-04,3.03,54.31,323.17,-987.31
2026-04-18 16:00,SP-IDF-04,2.95,57.45,302.02,-990.13
2026-04-18 17:00,SP-IDF-04,2.97,56.04,305.72,-1024.94
2026-04-18 18:00,SP-IDF-04,2.85,54.82,274.82,-1002.95
2026-04-18 19:00,SP-IDF-04,2.88,56.14,300.77,-1025.62
2026-04-18 20:00,SP-IDF-04,3.26,57.8,311.25,-1013.35
2026-04-18 21:00,SP-IDF-04,3.26,55.46,322.32,-955.24
2026-04-18 22:00,SP-IDF-04,2.84,56.82,320.27,-923.9
2026-04-18 23:00,SP-IDF-04,3.51,59.85,317.11,-988.0
2026-04-19 00:00,SP-IDF-04,3.72,63.97,339.3,-941.99
2026-04-19 01:00,SP-IDF-04,3.29,62.65,328.59,-924.38
2026-04-19 02:00,SP-IDF-04,3.95,60.69,366.3,-931.76
2026-04-19 03:00,SP-IDF-04,4.13,63.33,355.57,-904.54
2026-04-19 04:00,SP-IDF-04,3.82,65.08,382.02,-863.91
2026-04-19 05:00,SP-IDF-04,4.1,68.12,377.58,-882.88
2026-04-19 06:00,SP-IDF-04,4.1,66.82,366.46,-930.35
2026-04-19 07:00,SP-IDF-04,4.36,63.34,367.19,-890.35
2026-04-19 08:00,SP-IDF-04,3.77,62.6,368.06,-832.17
2026-04-19 09:00,SP-IDF-04,4.35,64.18,364.89,-927.71
2026-04-19 10:00,SP-IDF-04,3.58,63.32,365.3,-955.71
2026-04-19 11:00,SP-IDF-04,3.73,61.57,357.88,-897.88
2026-04-19 12:00,SP-IDF-04,3.77,61.66,373.43,-925.55
2026-04-19 13:00,SP-IDF-04,3.51,57.95,327.95,-946.11
2026-04-19 14:00,SP-IDF-04,3.05,57.4,331.5,-958.06
2026-04-19 15:00,SP-IDF-04,2.93,57.64,318.1,-990.41
2026-04-19 16:00,SP-IDF-04,2.48,53.67,302.52,-984.19
2026-04-19 17:00,SP-IDF-04,3.03,56.36,322.31,-1048.73
2026-04-19 18:00,SP-IDF-04,2.87,57.3,326.55,-1025.3
2026-04-19 19:00,SP-IDF-04,3.0,54.25,317.22,-987.63
2026-04-19 20:00,SP-IDF-04,2.75,53.85,321.82,-1010.14
2026-04-19 21:00,SP-IDF-04,3.15,55.98,339.3,-1016.62
2026-04-19 22:00,SP-IDF-04,3.24,57.6,345.19,-970.59
2026-04-19 23:00,SP-IDF-04,3.45,61.12,344.89,-1001.05
2026-04-20 00:00,SP-IDF-04,3.32,60.1,336.86,-939.62
2026-04-20 01:00,SP-IDF-04,3.86,60.25,339.55,-948.98
2026-04-20 02:00,SP-IDF-04,3.72,60.61,355.39,-968.49
2026-04-20 03:00,SP-IDF-04,3.89,60.55,359.73,-913.88
2026-04-20 04:00,SP-IDF-04,4.11,62.69,418.36,-927.75
2026-04-20 05:00,SP-IDF-04,3.89,63.49,385.22,-877.72
2026-04-20 06:00,SP-IDF-04,4.63,64.81,384.81,-895.64
2026-04-20 07:00,SP-IDF-04,3.86,65.52,359.69,-912.71
2026-04-20 08:00,SP-IDF-04,4.22,60.04,385.94,-901.75
2026-04-20 09:00,SP-IDF-04,3.97,65.23,358.92,-924.76
2026-04-20 10:00,SP-IDF-04,3.83,65.73,367.66,-960.4
2026-04-20 11:00,SP-IDF-04,4.25,61.36,364.7,-934.75
2026-04-20 12:00,SP-IDF-04,3.56,60.56,356.05,-969.11
2026-04-20 13:00,SP-IDF-04,3.24,60.01,352.98,-988.02
2026-04-20 14:00,SP-IDF-04,3.16,57.62,303.56,-928.33
2026-04-20 15:00,SP-IDF-04,3.5,56.43,290.38,-979.67
2026-04-20 16:00,SP-IDF-04,2.98,56.0,303.46,-1029.94
2026-04-20 17:00,SP-IDF-04,3.05,53.15,289.75,-1007.55
2026-04-20 18:00,SP-IDF-04,2.56,54.49,314.83,-1046.62
2026-04-20 19:00,SP-IDF-04,2.98,55.4,292.11,-1054.18
2026-04-20 20:00,SP-IDF-04,2.8,56.55,300.91,-1002.15
2026-04-20 21:00,SP-IDF-04,3.27,56.88,316.69,-988.72
2026-04-20 22:00,SP-IDF-04,3.32,54.56,331.14,-952.1
2026-04-20 23:00,SP-IDF-04,3.06,60.12,315.97,-973.88
2026-04-21 00:00,SP-IDF-04,3.17,58.4,357.38,-952.55
2026-04-21 01:00,SP-IDF-04,3.73,59.8,349.94,-921.42
2026-04-21 02:00,SP-IDF-04,4.44,60.29,359.95,-914.98
2026-04-21 03:00,SP-IDF-04,4.14,63.47,359.1,-901.18
2026-04-21 04:00,SP-IDF-04,4.0,62.59,367.48,-901.87
2026-04-21 05:00,SP-IDF-04,4.13,62.1,362.42,-930.71
2026-04-21 06:00,SP-IDF-04,4.36,65.26,352.53,-890.5
2026-04-21 07:00,SP-IDF-04,4.31,66.92,383.37,-870.27
2026-04-21 08:00,SP-IDF-04,4.27,66.06,357.72,-853.85
2026-04-21 09:00,SP-IDF-04,3.65,63.63,369.63,-912.67
2026-04-21 10:00,SP-IDF-04,4.02,62.45,384.19,-889.72
2026-04-21 11:00,SP-IDF-04,4.03,60.91,338.65,-940.01
2026-04-21 12:00,SP-IDF-04,3.87,59.89,332.64,-958.51
2026-04-21 13:00,SP-IDF-04,3.3,58.26,323.02,-1017.61
2026-04-21 14:00,SP-IDF-04,2.77,55.8,333.24,-945.96
2026-04-21 15:00,SP-IDF-04,3.44,56.7,317.28,-1034.01
2026-04-21 16:00,SP-IDF-04,2.81,56.67,310.97,-968.63
2026-04-21 17:00,SP-IDF-04,3.12,56.94,314.41,-1014.39
2026-04-21 18:00,SP-IDF-04,3.08,56.17,268.99,-1007.5
2026-04-21 19:00,SP-IDF-04,2.71,52.27,311.29,-1021.13
2026-04-21 20:00,SP-IDF-04,2.99,52.61,301.8,-1017.28
2026-04-21 21:00,SP-IDF-04,2.84,57.85,291.62,-969.82
2026-04-21 22:00,SP-IDF-04,3.23,58.62,322.28,-925.49
2026-04-21 23:00,SP-IDF-04,3.32,56.77,337.0,-946.94
2026-04-22 00:00,SP-IDF-04,3.34,59.23,347.74,-937.49
2026-04-22 01:00,SP-IDF-04,3.97,62.08,382.29,-917.83
2026-04-22 02:00,SP-IDF-04,3.68,57.43,353.06,-910.24
2026-04-22 03:00,SP-IDF-04,3.77,60.89,357.5,-892.91
2026-04-22 04:00,SP-IDF-04,4.2,65.11,377.13,-891.21
2026-04-22 05:00,SP-IDF-04,4.48,67.07,399.58,-898.24
2026-04-22 06:00,SP-IDF-04,3.89,65.98,359.51,-892.41
2026-04-22 07:00,SP-IDF-04,4.27,66.76,386.39,-858.09
2026-04-22 08:00,SP-IDF-04,3.91,61.55,364.81,-898.94
2026-04-22 09:00,SP-IDF-04,4.37,62.82,381.68,-905.91
2026-04-22 10:00,SP-IDF-04,4.18,64.28,333.07,-923.43
2026-04-22 11:00,SP-IDF-04,4.26,62.75,354.5,-935.3
2026-04-22 12:00,SP-IDF-04,3.25,59.27,333.59,-946.01
2026-04-22 13:00,SP-IDF-04,3.33,59.06,339.14,-982.98
2026-04-22 14:00,SP-IDF-04,3.3,55.76,321.65,-976.26
2026-04-22 15:00,SP-IDF-04,3.11,56.42,308.96,-941.3
2026-04-22 16:00,SP-IDF-04,2.9,60.36,302.51,-965.66
2026-04-22 17:00,SP-IDF-04,2.54,53.33,299.71,-1024.01
2026-04-22 18:00,SP-IDF-04,2.6,54.01,313.24,-1040.64
2026-04-22 19:00,SP-IDF-04,2.82,56.37,292.19,-973.26
2026-04-22 20:00,SP-IDF-04,3.07,57.67,331.79,-984.22
2026-04-22 21:00,SP-IDF-04,2.56,56.98,310.06,-1017.38
2026-04-22 22:00,SP-IDF-04,3.05,55.98,310.98,-1016.31
2026-04-22 23:00,SP-IDF-04,3.66,60.7,329.13,-983.25
2026-04-23 00:00,SP-IDF-04,3.51,56.17,335.06,-925.24
2026-04-23 01:00,SP-IDF-04,3.4,63.02,337.32,-941.24
2026-04-23 02:00,SP-IDF-04,3.7,60.62,344.04,-920.73
2026-04-23 03:00,SP-IDF-04,3.93,65.15,349.91,-908.3
2026-04-23 04:00,SP-IDF-04,3.96,64.69,387.58,-850.7
2026-04-23 05:00,SP-IDF-04,4.12,63.86,379.43,-933.71
2026-04-23 06:00,SP-IDF-04,4.07,61.65,367.1,-886.79
2026-04-23 07:00,SP-IDF-04,4.18,66.51,393.36,-907.26
2026-04-23 08:00,SP-IDF-04,3.87,61.75,363.18,-874.22
2026-04-23 09:00,SP-IDF-04,4.27,60.28,379.03,-921.51
2026-04-23 10:00,SP-IDF-04,3.64,64.41,402.11,-896.7
2026-04-23 11:00,SP-IDF-04,3.66,61.47,362.28,-907.06
2026-04-23 12:00,SP-IDF-04,3.58,62.48,351.07,-959.43
2026-04-23 13:00,SP-IDF-04,3.31,59.4,333.79,-977.08
2026-04-23 14:00,SP-IDF-04,2.8,58.42,344.67,-937.21
2026-04-23 15:00,SP-IDF-04,3.38,58.89,334.92,-993.96
2026-04-23 16:00,SP-IDF-04,3.03,55.79,308.38,-1012.29
2026-04-23 17:00,SP-IDF-04,2.87,52.94,306.24,-1005.03
2026-04-23 18:00,SP-IDF-04,2.78,55.28,332.35,-1034.32
2026-04-23 19:00,SP-IDF-04,2.78,56.3,318.8,-1031.69
2026-04-23 20:00,SP-IDF-04,2.7,54.53,293.25,-989.46
2026-04-23 21:00,SP-IDF-04,2.95,55.87,302.89,-993.48
2026-04-23 22:00,SP-IDF-04,2.85,60.8,325.06,-975.95
2026-04-23 23:00,SP-IDF-04,3.41,60.08,330.02,-948.51
2026-04-24 00:00,SP-IDF-04,3.39,58.61,325.82,-970.7
2026-04-24 01:00,SP-IDF-04,3.71,63.17,344.41,-944.95
2026-04-24 02:00,SP-IDF-04,3.64,58.34,355.61,-884.36
2026-04-24 03:00,SP-IDF-04,4.21,65.03,371.73,-909.97
2026-04-24 04:00,SP-IDF-04,3.98,60.89,353.28,-907.99
2026-04-24 05:00,SP-IDF-04,4.21,70.66,353.13,-879.79
2026-04-24 06:00,SP-IDF-04,4.31,64.38,396.41,-842.48
2026-04-24 07:00,SP-IDF-04,4.39,63.81,372.38,-870.01
2026-04-24 08:00,SP-IDF-04,3.67,59.67,393.54,-871.29
2026-04-24 09:00,SP-IDF-04,3.88,62.19,333.83,-904.91
2026-04-24 10:00,SP-IDF-04,3.52,66.19,367.41,-950.92
2026-04-24 11:00,SP-IDF-04,3.73,62.29,339.73,-930.77
2026-04-24 12:00,SP-IDF-04,3.19,62.94,359.07,-989.07
2026-04-24 13:00,SP-IDF-04,3.48,56.53,353.54,-944.01
2026-04-24 14:00,SP-IDF-04,2.71,59.77,305.2,-926.87
2026-04-24 15:00,SP-IDF-04,2.5,57.78,298.09,-991.28
2026-04-24 16:00,SP-IDF-04,3.17,56.0,311.16,-982.51
2026-04-24 17:00,SP-IDF-04,2.97,54.45,303.12,-1035.47
2026-04-24 18:00,SP-IDF-04,2.93,53.88,300.28,-1011.77
2026-04-24 19:00,SP-IDF-04,3.14,55.59,298.78,-1028.09
2026-04-24 20:00,SP-IDF-04,2.81,57.52,318.3,-1021.91
2026-04-24 21:00,SP-IDF-04,2.79,56.02,315.64,-998.91
2026-04-24 22:00,SP-IDF-04,3.3,54.81,335.7,-975.52
2026-04-24 23:00,SP-IDF-04,3.14,57.78,308.74,-956.01
2026-04-25 00:00,SP-IDF-04,3.79,64.81,340.48,-920.21
2026-04-25 01:00,SP-IDF-04,4.11,60.74,350.35,-900.3
2026-04-25 02:00,SP-IDF-04,3.58,65.5,352.43,-955.94
2026-04-25 03:00,SP-IDF-04,4.0,60.15,375.3,-895.05
2026-04-25 04:00,SP-IDF-04,3.36,64.37,390.84,-878.02
2026-04-25 05:00,SP-IDF-04,3.97,66.72,353.4,-890.44
2026-04-25 06:00,SP-IDF-04,4.42,67.41,366.06,-893.9
2026-04-25 07:00,SP-IDF-04,4.04,64.74,380.02,-875.43
2026-04-25 08:00,SP-IDF-04,4.11,60.97,362.75,-914.55
2026-04-25 09:00,SP-IDF-04,3.94,64.12,351.18,-950.62
2026-04-25 10:00,SP-IDF-04,3.9,61.65,368.76,-912.27
2026-04-25 11:00,SP-IDF-04,3.04,58.32,335.5,-985.03
2026-04-25 12:00,SP-IDF-04,3.49,61.13,345.16,-949.74
2026-04-25 13:00,SP-IDF-04,3.03,58.83,327.5,-951.79
2026-04-25 14:00,SP-IDF-04,3.24,58.92,330.33,-963.65
2026-04-25 15:00,SP-IDF-04,3.21,55.96,306.06,-993.45
2026-04-25 16:00,SP-IDF-04,2.74,59.55,327.84,-994.96
2026-04-25 17:00,SP-IDF-04,2.89,56.93,312.6,-1009.97
2026-04-25 18:00,SP-IDF-04,2.95,55.67,309.27,-1027.59
2026-04-25 19:00,SP-IDF-04,2.93,57.91,321.2,-1010.08
2026-04-25 20:00,SP-IDF-04,3.29,57.75,306.76,-987.01
2026-04-25 21:00,SP-IDF-04,3.04,58.32,309.25,-1019.16
2026-04-25 22:00,SP-IDF-04,2.94,53.93,328.66,-944.22
2026-04-25 23:00,SP-IDF-04,3.5,63.04,313.37,-939.55
2026-04-26 00:00,SP-IDF-04,3.29,58.67,364.66,-950.84
2026-04-26 01:00,SP-IDF-04,4.05,62.48,360.0,-927.86
2026-04-26 02:00,SP-IDF-04,3.72,63.27,355.71,-886.82
2026-04-26 03:00,SP-IDF-04,4.08,59.52,380.43,-940.9
2026-04-26 04:00,SP-IDF-04,3.88,62.62,380.72,-884.18
2026-04-26 05:00,SP-IDF-04,3.99,63.7,371.14,-877.96
2026-04-26 06:00,SP-IDF-04,4.14,66.01,351.18,-943.42
2026-04-26 07:00,SP-IDF-04,4.0,62.0,366.16,-859.42
2026-04-26 08:00,SP-IDF-04,4.03,63.19,382.81,-868.39
2026-04-26 09:00,SP-IDF-04,3.78,64.86,359.56,-938.72
2026-04-26 10:00,SP-IDF-04,3.93,59.25,347.54,-886.68
2026-04-26 11:00,SP-IDF-04,3.58,60.04,350.59,-927.39
2026-04-26 12:00,SP-IDF-04,3.08,57.29,341.4,-967.87
2026-04-26 13:00,SP-IDF-04,3.44,60.75,331.99,-976.7
2026-04-26 14:00,SP-IDF-04,3.37,56.82,322.65,-974.78
2026-04-26 15:00,SP-IDF-04,2.62,56.28,322.86,-975.28
2026-04-26 16:00,SP-IDF-04,3.07,57.28,319.67,-1033.24
2026-04-26 17:00,SP-IDF-04,3.02,57.38,303.85,-1027.31
2026-04-26 18:00,SP-IDF-04,2.84,56.81,301.83,-970.95
2026-04-26 19:00,SP-IDF-04,2.9,56.11,293.51,-1011.24
2026-04-26 20:00,SP-IDF-04,2.74,56.55,313.74,-1063.26
2026-04-26 21:00,SP-IDF-04,3.34,56.39,335.43,-968.7
2026-04-26 22:00,SP-IDF-04,3.27,58.89,324.37,-949.44
2026-04-26 23:00,SP-IDF-04,3.12,58.54,325.3,-954.58
2026-04-27 00:00,SP-IDF-04,3.27,61.3,330.71,-922.58
2026-04-27 01:00,SP-IDF-04,3.76,58.69,329.42,-910.39
2026-04-27 02:00,SP-IDF-04,4.01,63.49,363.6,-892.96
2026-04-27 03:00,SP-IDF-04,3.55,63.65,365.14,-914.03
2026-04-27 04:00,SP-IDF-04,4.22,63.89,359.63,-869.9
2026-04-27 05:00,SP-IDF-04,4.31,64.99,368.4,-879.87
2026-04-27 06:00,SP-IDF-04,3.79,64.08,372.82,-868.53
2026-04-27 07:00,SP-IDF-04,4.38,69.34,373.2,-884.74
2026-04-27 08:00,SP-IDF-04,4.1,62.68,384.39,-871.27
2026-04-27 09:00,SP-IDF-04,3.96,61.82,353.94,-921.66
2026-04-27 10:00,SP-IDF-04,3.96,61.5,366.58,-937.17
2026-04-27 11:00,SP-IDF-04,3.66,58.9,362.9,-963.26
2026-04-27 12:00,SP-IDF-04,3.9,62.23,351.3,-946.82
2026-04-27 13:00,SP-IDF-04,3.86,59.38,313.79,-953.92
2026-04-27 14:00,SP-IDF-04,2.96,55.6,294.69,-981.55
2026-04-27 15:00,SP-IDF-04,2.83,54.97,325.41,-1025.83
2026-04-27 16:00,SP-IDF-04,3.01,57.9,334.31,-1038.13
2026-04-27 17:00,SP-IDF-04,3.19,55.28,326.91,-1007.34
2026-04-27 18:00,SP-IDF-04,2.53,55.83,286.46,-1010.22
2026-04-27 19:00,SP-IDF-04,3.22,55.37,304.94,-1013.94
2026-04-27 20:00,SP-IDF-04,3.31,57.9,314.02,-1014.71
2026-04-27 21:00,SP-IDF-04,2.92,57.45,298.76,-989.74
2026-04-27 22:00,SP-IDF-04,3.2,57.75,324.5,-978.84
2026-04-27 23:00,SP-IDF-04,2.85,55.72,324.32,-935.41
2026-04-28 00:00,SP-IDF-04,3.68,63.83,336.0,-992.56
2026-04-28 01:00,SP-IDF-04,3.54,61.29,345.7,-903.43
2026-04-28 02:00,SP-IDF-04,3.61,62.55,369.87,-894.77
2026-04-28 03:00,SP-IDF-04,3.66,69.29,368.14,-924.45
2026-04-28 04:00,SP-IDF-04,4.13,66.91,366.37,-845.95
2026-04-28 05:00,SP-IDF-04,4.04,62.16,357.79,-936.79
2026-04-28 06:00,SP-IDF-04,4.33,65.35,395.42,-919.76
2026-04-28 07:00,SP-IDF-04,4.04,64.45,365.38,-868.12
2026-04-28 08:00,SP-IDF-04,3.99,65.72,368.99,-845.6
2026-04-28 09:00,SP-IDF-04,3.75,62.15,357.06,-921.65
2026-04-28 10:00,SP-IDF-04,3.56,64.56,354.7,-944.32
2026-04-28 11:00,SP-IDF-04,3.37,58.68,371.79,-900.15
2026-04-28 12:00,SP-IDF-04,3.37,60.13,334.62,-946.72
2026-04-28 13:00,SP-IDF-04,3.47,59.44,329.7,-945.11
2026-04-28 14:00,SP-IDF-04,2.99,58.4,314.72,-988.61
2026-04-28 15:00,SP-IDF-04,2.89,54.66,328.65,-980.59
2026-04-28 16:00,SP-IDF-04,2.54,56.68,294.26,-997.92
2026-04-28 17:00,SP-IDF-04,2.69,54.96,312.4,-1001.16
2026-04-28 18:00,SP-IDF-04,2.88,60.14,301.52,-1002.44
2026-04-28 19:00,SP-IDF-04,2.42,51.84,307.94,-990.36
2026-04-28 20:00,SP-IDF-04,2.71,55.24,310.27,-1012.58
2026-04-28 21:00,SP-IDF-04,2.97,55.05,314.18,-968.43
2026-04-28 22:00,SP-IDF-04,3.22,54.15,318.47,-1026.01
2026-04-28 23:00,SP-IDF-04,2.74,57.74,333.36,-966.33
2026-04-29 00:00,SP-IDF-04,4.01,59.95,353.28,-956.46
2026-04-29 01:00,SP-IDF-04,3.49,64.75,347.64,-944.86
2026-04-29 02:00,SP-IDF-04,3.71,62.02,360.91,-884.65
2026-04-29 03:00,SP-IDF-04,4.26,62.46,380.12,-896.54
2026-04-29 04:00,SP-IDF-04,3.81,65.01,363.79,-946.4
2026-04-29 05:00,SP-IDF-04,4.2,67.44,343.47,-881.14
2026-04-29 06:00,SP-IDF-04,3.74,66.99,389.13,-871.15
2026-04-29 07:00,SP-IDF-04,4.39,63.23,397.5,-878.38
2026-04-29 08:00,SP-IDF-04,3.85,68.5,358.05,-881.92
2026-04-29 09:00,SP-IDF-04,3.73,63.66,351.93,-920.16
2026-04-29 10:00,SP-IDF-04,3.73,60.72,353.47,-889.56
2026-04-29 11:00,SP-IDF-04,3.73,58.65,342.25,-909.77
2026-04-29 12:00,SP-IDF-04,3.29,61.24,342.55,-964.18
2026-04-29 13:00,SP-IDF-04,3.08,58.55,314.49,-937.98
2026-04-29 14:00,SP-IDF-04,3.18,60.14,330.98,-1037.88
2026-04-29 15:00,SP-IDF-04,3.01,54.04,341.96,-1022.42
2026-04-29 16:00,SP-IDF-04,2.98,56.8,322.59,-999.97
2026-04-29 17:00,SP-IDF-04,2.86,53.22,304.95,-1004.42
2026-04-29 18:00,SP-IDF-04,2.66,57.59,294.55,-1007.39
2026-04-29 19:00,SP-IDF-04,3.07,56.08,322.5,-1002.71
2026-04-29 20:00,SP-IDF-04,3.35,56.28,307.37,-972.7
2026-04-29 21:00,SP-IDF-04,3.71,53.74,325.98,-1014.22
2026-04-29 22:00,SP-IDF-04,3.12,59.4,329.71,-973.67
2026-04-29 23:00,SP-IDF-04,3.05,57.62,340.35,-909.9
2026-04-30 00:00,SP-IDF-04,3.39,60.46,322.57,-938.11
2026-04-30 01:00,SP-IDF-04,3.94,61.58,370.84,-947.85
2026-04-30 02:00,SP-IDF-04,4.17,60.97,335.74,-913.65
2026-04-30 03:00,SP-IDF-04,3.97,63.12,385.49,-847.59
2026-04-30 04:00,SP-IDF-04,4.45,66.85,371.49,-915.67
2026-04-30 05:00,SP-IDF-04,3.94,62.6,381.9,-916.85
2026-04-30 06:00,SP-IDF-04,3.74,67.0,370.88,-879.44
2026-04-30 07:00,SP-IDF-04,4.39,66.3,378.4,-882.69
2026-04-30 08:00,SP-IDF-04,4.12,61.7,375.09,-846.03
2026-04-30 09:00,SP-IDF-04,4.06,63.74,362.92,-909.42
2026-04-30 10:00,SP-IDF-04,4.02,60.96,346.42,-927.73
2026-04-30 11:00,SP-IDF-04,3.54,61.52,342.17,-957.49
2026-04-30 12:00,SP-IDF-04,3.47,59.23,333.09,-975.53
2026-04-30 13:00,SP-IDF-04,3.2,59.4,314.78,-943.16
2026-04-30 14:00,SP-IDF-04,3.68,53.61,322.3,-986.25
2026-04-30 15:00,SP-IDF-04,2.6,56.49,308.96,-962.02
2026-04-30 16:00,SP-IDF-04,3.41,54.46,321.54,-981.62
2026-04-30 17:00,SP-IDF-04,2.89,56.93,324.11,-1001.66
2026-04-30 18:00,SP-IDF-04,2.95,53.25,289.28,-1058.69
2026-04-30 19:00,SP-IDF-04,3.25,55.7,301.15,-1013.72
2026-04-30 20:00,SP-IDF-04,2.76,55.65,282.45,-1018.93
2026-04-30 21:00,SP-IDF-04,3.05,58.84,295.11,-1017.53
2026-04-30 22:00,SP-IDF-04,3.53,58.74,317.67,-965.57
2026-04-30 23:00,SP-IDF-04,3.23,60.27,328.04,-960.67
2026-05-01 00:00,SP-IDF-04,3.39,59.65,331.72,-934.17
2026-05-01 01:00,SP-IDF-04,3.54,60.15,357.93,-928.96
2026-05-01 02:00,SP-IDF-04,3.28,62.76,362.88,-937.08
2026-05-01 03:00,SP-IDF-04,3.75,63.97,351.29,-889.21
2026-05-01 04:00,SP-IDF-04,4.14,63.55,358.91,-895.03
2026-05-01 05:00,SP-IDF-04,4.17,61.34,364.7,-912.52
2026-05-01 06:00,SP-IDF-04,3.62,68.28,393.74,-894.12
2026-05-01 07:00,SP-IDF-04,4.6,66.51,375.83,-879.73
2026-05-01 08:00,SP-IDF-04,4.33,66.09,375.75,-903.02
2026-05-01 09:00,SP-IDF-04,3.82,61.28,368.78,-871.47
2026-05-01 10:00,SP-IDF-04,4.11,59.5,327.55,-974.83
2026-05-01 11:00,SP-IDF-04,3.88,61.19,368.68,-960.17
2026-05-01 12:00,SP-IDF-04,3.35,62.66,353.83,-940.96
2026-05-01 13:00,SP-IDF-04,3.48,61.71,303.14,-965.03
2026-05-01 14:00,SP-IDF-04,2.7,56.24,303.65,-997.46
2026-05-01 15:00,SP-IDF-04,3.2,56.13,332.4,-976.89
2026-05-01 16:00,SP-IDF-04,2.41,55.55,308.6,-998.56
2026-05-01 17:00,SP-IDF-04,2.93,56.52,307.24,-1031.67
2026-05-01 18:00,SP-IDF-04,2.82,55.58,279.55,-997.41
2026-05-01 19:00,SP-IDF-04,2.44,52.43,304.3,-1055.62
2026-05-01 20:00,SP-IDF-04,3.14,50.87,339.73,-1022.47
2026-05-01 21:00,SP-IDF-04,2.59,57.39,299.62,-993.06
2026-05-01 22:00,SP-IDF-04,3.13,58.64,323.7,-981.16
2026-05-01 23:00,SP-IDF-04,2.86,56.36,335.74,-965.98
2026-05-02 00:00,SP-IDF-04,3.8,58.76,325.42,-916.18
2026-05-02 01:00,SP-IDF-04,3.77,61.32,370.92,-902.02
2026-05-02 02:00,SP-IDF-04,3.93,65.48,337.45,-914.09
2026-05-02 03:00,SP-IDF-04,3.84,62.41,350.09,-913.99
2026-05-02 04:00,SP-IDF-04,4.03,60.93,343.19,-897.74
2026-05-02 05:00,SP-IDF-04,4.38,64.99,368.65,-906.55
2026-05-02 06:00,SP-IDF-04,4.32,63.3,381.39,-865.05
2026-05-02 07:00,SP-IDF-04,3.8,65.33,344.89,-871.13
2026-05-02 08:00,SP-IDF-04,4.08,64.89,366.18,-901.19
2026-05-02 09:00,SP-IDF-04,4.21,63.27,360.42,-936.48
2026-05-02 10:00,SP-IDF-04,3.48,62.73,365.28,-932.4
2026-05-02 11:00,SP-IDF-04,3.51,60.03,357.45,-969.08
2026-05-02 12:00,SP-IDF-04,3.72,61.06,294.91,-975.76
2026-05-02 13:00,SP-IDF-04,3.24,62.4,345.66,-980.48
2026-05-02 14:00,SP-IDF-04,3.1,59.24,327.31,-962.62
2026-05-02 15:00,SP-IDF-04,3.1,54.67,305.11,-1005.14
2026-05-02 16:00,SP-IDF-04,3.01,54.88,300.87,-992.34
2026-05-02 17:00,SP-IDF-04,2.97,56.83,314.0,-966.56
2026-05-02 18:00,SP-IDF-04,2.86,59.08,302.11,-1007.6
2026-05-02 19:00,SP-IDF-04,2.48,52.75,330.38,-1019.76
2026-05-02 20:00,SP-IDF-04,2.95,55.48,301.62,-1034.19
2026-05-02 21:00,SP-IDF-04,3.39,58.1,328.82,-1006.91
2026-05-02 22:00,SP-IDF-04,3.35,58.8,317.78,-1021.2
2026-05-02 23:00,SP-IDF-04,3.55,61.19,350.72,-985.57
2026-05-03 00:00,SP-IDF-04,3.72,58.75,345.93,-981.61
2026-05-03 01:00,SP-IDF-04,3.63,62.43,362.94,-936.7
2026-05-03 02:00,SP-IDF-04,3.61,63.48,355.39,-965.77
2026-05-03 03:00,SP-IDF-04,3.83,62.07,366.12,-892.48
2026-05-03 04:00,SP-IDF-04,3.77,66.27,348.21,-882.68
2026-05-03 05:00,SP-IDF-04,3.92,63.51,373.92,-900.41
2026-05-03 06:00,SP-IDF-04,4.64,67.2,369.8,-844.59
2026-05-03 07:00,SP-IDF-04,3.91,65.54,412.59,-896.53
2026-05-03 08:00,SP-IDF-04,3.69,65.11,365.17,-885.98
2026-05-03 09:00,SP-IDF-04,3.87,63.41,366.31,-890.05
2026-05-03 10:00,SP-IDF-04,3.87,60.76,338.23,-908.93
2026-05-03 11:00,SP-IDF-04,3.21,61.36,334.93,-933.46
2026-05-03 12:00,SP-IDF-04,3.8,61.29,359.99,-955.47
2026-05-03 13:00,SP-IDF-04,3.39,59.44,311.91,-992.63
2026-05-03 14:00,SP-IDF-04,2.9,56.23,332.11,-1005.47
2026-05-03 15:00,SP-IDF-04,3.08,59.3,328.97,-985.28
2026-05-03 16:00,SP-IDF-04,2.46,56.02,295.79,-993.37
2026-05-03 17:00,SP-IDF-04,2.34,55.32,335.44,-1026.42
2026-05-03 18:00,SP-IDF-04,2.64,53.9,297.26,-1033.13
2026-05-03 19:00,SP-IDF-04,2.93,54.62,316.8,-1004.79
2026-05-03 20:00,SP-IDF-04,2.73,59.62,311.33,-1006.81
2026-05-03 21:00,SP-IDF-04,3.39,54.42,312.19,-960.54
2026-05-03 22:00,SP-IDF-04,3.31,57.06,284.84,-997.22
2026-05-03 23:00,SP-IDF-04,3.47,59.87,319.8,-944.05
2026-05-04 00:00,SP-IDF-04,3.61,59.61,335.92,-940.54
2026-05-04 01:00,SP-IDF-04,3.1,62.53,364.29,-959.09
2026-05-04 02:00,SP-IDF-04,4.02,60.51,360.06,-921.69
2026-05-04 03:00,SP-IDF-04,3.79,59.71,369.83,-909.77
2026-05-04 04:00,SP-IDF-04,4.01,64.69,373.97,-918.86
2026-05-04 05:00,SP-IDF-04,3.83,64.31,402.57,-856.42
2026-05-04 06:00,SP-IDF-04,4.22,65.8,402.21,-914.34
2026-05-04 07:00,SP-IDF-04,3.92,62.65,388.79,-879.57
2026-05-04 08:00,SP-IDF-04,3.93,66.23,358.28,-881.63
2026-05-04 09:00,SP-IDF-04,3.85,61.35,379.93,-865.99
2026-05-04 10:00,SP-IDF-04,3.75,62.14,372.11,-929.27
2026-05-04 11:00,SP-IDF-04,3.61,60.74,355.8,-961.65
2026-05-04 12:00,SP-IDF-04,3.37,61.48,313.93,-950.7
2026-05-04 13:00,SP-IDF-04,3.48,60.78,359.73,-989.7
2026-05-04 14:00,SP-IDF-04,3.3,57.83,332.0,-989.35
2026-05-04 15:00,SP-IDF-04,3.09,59.57,334.57,-972.01
2026-05-04 16:00,SP-IDF-04,3.19,55.02,319.42,-1021.37
2026-05-04 17:00,SP-IDF-04,3.21,50.93,308.1,-997.14
2026-05-04 18:00,SP-IDF-04,2.97,57.7,298.22,-1008.54
2026-05-04 19:00,SP-IDF-04,3.14,56.91,306.55,-1029.76
2026-05-04 20:00,SP-IDF-04,2.95,57.26,292.79,-1012.0
2026-05-04 21:00,SP-IDF-04,3.31,55.37,315.19,-1003.45
2026-05-04 22:00,SP-IDF-04,3.43,56.8,340.5,-957.41
2026-05-04 23:00,SP-IDF-04,3.43,56.21,335.76,-943.57
2026-05-05 00:00,SP-IDF-04,3.47,63.16,342.89,-922.18
2026-05-05 01:00,SP-IDF-04,3.49,61.61,348.75,-968.02
2026-05-05 02:00,SP-IDF-04,3.58,65.77,362.9,-908.22
2026-05-05 03:00,SP-IDF-04,4.19,64.15,362.21,-874.25
2026-05-05 04:00,SP-IDF-04,4.17,65.7,366.78,-902.64
2026-05-05 05:00,SP-IDF-04,3.79,63.45,371.84,-904.19
2026-05-05 06:00,SP-IDF-04,4.0,62.54,326.76,-904.16
2026-05-05 07:00,SP-IDF-04,4.25,63.49,357.84,-893.4
2026-05-05 08:00,SP-IDF-04,4.07,66.5,374.71,-903.78
2026-05-05 09:00,SP-IDF-04,3.79,59.66,389.92,-896.42
2026-05-05 10:00,SP-IDF-04,3.66,62.49,361.67,-947.17
2026-05-05 11:00,SP-IDF-04,3.84,60.6,360.18,-914.03
2026-05-05 12:00,SP-IDF-04,3.85,61.53,351.38,-920.12
2026-05-05 13:00,SP-IDF-04,3.82,53.91,328.27,-957.9
2026-05-05 14:00,SP-IDF-04,3.3,57.22,324.78,-947.85
2026-05-05 15:00,SP-IDF-04,3.36,57.56,331.47,-1021.16
2026-05-05 16:00,SP-IDF-04,2.69,52.44,320.63,-968.25
2026-05-05 17:00,SP-IDF-04,2.6,54.38,285.93,-1001.63
2026-05-05 18:00,SP-IDF-04,3.19,55.58,326.81,-1015.59
2026-05-05 19:00,SP-IDF-04,2.81,50.58,307.89,-1030.92
2026-05-05 20:00,SP-IDF-04,2.81,53.15,299.2,-987.79
2026-05-05 21:00,SP-IDF-04,2.96,57.73,297.06,-970.99
2026-05-05 22:00,SP-IDF-04,3.26,56.83,295.56,-1050.15
2026-05-05 23:00,SP-IDF-04,3.1,59.66,323.57,-926.59
2026-05-06 00:00,SP-IDF-04,3.49,57.77,332.74,-970.68
2026-05-06 01:00,SP-IDF-04,3.78,59.62,343.51,-984.61
2026-05-06 02:00,SP-IDF-04,3.93,64.37,352.54,-936.8
2026-05-06 03:00,SP-IDF-04,4.03,62.86,369.44,-896.3
2026-05-06 04:00,SP-IDF-04,4.63,57.98,376.07,-875.75
2026-05-06 05:00,SP-IDF-04,3.94,62.96,374.4,-924.11
2026-05-06 06:00,SP-IDF-04,4.1,66.06,361.2,-845.28
2026-05-06 07:00,SP-IDF-04,3.89,67.57,372.92,-812.33
2026-05-06 08:00,SP-IDF-04,4.26,64.0,362.39,-927.66
2026-05-06 09:00,SP-IDF-04,3.62,65.99,360.57,-911.06
2026-05-06 10:00,SP-IDF-04,3.75,62.34,357.21,-932.37
2026-05-06 11:00,SP-IDF-04,3.75,56.67,359.69,-945.94
2026-05-06 12:00,SP-IDF-04,3.06,60.93,319.33,-946.16
2026-05-06 13:00,SP-IDF-04,3.34,58.7,325.46,-946.89
2026-05-06 14:00,SP-IDF-04,2.82,59.66,314.9,-951.14
2026-05-06 15:00,SP-IDF-04,2.69,56.3,331.89,-949.29
2026-05-06 16:00,SP-IDF-04,3.42,56.47,319.39,-1030.9
2026-05-06 17:00,SP-IDF-04,2.47,55.43,307.41,-994.12
2026-05-06 18:00,SP-IDF-04,2.79,53.38,321.76,-1025.64
2026-05-06 19:00,SP-IDF-04,3.17,54.16,303.86,-987.7
2026-05-06 20:00,SP-IDF-04,2.66,58.29,327.98,-981.29
2026-05-06 21:00,SP-IDF-04,3.15,58.26,326.9,-992.1
2026-05-06 22:00,SP-IDF-04,3.02,56.53,339.84,-1010.76
2026-05-06 23:00,SP-IDF-04,3.42,59.64,342.41,-958.35
2026-05-07 00:00,SP-IDF-04,3.82,61.13,337.97,-960.85
2026-05-07 01:00,SP-IDF-04,3.49,63.15,319.25,-929.35
2026-05-07 02:00,SP-IDF-04,3.85,63.7,379.37,-917.9
2026-05-07 03:00,SP-IDF-04,3.79,64.44,339.41,-896.19
2026-05-07 04:00,SP-IDF-04,3.84,65.3,367.39,-946.36
2026-05-07 05:00,SP-IDF-04,4.12,63.39,390.72,-894.74
2026-05-07 06:00,SP-IDF-04,4.01,62.07,356.33,-874.22
2026-05-07 07:00,SP-IDF-04,4.14,64.62,380.54,-901.47
2026-05-07 08:00,SP-IDF-04,4.12,62.8,368.54,-882.12
2026-05-07 09:00,SP-IDF-04,3.55,68.11,351.11,-880.18
2026-05-07 10:00,SP-IDF-04,3.73,63.23,355.55,-905.45
2026-05-07 11:00,SP-IDF-04,3.84,61.44,339.2,-938.75
2026-05-07 12:00,SP-IDF-04,3.46,60.03,349.74,-959.33
2026-05-07 13:00,SP-IDF-04,3.73,58.95,341.04,-1002.25
2026-05-07 14:00,SP-IDF-04,3.18,55.34,340.59,-1007.27
2026-05-07 15:00,SP-IDF-04,2.97,54.99,298.51,-930.96
2026-05-07 16:00,SP-IDF-04,2.49,55.83,298.84,-995.23
2026-05-07 17:00,SP-IDF-04,3.01,53.72,292.89,-995.76
2026-05-07 18:00,SP-IDF-04,2.67,55.89,309.7,-1006.31
2026-05-07 19:00,SP-IDF-04,2.78,55.25,307.47,-1025.57
2026-05-07 20:00,SP-IDF-04,2.46,52.79,326.97,-989.99
2026-05-07 21:00,SP-IDF-04,2.91,57.88,320.29,-1012.24
2026-05-07 22:00,SP-IDF-04,3.58,59.7,318.72,-1000.48
2026-05-07 23:00,SP-IDF-04,3.43,59.64,323.67,-1017.97
2026-05-08 00:00,SP-IDF-04,3.55,59.82,359.86,-957.58
2026-05-08 01:00,SP-IDF-04,3.92,60.65,341.14,-912.77
2026-05-08 02:00,SP-IDF-04,3.7,60.01,349.39,-928.67
2026-05-08 03:00,SP-IDF-04,3.9,64.72,371.55,-924.76
2026-05-08 04:00,SP-IDF-04,4.24,64.62,380.2,-881.13
2026-05-08 05:00,SP-IDF-04,4.52,64.1,355.49,-913.04
2026-05-08 06:00,SP-IDF-04,4.17,66.2,388.53,-881.79
2026-05-08 07:00,SP-IDF-04,4.26,63.97,364.41,-915.93
2026-05-08 08:00,SP-IDF-04,4.09,63.79,402.99,-922.22
2026-05-08 09:00,SP-IDF-04,4.13,60.55,389.48,-880.15
2026-05-08 10:00,SP-IDF-04,4.15,61.78,333.42,-935.19
2026-05-08 11:00,SP-IDF-04,3.69,60.61,331.52,-901.64
2026-05-08 12:00,SP-IDF-04,3.62,57.1,325.11,-933.49
2026-05-08 13:00,SP-IDF-04,3.2,57.51,341.93,-990.63
2026-05-08 14:00,SP-IDF-04,3.24,54.75,312.44,-957.96
2026-05-08 15:00,SP-IDF-04,2.91,57.49,315.57,-939.09
2026-05-08 16:00,SP-IDF-04,2.99,53.34,313.01,-1005.18
2026-05-08 17:00,SP-IDF-04,3.37,54.87,323.28,-1043.93
2026-05-08 18:00,SP-IDF-04,2.83,54.33,298.73,-984.66
2026-05-08 19:00,SP-IDF-04,2.77,54.99,313.58,-985.58
2026-05-08 20:00,SP-IDF-04,2.86,59.7,308.21,-1060.51
2026-05-08 21:00,SP-IDF-04,3.3,59.15,318.05,-965.13
2026-05-08 22:00,SP-IDF-04,3.43,61.21,317.91,-989.02
2026-05-08 23:00,SP-IDF-04,3.61,57.49,338.89,-943.47
2026-05-09 00:00,SP-IDF-04,4.15,59.69,352.12,-907.79
2026-05-09 01:00,SP-IDF-04,3.55,57.05,361.9,-971.32
2026-05-09 02:00,SP-IDF-04,3.63,60.26,365.15,-947.73
2026-05-09 03:00,SP-IDF-04,3.92,65.76,359.28,-937.11
2026-05-09 04:00,SP-IDF-04,3.74,66.81,374.8,-912.22
2026-05-09 05:00,SP-IDF-04,4.0,65.3,371.06,-909.16
2026-05-09 06:00,SP-IDF-04,3.86,66.34,380.0,-872.6
2026-05-09 07:00,SP-IDF-04,3.8,64.24,379.29,-888.32
2026-05-09 08:00,SP-IDF-04,3.91,65.39,370.04,-893.67
2026-05-09 09:00,SP-IDF-04,4.06,64.59,354.46,-873.32
2026-05-09 10:00,SP-IDF-04,4.14,62.45,343.84,-914.17
2026-05-09 11:00,SP-IDF-04,3.8,60.92,371.21,-916.78
2026-05-09 12:00,SP-IDF-04,3.59,59.72,344.27,-966.64
2026-05-09 13:00,SP-IDF-04,3.37,61.42,340.45,-970.6
2026-05-09 14:00,SP-IDF-04,3.0,57.04,324.69,-1018.99
2026-05-09 15:00,SP-IDF-04,2.6,56.08,307.38,-1053.26
2026-05-09 16:00,SP-IDF-04,2.84,57.76,325.33,-1016.92
2026-05-09 17:00,SP-IDF-04,2.95,51.71,294.62,-1011.12
2026-05-09 18:00,SP-IDF-04,2.66,57.61,292.68,-1025.84
2026-05-09 19:00,SP-IDF-04,2.6,53.01,323.08,-1010.28
2026-05-09 20:00,SP-IDF-04,2.95,54.2,324.19,-1063.58
2026-05-09 21:00,SP-IDF-04,3.1,56.98,292.63,-973.61
2026-05-09 22:00,SP-IDF-04,3.0,57.22,303.68,-944.25
2026-05-09 23:00,SP-IDF-04,2.82,59.32,335.36,-986.62
2026-05-10 00:00,SP-IDF-04,4.03,60.84,316.79,-929.91
2026-05-10 01:00,SP-IDF-04,3.67,62.87,352.46,-913.67
2026-05-10 02:00,SP-IDF-04,3.5,62.96,352.35,-930.04
2026-05-10 03:00,SP-IDF-04,4.03,65.23,353.66,-919.82
2026-05-10 04:00,SP-IDF-04,4.37,68.71,383.51,-880.35
2026-05-10 05:00,SP-IDF-04,4.12,62.43,377.21,-902.06
2026-05-10 06:00,SP-IDF-04,3.68,63.24,387.49,-836.03
2026-05-10 07:00,SP-IDF-04,4.39,64.39,376.06,-873.63
2026-05-10 08:00,SP-IDF-04,4.17,67.34,375.03,-859.49
2026-05-10 09:00,SP-IDF-04,4.12,62.13,331.87,-902.92
2026-05-10 10:00,SP-IDF-04,3.9,63.1,349.92,-873.43
2026-05-10 11:00,SP-IDF-04,3.61,63.4,338.54,-930.09
2026-05-10 12:00,SP-IDF-04,3.91,61.28,335.66,-941.45
2026-05-10 13:00,SP-IDF-04,3.5,59.73,326.26,-936.81
2026-05-10 14:00,SP-IDF-04,3.56,57.7,311.68,-1001.3
2026-05-10 15:00,SP-IDF-04,2.8,56.29,328.29,-987.63
2026-05-10 16:00,SP-IDF-04,3.1,55.55,331.2,-964.98
2026-05-10 17:00,SP-IDF-04,2.69,52.86,303.19,-946.68
2026-05-10 18:00,SP-IDF-04,3.2,55.96,319.09,-1010.54
2026-05-10 19:00,SP-IDF-04,3.19,54.29,283.6,-1014.58
2026-05-10 20:00,SP-IDF-04,2.58,58.37,301.53,-1015.24
2026-05-10 21:00,SP-IDF-04,3.51,57.17,318.48,-1048.99
2026-05-10 22:00,SP-IDF-04,3.15,59.5,326.92,-959.6
2026-05-10 23:00,SP-IDF-04,3.52,61.83,311.07,-957.12
2026-05-11 00:00,SP-IDF-04,3.07,62.5,363.68,-970.82
2026-05-11 01:00,SP-IDF-04,3.69,61.31,336.78,-953.43
2026-05-11 02:00,SP-IDF-04,3.67,64.81,364.92,-907.24
2026-05-11 03:00,SP-IDF-04,3.74,64.84,378.27,-877.47
2026-05-11 04:00,SP-IDF-04,3.74,62.74,373.58,-869.59
2026-05-11 05:00,SP-IDF-04,3.73,66.92,380.24,-863.2
2026-05-11 06:00,SP-IDF-04,3.93,64.92,369.84,-882.39
2026-05-11 07:00,SP-IDF-04,4.28,60.3,350.35,-888.5
2026-05-11 08:00,SP-IDF-04,4.14,65.68,356.61,-907.52
2026-05-11 09:00,SP-IDF-04,3.77,65.7,359.06,-867.36
2026-05-11 10:00,SP-IDF-04,3.86,61.06,355.8,-935.27
2026-05-11 11:00,SP-IDF-04,3.89,61.2,328.87,-931.95
2026-05-11 12:00,SP-IDF-04,3.63,58.74,342.56,-949.86
2026-05-11 13:00,SP-IDF-04,3.24,56.92,316.39,-933.97
2026-05-11 14:00,SP-IDF-04,3.11,58.17,335.84,-1004.35
2026-05-11 15:00,SP-IDF-04,3.25,54.95,312.6,-977.04
2026-05-11 16:00,SP-IDF-04,3.04,57.88,318.43,-1028.18
2026-05-11 17:00,SP-IDF-04,2.7,57.49,311.39,-1004.89
2026-05-11 18:00,SP-IDF-04,3.16,59.42,327.59,-1038.52
2026-05-11 19:00,SP-IDF-04,2.85,61.11,308.2,-995.4
2026-05-11 20:00,SP-IDF-04,2.63,54.02,305.34,-997.9
2026-05-11 21:00,SP-IDF-04,2.79,57.48,334.69,-1000.08
2026-05-11 22:00,SP-IDF-04,3.31,56.19,313.89,-991.97
2026-05-11 23:00,SP-IDF-04,3.62,61.71,353.0,-986.15
2026-05-12 00:00,SP-IDF-04,3.32,59.59,329.95,-950.44
2026-05-12 01:00,SP-IDF-04,3.49,62.41,349.63,-934.71
2026-05-12 02:00,SP-IDF-04,3.81,66.74,335.0,-877.09
2026-05-12 03:00,SP-IDF-04,4.62,64.38,368.96,-889.96
2026-05-12 04:00,SP-IDF-04,4.19,64.46,325.82,-880.01
2026-05-12 05:00,SP-IDF-04,4.12,68.16,392.02,-932.38
2026-05-12 06:00,SP-IDF-04,4.33,66.37,357.54,-902.99
2026-05-12 07:00,SP-IDF-04,3.99,65.52,371.93,-876.25
2026-05-12 08:00,SP-IDF-04,3.97,59.58,363.71,-863.04
2026-05-12 09:00,SP-IDF-04,3.77,64.98,367.84,-932.41
2026-05-12 10:00,SP-IDF-04,3.74,61.75,364.45,-942.46
2026-05-12 11:00,SP-IDF-04,4.16,58.12,372.59,-919.19
2026-05-12 12:00,SP-IDF-04,3.91,62.89,334.26,-988.87
2026-05-12 13:00,SP-IDF-04,3.54,57.0,330.5,-924.4
2026-05-12 14:00,SP-IDF-04,3.43,56.35,324.32,-978.44
2026-05-12 15:00,SP-IDF-04,3.01,55.62,300.13,-960.64
2026-05-12 16:00,SP-IDF-04,3.09,55.31,322.96,-985.63
2026-05-12 17:00,SP-IDF-04,2.7,53.69,287.06,-1053.03
2026-05-12 18:00,SP-IDF-04,2.67,50.87,297.03,-999.8
2026-05-12 19:00,SP-IDF-04,2.56,51.85,302.13,-992.82
2026-05-12 20:00,SP-IDF-04,3.34,57.64,293.38,-1014.02
2026-05-12 21:00,SP-IDF-04,2.64,53.06,336.17,-992.44
2026-05-12 22:00,SP-IDF-04,3.31,58.03,305.72,-1002.29
2026-05-12 23:00,SP-IDF-04,3.28,55.99,339.03,-948.29
2026-05-13 00:00,SP-IDF-04,3.5,58.51,329.56,-988.38
2026-05-13 01:00,SP-IDF-04,4.17,61.65,353.99,-914.09
2026-05-13 02:00,SP-IDF-04,3.85,66.02,358.02,-905.57
2026-05-13 03:00,SP-IDF-04,3.86,65.69,383.9,-881.78
2026-05-13 04:00,SP-IDF-04,4.02,62.72,371.61,-877.96
2026-05-13 05:00,SP-IDF-04,3.9,66.06,349.71,-881.88
2026-05-13 06:00,SP-IDF-04,3.88,63.99,388.97,-891.4
2026-05-13 07:00,SP-IDF-04,4.24,61.73,365.21,-908.9
2026-05-13 08:00,SP-IDF-04,4.09,64.5,375.53,-901.64
2026-05-13 09:00,SP-IDF-04,3.65,64.78,365.92,-911.41
2026-05-13 10:00,SP-IDF-04,3.89,65.78,354.31,-900.43
2026-05-13 11:00,SP-IDF-04,3.62,62.42,351.1,-919.7
2026-05-13 12:00,SP-IDF-04,3.62,62.47,313.11,-936.06
2026-05-13 13:00,SP-IDF-04,3.29,57.73,329.65,-969.74
2026-05-13 14:00,SP-IDF-04,3.03,56.55,285.81,-1005.59
2026-05-13 15:00,SP-IDF-04,2.76,56.95,306.16,-986.69
2026-05-13 16:00,SP-IDF-04,3.14,56.93,323.83,-966.83
2026-05-13 17:00,SP-IDF-04,2.58,54.92,311.71,-1027.92
2026-05-13 18:00,SP-IDF-04,2.66,53.52,306.32,-1004.64
2026-05-13 19:00,SP-IDF-04,2.96,58.58,283.23,-1015.56
2026-05-13 20:00,SP-IDF-04,2.64,57.13,303.61,-1046.8
2026-05-13 21:00,SP-IDF-04,3.02,55.51,309.3,-986.07
2026-05-13 22:00,SP-IDF-04,3.3,59.23,328.51,-981.69
2026-05-13 23:00,SP-IDF-04,3.73,57.76,358.93,-934.72
2026-05-14 00:00,SP-IDF-04,2.91,57.79,354.13,-940.25
2026-05-14 01:00,SP-IDF-04,4.21,65.16,329.42,-920.08
2026-05-14 02:00,SP-IDF-04,3.55,64.08,354.49,-958.9
2026-05-14 03:00,SP-IDF-04,3.87,64.11,338.89,-935.45
2026-05-14 04:00,SP-IDF-04,4.22,62.4,365.8,-891.21
2026-05-14 05:00,SP-IDF-04,3.78,64.28,359.82,-900.61
2026-05-14 06:00,SP-IDF-04,4.21,61.68,396.06,-861.14
2026-05-14 07:00,SP-IDF-04,4.23,66.21,386.64,-857.81
2026-05-14 08:00,SP-IDF-04,3.85,64.78,372.34,-913.59
2026-05-14 09:00,SP-IDF-04,4.57,64.16,364.01,-977.13
2026-05-14 10:00,SP-IDF-04,3.94,61.31,367.21,-933.88
2026-05-14 11:00,SP-IDF-04,3.91,60.85,365.25,-935.22
2026-05-14 12:00,SP-IDF-04,3.56,58.56,337.74,-940.23
2026-05-14 13:00,SP-IDF-04,3.57,56.66,320.91,-965.4
2026-05-14 14:00,SP-IDF-04,3.28,58.31,344.91,-954.75
2026-05-14 15:00,SP-IDF-04,3.39,55.83,301.95,-959.35
2026-05-14 16:00,SP-IDF-04,2.84,55.34,322.1,-1055.78
2026-05-14 17:00,SP-IDF-04,2.85,55.12,321.29,-1004.43
2026-05-14 18:00,SP-IDF-04,3.04,56.03,295.5,-994.85
2026-05-14 19:00,SP-IDF-04,3.04,53.06,306.44,-1034.06
2026-05-14 20:00,SP-IDF-04,3.22,54.21,324.33,-984.07
2026-05-14 21:00,SP-IDF-04,2.88,53.34,329.87,-1001.87
2026-05-14 22:00,SP-IDF-04,3.28,58.05,315.81,-988.71
2026-05-14 23:00,SP-IDF-04,3.23,56.76,357.91,-962.2
2026-05-15 00:00,SP-IDF-04,3.22,59.5,347.09,-993.93
2026-05-15 01:00,SP-IDF-04,3.31,56.27,326.07,-934.23
2026-05-15 02:00,SP-IDF-04,3.67,61.48,352.85,-904.53
2026-05-15 03:00,SP-IDF-04,3.93,63.64,353.1,-907.72
2026-05-15 04:00,SP-IDF-04,3.71,65.97,356.51,-910.79
2026-05-15 05:00,SP-IDF-04,4.2,67.7,369.83,-886.65
2026-05-15 06:00,SP-IDF-04,3.64,67.49,355.13,-874.81
2026-05-15 07:00,SP-IDF-04,4.12,68.58,378.52,-878.52
2026-05-15 08:00,SP-IDF-04,4.39,65.65,366.88,-861.28
2026-05-15 09:00,SP-IDF-04,3.77,64.25,386.25,-962.84
2026-05-15 10:00,SP-IDF-04,4.1,64.95,353.0,-894.97
2026-05-15 11:00,SP-IDF-04,4.23,59.6,348.66,-854.35
2026-05-15 12:00,SP-IDF-04,3.18,59.13,348.47,-935.69
2026-05-15 13:00,SP-IDF-04,3.16,58.22,332.73,-967.62
2026-05-15 14:00,SP-IDF-04,3.07,55.76,316.2,-949.21
2026-05-15 15:00,SP-IDF-04,2.98,57.0,338.88,-994.16
2026-05-15 16:00,SP-IDF-04,2.52,57.54,309.06,-975.24
2026-05-15 17:00,SP-IDF-04,3.16,57.67,314.11,-985.34
2026-05-15 18:00,SP-IDF-04,2.67,58.46,300.33,-1020.37
2026-05-15 19:00,SP-IDF-04,2.97,52.82,312.07,-959.12
2026-05-15 20:00,SP-IDF-04,3.06,54.71,288.23,-1034.79
2026-05-15 21:00,SP-IDF-04,2.89,52.17,308.82,-985.67
2026-05-15 22:00,SP-IDF-04,3.52,57.92,321.02,-932.6
2026-05-15 23:00,SP-IDF-04,2.98,56.58,302.73,-951.6
